0.000000,-0.007080,0.945923,-0.190430,0.054321,-0.020752,0

0.000854,0.002563,0.987305,-0.007324,-0.311890,-0.081787,0

0.016724,0.012573,0.995361,0.053711,-0.250854,0.040283,0

0.000977,0.005859,1.003052,-0.068359,-0.006714,0.040283,0

0.007935,0.011108,0.997437,0.053711,-0.189819,-0.020752,0

0.016235,0.013550,1.009766,-0.007324,-0.006714,0.040283,0

-0.002075,0.005127,1.014526,0.053711,-0.006714,-0.020752,0

0.009277,0.008301,1.003540,0.053711,-0.250854,-0.020752,0

0.014404,0.007202,0.999512,-0.068359,0.115356,0.040283,0

-0.000610,0.004395,1.010620,-0.007324,0.054321,-0.020752,0

0.009399,0.010986,1.005249,-0.007324,-0.189819,-0.020752,0

0.014038,0.009155,1.003418,-0.129395,0.115356,-0.020752,0

-0.001099,0.006470,1.013306,-0.007324,0.115356,-0.020752,0

0.008179,0.006592,1.004639,0.114746,-0.128784,-0.020752,0

0.010864,0.006226,1.004028,-0.129395,0.115356,-0.020752,0

-0.001221,0.004517,1.011719,-0.007324,-0.006714,-0.020752,0

0.010620,0.010010,1.001587,0.053711,-0.189819,0.040283,0

0.008423,0.006958,1.000732,-0.129395,0.176392,-0.020752,0

0.000610,0.006348,1.006714,0.114746,-0.006714,0.040283,0

0.010742,0.009888,0.999023,-0.007324,-0.189819,0.040283,0

0.006592,0.003906,1.001587,-0.068359,0.115356,0.040283,0

-0.001587,0.005493,1.004395,0.053711,-0.067749,0.040283,0

0.009888,0.009766,0.997925,-0.007324,-0.128784,0.101318,0

0.005005,0.004761,1.001709,-0.068359,0.054321,0.101318,0

-0.001099,0.007568,1.003784,0.114746,0.054321,0.040283,0

0.021729,0.000732,0.995117,-0.068359,-0.067749,-0.020752,0

0.005127,0.003418,0.989990,0.053711,0.176392,0.040283,0

0.405151,-0.305176,0.970703,21.110840,-1.532593,-3.621826,0

0.303589,-0.096558,1.283691,21.843262,14.275513,-54.891357,0

0.175293,0.734009,1.570312,297.661133,156.975708,35.074463,0

-0.082397,0.174561,1.099243,-80.024414,126.946411,-72.408447,0

-0.324341,0.152344,1.078613,-112.556152,-43.097534,-79.183350,0

-0.187500,-0.102905,1.113403,29.289551,-253.058472,-95.845947,0

0.459717,0.098389,1.254883,-319.953613,-175.299683,34.952393,0

-0.045044,0.054810,0.754883,-218.574219,-39.435425,-28.280029,0

-0.088867,-0.254517,0.991699,-104.377441,-52.619019,-78.084717,0

0.251831,-0.892700,0.445557,12.382812,-17.951050,-108.480225,0

0.018799,-0.380981,0.678955,376.152344,37.957153,-34.749756,0

-0.001587,0.793701,1.669678,71.098633,11.895142,38.675537,0

0.390137,0.352295,0.921875,-105.720215,96.062622,-65.267334,0

0.426025,0.235840,0.666504,33.317871,76.409302,-161.031494,0

0.410400,-0.032593,0.301392,85.808105,12.627563,-202.840576,0

0.277344,-0.634644,0.155273,145.073242,-29.059448,-158.529053,0

0.345215,-0.691895,0.293457,344.963379,-37.421265,74.747314,0

0.900879,1.557617,1.030151,754.265137,79.888306,238.565674,0

0.605835,2.938843,0.917969,639.091797,319.512329,163.370361,0

0.850830,2.057251,-0.230835,400.078125,447.442017,-14.364014,0

0.565918,1.127441,-1.055908,412.224121,408.196411,-80.159912,0

-0.006470,0.959595,-1.192139,378.776855,175.408325,6.082764,0

0.277466,1.015869,-0.837402,166.069336,-276.557007,-84.127197,0

1.194824,1.344360,-0.214722,232.902832,-395.758667,-257.711182,0

0.941650,0.715576,-0.477661,114.494629,-378.119507,-308.614502,0

-0.600830,0.125366,-0.516724,-52.375488,-287.787476,-202.779541,0

-0.620972,-0.100586,-0.798584,-18.867188,-266.303101,-233.358154,0

0.092163,-0.321411,0.188721,-67.939453,-401.984253,-166.829834,0

0.314209,-0.541138,1.399048,-106.269531,-233.954468,-24.129639,0

0.230957,-0.000977,0.776611,-199.653320,151.055298,117.105713,0

0.624268,0.885864,-0.701294,-200.629883,314.080200,146.158447,0

0.398315,1.556030,-1.342407,-119.941406,380.669556,172.891846,0

0.582397,1.152710,-0.637451,-153.449707,236.077271,168.558350,0

0.303101,1.145386,-0.986450,-170.905762,247.124634,152.261963,0

-0.001953,0.668701,-0.943848,-64.521484,70.000610,153.299561,0

-0.218750,1.055420,-1.406250,-110.664062,-140.997925,167.459717,0

-0.034546,1.837891,-1.410889,-34.858398,-360.358276,225.321045,0

-0.080078,1.577393,-0.813965,-23.139648,-449.835815,189.371338,0

-0.239380,1.395630,-1.085449,51.811523,-361.823120,86.710205,0

0.157471,1.401123,-0.913574,58.708496,-476.080933,54.056396,0

0.793945,1.247559,-0.084595,-41.083984,-595.221558,9.866943,0

0.481323,0.645142,0.730835,-24.543457,-405.646362,-75.460205,0

0.111450,0.938110,1.220215,171.013184,-125.189819,-55.318604,0

-0.146362,1.108276,0.993408,62.004395,-7.086792,-84.066162,0

-0.445557,1.098389,0.956787,1.091309,35.332642,-77.657471,0

-0.492676,0.564209,0.880371,-29.670410,48.333130,-90.657959,0

-0.858521,0.469971,0.835571,15.312500,74.395142,-70.455322,0

-1.006592,0.204468,0.969482,-56.525879,29.168091,-45.919189,0

-1.429565,0.181152,0.452515,-107.490234,91.240845,-30.050049,0

-1.272583,-0.028076,0.285278,-123.054199,151.970825,-105.977783,0

-0.808350,-0.326416,0.095947,-81.062012,146.965942,-143.270264,0

-0.371704,0.151978,0.240967,-79.597168,92.583618,-113.851318,0

-0.415161,0.722412,0.147949,-207.221680,68.840942,-69.051514,0

-0.398315,1.090942,0.265869,-194.648438,47.295532,-48.604736,0

-0.358154,0.916992,0.026001,-282.478027,52.178345,6.021729,0

-0.639038,-0.009766,-0.406738,-325.935059,23.125610,29.215088,0

-0.947510,0.614380,-0.207275,-227.668457,35.576782,124.490967,0

-1.363403,0.840942,-0.296143,-149.665527,91.607056,89.945068,0

-1.153076,0.660156,0.029541,-96.870117,51.751099,19.510498,0

-1.081055,0.845215,-0.062256,-39.069824,35.393677,76.578369,0

-0.807739,0.681396,-0.510132,64.079590,80.925903,40.811768,0

-0.787598,0.032715,-0.647095,-10.078125,34.844360,157.205811,0

-0.427612,0.812500,-0.390625,-7.026367,-61.896362,137.247314,0

0.420166,0.235596,-0.202271,57.304688,-50.665894,70.169678,0

1.742310,1.677612,-0.090576,6.279297,-43.036499,31.961670,0

1.056396,2.662354,0.846313,-150.947266,-161.017456,81.888428,0

1.444580,1.627319,0.413086,-299.323730,83.062134,-113.729248,0

0.251099,0.825684,-0.043091,-311.958008,51.018677,-99.874268,0

-0.821533,0.269043,-0.052856,-180.793457,15.923462,-80.159912,0

-1.328125,0.122803,0.048584,-89.118652,-154.303589,-114.095459,0

-1.075806,0.402832,1.423340,131.706543,-121.039429,-105.611572,0

-1.139893,0.121094,1.084717,48.820801,-126.959839,-98.470459,0

-0.829590,0.325806,1.344849,87.761230,8.171997,-54.586182,0

-1.225342,0.195312,0.461182,68.901367,2.068481,28.787842,0

-1.440186,0.343750,-0.031128,20.805664,-4.584351,31.900635,0

-1.481934,0.177612,0.187134,41.435547,-23.200073,23.660889,0

-0.907715,0.430664,0.272217,88.066406,-111.578979,-16.744385,0

-0.037109,0.744873,0.476562,141.350098,-84.052124,-21.322021,0

1.235962,0.715820,-0.260132,236.442871,72.747192,-84.859619,0

1.524902,1.426147,0.702026,288.688965,-83.563843,164.224854,0

1.156372,1.789185,0.661987,333.793945,250.847778,-104.818115,0

1.244385,0.739014,-0.998657,277.153320,321.709595,-238.363037,0

0.145996,0.443604,-0.784668,-97.907715,-11.298218,-73.690186,0

-1.080322,0.161743,-0.456787,-68.916016,-61.591187,-66.121826,0

-1.080322,0.859985,-0.768921,121.574707,-100.409546,-11.007080,0

-0.511719,-0.290161,-0.431030,172.355957,-148.993530,77.738037,0

0.049561,0.014038,0.105347,345.146484,-256.720581,241.373291,0

-0.587891,0.826294,0.682251,186.333008,-95.587769,279.642334,0

-0.330322,1.563599,-0.431274,105.339355,413.445435,-32.552490,0

0.709839,1.378662,-2.563354,13.664551,676.018677,-295.675049,0

1.712280,-0.012573,-2.299438,-106.757812,393.181763,-214.376221,0

0.842896,0.917236,-0.067261,-18.623047,-61.163940,277.689209,0

0.903076,0.418579,-0.884766,-386.481934,-308.844604,-145.101318,0

0.168457,0.940552,-1.937378,-547.919922,-500.128784,130.228271,0

-0.079346,2.464844,-1.830078,-3.608398,-232.001343,-271.566162,0

2.153198,1.306152,-0.702393,-164.191895,-646.246948,-416.463623,0

2.741821,-0.405151,-0.361206,-453.620605,-565.497437,-438.436279,0

1.268799,-0.505127,-0.496216,-164.680176,-258.246460,-265.767822,0

0.881592,-0.669800,-0.232422,113.457031,-419.989624,-174.947510,0

2.279175,2.321289,1.527588,609.672852,-505.255737,125.284424,0

1.994995,1.410278,3.362061,-425.422363,-82.709351,7.181396,0

1.465088,0.923340,1.083862,-113.044434,251.702271,-222.188721,0

1.586060,0.482056,1.656494,39.360352,386.712036,-331.929932,0

1.509766,0.474976,0.752686,-40.107422,513.909302,-417.623291,0

2.421387,-0.090088,0.038940,-130.378418,707.634888,-397.969971,0

2.066650,-0.826294,-1.101562,27.397461,723.687134,-162.740479,0

1.335693,-0.373047,-0.412109,-221.381836,405.999146,-73.629150,0

1.905151,-0.096191,-0.338745,-93.391113,494.317017,19.754639,0

1.023926,-0.036011,-1.083862,-17.524414,442.620239,-44.454346,0

1.156494,-0.036255,-0.545776,-36.384277,236.504517,-102.437744,0

1.703735,0.475098,-1.010498,-210.395508,97.466431,-124.105225,0

1.662720,1.037598,-1.531616,-297.004395,-11.664429,-39.083252,0

1.248657,1.700806,-1.658936,-358.283691,-310.980835,-107.381592,0

1.728882,1.041382,-1.109741,-596.320801,-462.164917,-331.685791,0

0.892700,1.001465,-0.824951,-486.884766,-278.388062,-394.124756,0

0.564331,0.400391,-0.550415,-356.635742,-183.844604,-371.236572,0

-0.189575,0.442993,-0.043823,-45.844727,-147.833862,-183.065186,0

-0.392090,1.037964,0.920898,209.282227,-254.157104,-233.907471,0

-0.072266,1.427124,0.961182,-68.366699,-281.806030,-102.315674,0

0.611328,0.817993,2.434326,49.553223,-202.887573,-109.578857,0

0.327881,1.320312,1.759888,-146.918945,148.858032,-103.536377,0

0.639160,0.514038,0.826050,-235.786133,292.351685,-146.383057,0

0.809937,0.012329,-0.100098,-108.833008,464.470825,-131.856689,0

0.708374,-0.181885,-0.258301,-55.244141,472.771606,-14.364014,0

0.421387,0.210449,-0.658813,-185.981445,374.566040,117.166748,0

0.227905,0.568115,-0.403198,-259.406738,213.189087,219.644775,0

0.258301,1.275635,-0.270386,-230.415039,197.686157,272.012939,0

-0.045288,2.448242,-1.394409,-154.426270,197.930298,125.589600,0

-0.175659,1.890259,-1.287598,-137.153320,-28.693237,-88.521729,0

0.179932,1.290527,-0.742798,-43.159180,-120.429077,-286.580811,0

0.153809,0.869629,-0.465332,-47.675781,-163.092651,-356.160889,0

0.058350,0.482666,-0.191650,-69.892578,-161.627808,-390.645752,0

-0.019897,0.048218,-0.190430,-169.318848,-162.543335,-400.899658,0

0.260864,-0.408691,-0.347046,-230.903320,-194.403687,-407.369385,0

0.220581,-0.824463,-0.078857,63.164062,-183.112183,-340.169678,0

0.758057,-0.398315,0.313232,195.305176,-251.044312,-344.808350,0

1.587036,-0.537598,0.556763,306.389160,-298.712769,-316.854248,0

1.677246,-0.227051,1.614624,525.505371,-133.734741,-97.371826,0

1.728394,-0.004883,1.632935,81.047363,60.967407,63.028564,0

1.575806,-0.229858,0.893433,134.758301,150.567017,136.942139,0

1.530151,0.015015,1.148071,187.553711,214.165649,272.806396,0

1.335815,0.489014,0.994629,194.145508,352.227173,260.294189,0

1.128418,0.449219,0.868652,165.947266,457.390747,174.295654,0

0.777100,0.582397,0.412354,116.936035,478.630981,105.631104,0

0.543579,0.717529,0.365845,24.650879,420.220337,64.737549,0

0.558594,0.776978,0.155396,39.360352,407.830200,91.226807,0

0.514404,0.640137,-0.235474,-65.742188,337.395630,121.317139,0

0.428345,0.492920,-0.390625,-86.860352,207.695923,239.542236,0

0.305420,0.725098,-0.705688,12.932129,162.713013,285.501709,0

0.452026,0.983154,-0.833252,21.354980,7.134399,273.172607,0

0.510010,0.931519,-0.850464,67.558594,-89.301147,188.577881,0

0.826416,0.666138,-0.856689,123.222656,-144.110718,152.750244,0

0.474121,1.150146,-1.680542,275.200195,-176.581421,122.476807,0

1.017578,0.640381,-1.039062,-12.336426,-405.646362,80.911865,0

0.031128,0.568115,-1.499268,25.688477,-263.983765,23.233643,0

-0.497803,0.679077,-1.859375,-22.407227,-338.934937,-3.316650,0

-0.451416,0.423096,-0.584595,-6.049805,-279.730835,-34.139404,0

-0.290039,0.062012,-0.153198,-85.761719,-245.551147,-46.712646,0

-0.325684,0.032593,0.325928,68.168945,-8.429565,-5.086670,0

-0.054077,0.005737,0.221924,-83.381348,108.025513,162.882080,0

0.147949,0.706665,0.360962,-116.706543,173.638306,250.040283,0

0.426636,1.798462,0.325928,-324.042969,298.577271,157.938232,0

0.176514,2.152954,-0.747437,-200.324707,391.350708,-131.734619,0

-0.337646,1.985352,-0.980103,-393.073730,155.449829,-187.642822,0

-0.215332,1.308350,-0.607178,-128.181152,90.569458,-309.102783,0

-0.282715,0.669067,-0.180176,-68.000488,64.385376,-273.031006,0

-0.453125,0.376465,-0.020386,-41.572266,33.684692,-259.908447,0

-0.488892,-0.025269,0.114502,-26.252441,15.679321,-235.921631,0

-0.563843,-0.298462,-0.083740,-102.973633,-14.655151,-202.047119,0

-0.524658,-0.565552,0.038452,-75.874023,-29.486694,-170.064697,0

-0.503784,-0.758667,0.096313,-5.988770,-23.444214,-146.199951,0

-0.623291,-0.792969,-0.081909,16.533203,-54.144897,-133.565674,0

-0.464966,-0.821899,0.117554,103.264160,-137.457886,-163.045654,0

-0.114136,-0.588013,0.467285,176.689453,-167.853394,-154.866943,0

0.242432,-0.350464,0.662842,263.603516,-193.427124,-161.702881,0

0.454224,0.072388,1.000244,379.204102,-179.999390,-110.311279,0

0.779907,-0.117188,1.799316,176.140137,-82.037964,-54.464111,0

0.485596,-0.173218,1.719360,-2.448730,166.375122,63.516846,0

0.073120,0.252930,1.047119,-11.542969,285.454712,63.455811,0

-0.120605,-0.378052,0.364380,91.789551,317.986450,-10.213623,0

-0.565674,0.702393,0.042603,233.513184,131.524048,21.341553,0

-0.370239,0.424805,0.873047,-24.787598,-94.000854,104.654541,0

-0.437988,0.727417,0.862793,-110.664062,-11.359253,136.575928,0

-0.041138,0.055786,0.609253,-171.577148,-41.144409,58.450928,0

-0.683472,0.344482,0.927368,-58.784180,-23.566284,47.769775,0

-0.172241,0.023804,0.925415,-6.171875,-14.655151,11.697998,0

-0.220459,0.308838,0.756592,-45.844727,-39.008179,50.272217,0

-0.281006,0.457397,1.189941,-95.893555,0.969849,32.205811,0

-0.390259,0.032349,0.859863,-37.971191,17.632446,-12.838135,0

-0.210205,0.008057,1.278687,-157.783203,-31.622925,-48.482666,0

-0.168213,-0.394531,0.948486,-181.708984,4.509888,-47.811279,0

-0.316040,-0.411865,0.926392,-63.361816,28.618774,-22.298584,0

-0.204956,-0.583008,0.652588,13.481445,12.139282,-40.609131,0

-0.331421,-0.615234,0.753052,172.294922,18.364868,14.932861,0

-0.113892,-0.144531,0.929077,207.023926,89.287720,34.158936,0

-0.523315,-0.114502,0.936523,238.334961,167.107544,103.250732,0

-0.564087,0.485107,0.495850,311.333008,281.609497,117.105713,0

-0.593018,0.693481,0.318848,318.962402,331.414185,137.674561,0

-1.055542,0.901245,0.181274,-112.495117,190.117798,132.669678,0

-0.909180,0.908447,-0.300293,-189.216309,-42.182007,2.664795,0

-0.643433,0.633789,0.156128,2.434082,-113.776245,-61.361084,0

-0.805054,0.638306,-0.267090,-227.912598,-25.275269,-110.738525,0

-0.473511,0.388184,-0.450439,-397.834473,-158.453979,-155.721436,0

-0.632935,0.350708,0.166138,-109.443359,-179.999390,-138.570557,0

-0.303101,0.269775,0.171509,-419.868164,-181.036987,-168.477783,0

0.252930,0.003662,0.185791,-142.097168,-331.549683,-257.344971,0

0.635376,-0.284302,0.661133,166.374512,-91.376343,-110.372314,0

0.424316,0.314331,1.043335,148.857422,38.262329,-84.249268,0

0.575317,0.123779,1.179199,20.317383,-82.709351,-221.578369,0

1.119873,0.498901,1.759521,116.264648,-46.759644,-221.700439,0

0.630371,0.184326,1.310303,66.337891,-26.557007,-137.899170,0

0.402344,0.072510,1.134644,44.243164,-49.445190,-110.128174,0

0.227539,0.425415,1.283447,133.171387,35.332642,39.957275,0

0.292358,0.469971,1.124634,278.374023,199.456177,160.074463,0

0.061035,0.412109,1.184692,270.744629,254.876099,176.798096,0

-0.066040,0.677612,0.856689,175.285645,182.305298,89.700928,0

0.382935,0.234863,1.006470,103.874512,221.734009,127.115479,0

0.463013,0.450684,0.356323,101.921387,281.792603,160.867920,0

0.475464,0.848267,0.127686,47.294922,303.643188,133.402100,0

0.231079,1.197266,-0.402222,45.158691,180.718384,55.032959,0

-0.002563,1.336792,-0.104370,-34.064941,24.102173,18.656006,0

0.242676,1.078247,0.360962,-51.459961,-153.754272,-80.709229,0

0.270142,0.810181,0.619873,-57.563477,-221.076050,-219.747314,0

0.405273,0.598145,0.625488,-124.458008,-302.069702,-236.776123,0

0.313232,0.608887,0.861084,-135.322266,-243.720093,-204.610596,0

-0.022827,0.656494,0.982544,-69.465332,-5.744019,-17.049561,0

-0.207520,0.926758,0.556396,-11.115723,178.215942,151.895752,0

-0.248047,0.938232,0.656494,60.295410,132.927856,26.529541,0

-0.159790,0.827271,0.549194,-21.918945,9.087524,-43.233643,0

0.059326,0.545166,0.668701,-55.976562,-32.965698,-90.718994,0

0.196533,0.437256,0.683838,-15.449219,-53.717651,-40.670166,0

-0.249023,0.606567,0.696899,93.681641,-6.232300,-65.389404,0

-0.082397,0.841064,0.569580,-1.838379,16.411743,-5.758057,0

-0.183960,0.697266,0.507202,-68.793945,-112.616577,73.648682,0

-0.102783,0.874023,0.674561,43.999023,-59.515991,27.139893,0

0.031372,0.726807,0.841919,-60.859375,-82.587280,18.533936,0

0.104248,0.296143,0.616333,-42.915039,-35.346069,-17.110596,0

0.073853,0.474609,0.803711,78.911133,-42.059937,-21.260986,0

0.182861,0.672241,0.729858,90.141602,-53.534546,-62.703857,0

0.272095,0.894287,0.777100,35.454102,-90.765991,-58.980713,0

0.223145,0.741699,0.504272,-95.100098,-177.496948,-14.913330,0

0.380737,0.595337,0.665894,-61.286621,-142.706909,-42.073975,0

0.583618,0.570068,0.626709,-77.521973,-130.377808,-25.167236,0

0.513306,0.575073,0.717896,-39.313965,-88.995972,-13.570557,0

0.621582,0.507446,0.711426,-21.430664,-59.882202,26.651611,0

0.555786,0.515625,0.680054,-23.261719,-48.468628,34.036865,0

0.574463,0.483398,0.672241,-23.994141,-52.008667,18.717041,0

0.478882,0.540649,0.829102,-9.284668,-41.815796,12.064209,0

0.626465,0.527954,0.737549,34.843750,-0.250854,8.035889,0

0.633789,0.501099,0.621338,53.215332,27.153931,12.735596,0

0.746216,0.498291,0.556885,34.782715,40.947876,26.895752,0

0.621704,0.514771,0.415894,18.303223,8.171997,16.947021,0

0.807373,0.394409,0.539429,-16.364746,-17.096558,-5.269775,0

0.637939,0.299683,0.455566,17.509766,-53.046265,12.552490,1

0.068726,0.405640,0.073120,-72.333984,-92.291870,-1.241455,1

-0.006470,0.593628,0.178955,-76.606445,-136.115112,-162.862549,1

0.593262,2.396973,2.064941,85.319824,-117.926636,-117.818604,1

1.377075,3.814209,2.340210,-83.076172,17.815552,-222.677002,1

2.093872,2.383667,1.865723,-74.042969,198.235474,-113.973389,1

0.797852,1.628906,1.960938,-25.947266,310.234985,-163.472900,1

2.703003,1.737915,1.155273,-39.924316,374.993286,-200.216064,1

2.280518,1.555786,1.095581,96.489258,369.378052,-322.896729,1

2.181030,1.196777,0.592407,51.689453,284.661255,-299.520264,1

2.046143,1.845093,0.589844,98.320312,226.250610,-327.901611,1

2.041748,1.725342,0.058105,125.053711,165.459595,-426.229248,1

3.370728,-3.999512,-1.967651,73.295898,125.664673,-292.379150,1

3.307007,-3.999512,-1.296265,56.511230,-174.994507,103.739014,1

2.650146,-3.404053,-0.406250,-163.459473,-295.538940,270.487061,1

3.615112,1.532104,1.044189,62.919922,-238.959351,574.991455,1

2.905396,2.919678,1.584106,-26.618652,-179.511108,497.232666,1

3.172363,1.700073,1.546387,-48.957520,-212.836304,424.295654,1

2.921265,1.532227,1.489380,-133.979492,-254.279175,447.916260,1

1.910889,1.612305,1.450806,-86.921387,-239.935913,396.158447,1

0.986938,1.996704,1.714966,-89.606934,-185.858765,293.253174,1

1.452515,3.177612,2.290161,-31.318359,-8.795776,139.993896,1

2.721680,1.413208,1.618896,36.430664,90.813599,33.426514,0

2.495850,0.510010,1.322388,105.278320,123.711548,-7.039795,0

0.224854,0.189209,0.445679,-55.000000,40.825806,44.351807,0

0.140381,0.044556,0.006592,63.835449,118.279419,11.575928,0

0.224854,-0.009033,-0.276489,78.117676,72.380981,2.908936,0

0.492310,-0.421265,0.014893,55.595703,22.271118,-105.428467,0

1.184448,-0.416992,0.339355,3.776855,-62.750854,-89.376221,0

1.546509,-0.069092,0.610962,14.580078,-46.820679,-106.893311,0

0.265259,0.514771,0.700928,-159.614258,-174.323120,107.218018,0

0.248901,1.388062,0.680298,-202.094727,-145.453491,-45.614014,1

0.458862,3.022949,2.853882,164.482422,-102.606812,-117.086182,1

2.806763,3.502441,2.135132,3.410645,-9.955444,-290.731201,1

1.804932,2.088745,1.820923,-10.749512,117.180786,-183.492432,1

1.469727,1.441162,1.445557,-60.798340,205.254517,-222.310791,1

2.901001,1.402466,0.869507,75.920410,334.526978,-322.225342,1

3.063354,1.384644,0.941772,142.387695,348.442993,-334.371338,1

3.138306,1.908813,0.921265,141.533203,238.640747,-416.768799,1

3.221924,2.113892,0.596191,160.759277,184.258423,-531.514893,1

3.774292,-0.657959,0.024536,140.800781,101.983032,-520.101318,1

3.995117,-3.999512,-2.010742,-38.703613,-100.470581,-110.860596,1

3.428711,-3.999512,-0.757324,-86.860352,-252.265015,159.403076,1

3.354858,-1.671021,0.025513,-106.391602,-222.052612,482.095947,1

3.995117,3.402588,1.965698,-71.479492,-181.891479,655.191650,1

3.509277,2.691650,2.159668,54.191895,-139.533081,470.438232,1

2.394043,1.435425,1.350098,-131.171875,-155.280151,446.634521,1

2.096191,1.927856,1.284546,-126.228027,-138.312378,419.779053,1

0.789307,2.859741,0.131592,23.186035,-141.364136,386.392822,1

2.102661,2.738159,1.396729,-101.936035,-104.804077,197.611084,1

3.528442,2.086914,1.392578,-232.246094,-82.343140,169.107666,0

1.249512,0.998779,1.448608,-46.394043,21.111450,-57.943115,0

-0.224976,0.473389,0.200439,-145.576172,108.147583,-2.156982,0

0.487915,0.152100,-0.010254,94.047852,66.826782,-91.085205,0

1.626221,-0.514282,0.382202,123.222656,66.887817,-77.047119,0

1.184692,-0.119995,0.411621,91.301270,26.116333,6.204834,0

0.700928,-0.018188,0.079468,-101.997070,-13.068237,12.125244,0

0.786011,-0.008667,0.076538,-31.074219,-32.050171,9.317627,0

0.687622,0.276611,0.432739,-20.209961,-42.059937,11.636963,0

0.500610,1.156860,0.702637,-93.574219,-105.292358,-57.821045,0

0.591064,2.629517,1.826172,20.500488,-104.254761,-130.635986,0

2.138306,3.143799,2.270996,-84.907227,116.631470,-241.781006,0

2.362427,2.302612,2.226318,-84.418945,87.639771,-242.269287,0

0.606812,1.237183,1.905396,-170.539551,172.478638,-178.121338,0

2.530518,0.996094,1.808350,56.206055,455.376587,-169.088135,0

2.785645,0.888672,2.020264,91.850586,398.674927,-191.976318,0

2.594360,0.752441,1.328491,23.125000,346.184692,-245.931396,0

1.957764,0.720703,1.245239,36.003418,254.448853,-248.555908,1

1.678711,0.161377,0.827148,102.104492,298.027954,-206.258545,0

1.888184,-1.008789,-1.525513,95.939941,258.782349,-219.503174,1

1.847900,-3.495972,-3.755127,-49.323730,-10.504761,-175.740967,1

2.609985,-3.118042,-3.110352,-62.324219,-183.722534,78.653564,1

2.709961,0.057739,-0.370117,-84.174805,-332.831421,290.567627,1

2.756714,1.546997,2.228027,39.299316,-357.611694,358.499756,1

2.566284,0.963989,1.621216,-74.226074,-425.604858,334.024658,1

3.344604,1.545410,2.623169,37.102051,-419.623413,314.554443,1

2.276978,0.846191,2.294556,-124.946289,-436.957397,296.915283,1

1.464844,2.442627,2.154175,72.380371,-268.439331,392.618408,1

1.833374,2.874146,2.821045,54.497070,-199.103394,113.260498,1

2.933838,2.438232,2.408203,150.017090,72.808228,11.942139,1

1.377197,1.354492,0.713867,81.901855,89.959106,66.995850,1

0.227295,0.256226,0.635132,-39.680176,21.477661,-24.312744,1

0.599731,-0.225464,-0.238403,-21.003418,52.483521,-1.180420,1

0.645386,-0.120728,-0.100708,10.551758,45.037231,13.223877,0

0.813721,-0.028076,0.026489,73.540039,21.965942,7.364502,0

0.917603,0.168701,0.479370,5.241699,-38.886108,32.816162,0

0.840454,0.480225,0.433716,-72.395020,-24.909058,-45.614014,0

0.296509,0.317017,0.364746,-135.627441,-85.516968,-25.167236,0

0.406616,1.312988,1.259521,15.861816,49.736938,-60.567627,0

0.879028,2.094849,2.169067,80.803223,231.682739,-109.578857,0

1.488403,3.003784,2.514282,34.477539,269.341431,-238.851318,0

0.764771,2.340210,2.353271,79.094238,156.853638,-222.493896,1

-0.119385,1.263428,1.472900,128.227539,127.556763,-270.528564,1

0.404419,1.311523,2.072510,122.368164,190.117798,-286.336670,1

1.668823,0.746582,1.910400,205.314941,194.451294,-185.811768,1

2.102539,1.221924,2.161987,342.583008,284.783325,-198.995361,1

1.854004,1.286865,2.031494,265.800781,237.725220,-242.513428,1

2.264771,0.796509,0.875000,260.979004,191.765747,-272.664795,1

2.632080,-1.511719,-0.324707,38.627930,7.927856,-288.350830,1

2.611938,-3.999512,-2.776733,-86.555176,-203.192749,-180.684814,1

1.231567,-3.999512,-1.292480,-93.269043,-259.955444,0.772705,1

1.450928,-3.187500,-0.802002,-224.311523,-218.268433,222.696533,1

2.946655,0.621338,1.192383,-57.929688,-306.220093,384.073486,1

2.509521,1.312378,2.158813,-20.087891,-294.135132,332.864990,1

2.615112,0.805664,1.812256,-99.372559,-348.944702,324.991455,1

2.948608,0.974854,2.024780,18.425293,-331.244507,370.218506,1

1.512695,1.749634,1.662842,-32.722168,-242.499390,356.912842,1

0.310669,2.817383,0.992188,44.548340,-116.522827,294.168701,1

1.860718,3.130493,1.401978,122.856445,-67.572632,293.009033,1

2.016479,1.808716,1.630615,118.767090,21.538696,85.794678,0

0.383057,1.374390,0.644531,117.180176,44.548950,75.784912,0

0.178101,0.583740,0.002686,-20.087891,51.079712,-34.871826,0

0.430664,-0.075073,0.197144,104.179688,47.356567,-22.847900,0

0.854980,-0.126587,0.317261,35.270996,28.923950,-24.068604,0

0.848267,0.055420,0.495483,58.159180,31.182251,-14.364014,0

0.872070,0.311646,0.479858,-47.431641,0.359497,-33.040771,0

1.008911,0.411255,0.425049,-42.792969,-13.739624,-68.258057,0

0.965820,0.274902,0.663208,-63.789062,-32.965698,11.148682,0

0.776245,0.362915,0.486572,-56.098633,-26.190796,-16.500244,0

0.821899,0.349976,0.470825,-83.198242,-78.314819,-36.947021,1

0.279053,0.874146,0.159790,-164.252930,-154.242554,-111.715088,1

-0.844360,3.575317,1.447021,-27.351074,-234.625854,-104.451904,1

0.936768,3.997559,1.434937,-67.451172,-128.546753,-502.767334,1

2.913330,3.443604,1.857666,-25.581055,89.409790,-303.609619,1

1.685913,1.665283,1.306885,10.490723,182.122192,-198.140869,1

1.738525,0.965088,0.666870,-17.158203,161.797485,-244.649658,1

2.041992,0.820435,0.646362,113.701172,225.823364,-188.985596,1

1.976562,0.938599,0.669434,167.900391,189.202271,-214.315186,1

2.466309,1.465576,0.752441,215.568848,194.817505,-287.984619,1

3.161255,1.402466,0.608276,272.941895,96.001587,-459.981689,1

1.997559,-3.999512,-1.064575,-31.989746,5.059204,-331.563721,1

1.934570,-3.999512,-2.892700,-117.622070,-216.864624,-138.509521,1

1.397583,-3.999512,-0.636841,-103.217773,-270.819702,70.047607,1

2.979614,-0.288452,0.512085,72.990723,-236.395874,411.356201,1

2.694824,2.919556,2.226318,-36.689453,-71.661987,476.663818,1

2.162476,1.815796,1.497925,-46.943359,-112.311401,367.105713,1

2.049805,0.990234,1.371948,-114.814453,-169.379272,368.692627,1

1.535522,1.422607,1.273804,-124.091797,-139.349976,404.459229,1

1.303101,2.808838,0.962769,-62.995605,-61.896362,401.712646,1

1.765869,3.304688,1.201172,-22.346191,-129.279175,206.094971,1

2.738647,2.817383,1.584229,-3.425293,-38.214722,47.525635,1

0.869385,1.847046,1.060913,38.261719,27.947388,118.814697,1

0.412842,0.720703,0.572632,-4.279785,46.929321,22.379150,0

0.137817,0.245605,0.099854,69.755859,23.003540,-18.758545,0

0.673340,-0.084961,0.248047,79.826660,52.910767,-25.655518,0

0.704956,-0.133911,0.258179,7.316895,26.665649,-10.213623,0

1.341919,-0.225830,0.457886,13.969727,14.092407,-17.354736,0

1.338867,0.222656,0.704346,32.524414,12.200317,-10.885010,0

0.684692,0.357544,0.283081,-116.706543,-6.537476,3.214111,0

0.495972,0.479492,0.370483,-9.406738,-24.237671,47.830811,0

0.825562,1.054077,0.845703,1.030273,-20.148315,23.843994,0

0.673828,0.868896,0.677734,-32.478027,43.389282,41.849365,0

0.607544,0.552856,0.025391,-26.618652,-5.744019,-33.529053,0

0.331055,0.503540,0.324829,-76.301270,-80.756226,-32.857666,1

0.542480,1.987427,0.489136,2.434082,-42.975464,-161.458740,1

1.638184,3.110840,1.235962,-34.980469,-79.169312,-270.772705,1

2.384399,3.682617,1.976929,-174.750977,-73.126831,-473.470459,1

1.408691,1.451782,1.848511,-117.744141,4.815063,-157.796631,1

1.354370,1.817627,1.619995,-36.445312,243.584595,-189.046631,1

3.494629,1.024170,1.078491,130.913086,329.766235,-309.835205,1

2.977783,1.098999,0.982300,242.973633,322.747192,-306.905518,1

3.500977,1.611084,1.171509,198.417969,258.599243,-315.755615,1

3.994629,1.851318,1.021606,246.452637,176.812134,-540.548096,1

3.210205,-3.999512,-1.693237,12.687988,40.215454,-433.614502,1

2.176880,-3.999512,-2.021362,41.923828,-286.932983,71.695557,1

1.911011,-3.999512,0.128418,-54.328613,-251.593628,205.972900,1

3.994629,0.736572,1.081055,16.655273,-176.764526,618.387451,1

3.994629,3.997559,2.033691,-28.205566,-134.284058,625.955811,1

3.542114,2.024658,2.279541,-153.754883,-186.591187,427.164307,1

3.602539,1.467651,1.926758,-63.483887,-207.282104,440.408936,1

2.127197,3.005615,1.143677,-184.150391,-255.194702,432.352295,1

0.996216,2.838501,1.721680,-137.702637,-153.021851,280.557861,1

1.918701,2.472900,1.135132,-72.517090,4.143677,126.810303,1

2.851562,0.709106,1.019409,-17.280273,10.430298,-35.299072,1

0.943481,0.101196,0.749268,35.454102,25.200806,-23.580322,1

-0.173706,0.426270,0.439453,44.670410,58.281860,-20.528564,0

0.484497,-0.247803,-0.023438,33.195801,75.921021,-41.402588,0

1.151367,0.028198,0.182739,96.977539,31.182251,-48.909912,0

1.488281,-0.159912,0.527100,145.927734,31.365356,-35.604248,0

0.730835,0.310547,0.276611,-50.300293,-2.814331,9.317627,0

0.763428,0.283691,0.187866,-30.280762,-3.119507,-0.753174,0

0.991943,0.318359,0.481689,52.177734,30.449829,16.458740,0

0.873169,0.364746,0.492065,13.176270,19.341431,-0.447998,0

0.808350,0.428589,0.554688,-31.623535,-35.040894,4.923096,0

0.894897,0.362305,0.513550,-46.943359,-18.073120,4.495850,0

0.870483,0.085938,0.570190,-28.266602,6.585083,32.083740,1

0.433228,0.703247,0.317383,-54.389648,-43.646851,-19.368896,1

0.552368,2.070557,0.209229,-214.606934,-110.541382,-81.197510,1

0.737671,3.753052,2.371582,91.118164,53.093872,-201.131592,1

3.699951,2.590942,1.994507,-77.033691,10.430298,-522.359619,1

1.432373,1.526245,1.264526,-20.332031,124.260864,-164.327393,1

1.245361,1.635132,1.366089,-58.601074,110.039673,-219.625244,1

2.542847,1.736694,0.627563,46.196289,275.322876,-214.559326,1

3.498535,0.934570,0.879150,113.518066,302.544556,-303.792725,1

3.650024,1.477661,0.904175,325.737305,307.122192,-344.381104,1

3.994629,1.249146,1.054565,220.695801,159.234009,-506.734619,1

2.443115,-3.999512,-0.486328,76.591797,52.239380,-459.859619,1

2.096680,-3.999512,-3.997559,-343.024902,-243.598022,44.840088,1

1.658569,-3.690918,-0.576782,-140.571289,-239.996948,134.073486,1

3.515381,-0.418701,0.593628,-124.702148,-311.530151,369.608154,1

3.791992,2.156372,2.891724,-46.882324,-252.692261,472.452393,1

3.277100,0.786011,2.116943,-22.102051,-226.508179,368.509521,1

3.086914,1.379517,1.630859,-74.897461,-186.347046,464.029541,1

2.573242,1.876831,1.670654,-210.090332,-248.358765,347.025146,1

1.083374,2.881470,1.683716,-135.871582,-147.650757,383.951416,0

2.203247,3.825439,1.992188,173.881836,-143.805542,178.018799,0

2.602905,1.825439,1.085815,-31.074219,62.859497,-26.326904,0

0.557129,0.934082,0.863403,73.906250,47.905884,84.696045,0

-0.171265,0.504395,0.398438,46.806641,107.171021,22.440186,0

0.335449,-0.199829,0.173340,37.590332,101.616821,-82.296143,0

0.785400,-0.301880,0.221680,75.554199,89.043579,-44.942627,0

1.398193,-0.137085,0.623291,81.474609,40.215454,-40.853271,0

1.433350,-0.247192,1.054077,74.455566,-15.326538,6.448975,0

0.372925,0.190796,0.601440,-102.485352,44.671021,73.709717,0

0.514038,0.348633,0.224731,-170.722656,-36.566772,-25.411377,0

0.823853,0.279785,0.527710,-88.081055,-4.950562,-21.383057,0

1.176025,0.382812,0.906372,-50.422363,-32.111206,-38.839111,0

0.528442,0.893555,0.732544,-43.830566,-67.450562,159.342041,0

0.493774,0.920410,1.026489,14.702148,-57.440796,-4.476318,0

0.919189,0.033203,0.502319,12.443848,-4.706421,-12.044678,0

0.544556,0.646729,0.053223,-36.994629,-63.483276,-42.501221,1

0.806885,1.015381,-0.103516,-96.748047,-123.908081,-227.376709,1

1.187866,2.464478,0.439941,-0.922852,-195.990601,-263.814697,1

2.813110,3.321289,1.196777,13.054199,53.154907,-300.435791,1

1.921631,2.046143,1.648438,-138.312988,-23.871460,-255.269775,1

0.849731,1.895752,1.988403,-50.605469,174.431763,-142.965088,1

3.061768,1.736938,1.175537,-17.463379,266.900024,-330.831299,1

3.586548,1.051147,0.708984,156.853027,351.983032,-287.557373,1

3.414795,1.401367,1.010742,241.569824,274.834595,-292.073975,1

3.994629,1.653809,1.247070,214.165039,208.611450,-453.756104,1

3.994507,-1.109863,-0.136108,128.898926,81.109009,-529.989014,1

3.994629,-3.999512,-3.997559,-572.089844,-248.541870,-322.286377,1

2.711914,-3.999512,-2.145996,-151.984863,-282.965698,-3.316650,1

3.034302,-0.462646,0.815430,-84.052734,-355.414429,345.926514,1

3.281494,2.011230,3.611084,-4.157715,-314.520874,514.688721,1

2.428589,0.656738,2.367920,-127.204590,-259.345093,332.742920,1

3.006470,0.924316,2.101318,-95.710449,-293.341675,372.049561,1

2.281982,1.348389,1.958374,-172.248535,-325.873413,389.749756,1

1.067749,3.117798,1.636597,-27.106934,-164.435425,402.078857,1

1.675659,2.797241,1.606689,8.903809,-42.548218,245.279541,1

3.412476,1.865234,1.846313,97.648926,-19.049683,-62.337646,0

1.151855,1.293091,1.262451,61.577148,-7.819214,127.603760,0

0.178223,0.470703,0.791748,-89.301758,41.375122,-46.773682,0

0.047241,0.024536,0.001343,41.679688,85.137329,-26.448975,0

0.458374,-0.129639,0.124634,118.583984,39.910278,16.214600,0

0.794922,-0.100586,0.342407,73.479004,22.332153,-17.659912,0

1.044800,-0.185181,0.445312,43.022461,4.509888,-2.156982,0

1.704102,0.014771,0.606201,12.810059,-3.363647,-71.248779,0

0.591675,0.205688,0.515869,-102.546387,-34.796753,48.013916,0

0.854736,0.379395,0.373657,-79.475098,-26.495972,-8.504639,0

0.635132,0.273804,0.471558,-8.918457,8.049927,54.666748,0

0.479980,0.172241,0.524902,-64.216309,-5.438843,-16.256104,0

0.586426,0.333374,0.203613,-93.879395,-5.744019,-22.908936,1

0.697754,0.599976,0.161865,-143.928223,-32.843628,-54.158936,1

1.389160,2.054321,0.041504,-10.688477,-113.471069,-65.450439,1

2.165771,3.708984,2.234741,222.587891,-27.960815,-159.078369,1

2.877686,1.842773,1.561768,-97.724609,-53.961792,-350.057373,1

1.287231,1.479004,1.787476,-49.812012,103.630981,-207.296143,1

2.751221,1.283447,1.265503,-1.899414,188.958130,-349.752197,1

3.218750,0.893066,1.221191,165.764160,321.099243,-325.399170,1

3.713013,1.160034,1.283813,254.265137,284.600220,-375.570068,1

3.994629,2.148926,1.444458,273.491211,241.814575,-548.299561,1

3.994629,-0.457642,1.073730,222.648926,84.954224,-572.774658,1

3.670654,-3.999512,-0.920532,-154.609375,-71.723022,-324.971924,1

2.811157,-3.999512,-1.771484,-207.160645,-204.962769,93.240967,1

2.736816,-0.756226,-0.444580,-148.505859,-228.034058,418.253174,1

3.994629,2.097412,1.631592,-87.287598,-254.523315,539.591064,1

3.581543,2.480957,2.338623,-178.840332,-300.604858,494.974365,1

2.853394,1.226074,2.573364,-242.438965,-344.672241,397.135010,1

2.447510,1.352905,1.904785,-73.737793,-203.131714,376.749268,1

1.185425,1.473877,1.780640,-160.773926,-225.714722,322.977295,1

2.100220,1.890503,1.979126,4.265137,-123.297729,244.486084,1

3.994629,2.894287,2.291016,-190.559082,-42.487183,287.027588,0

1.766724,0.950562,1.250122,271.599121,30.877075,-14.791260,0

0.457520,0.087402,0.256714,39.543457,57.061157,18.533936,0

0.681519,-0.605957,-0.204346,42.656250,22.881470,-35.238037,0

0.395630,-0.219360,0.079712,62.736816,-0.861206,32.694092,0

0.602783,-0.059448,0.467529,53.642578,19.524536,-9.725342,0

1.265503,0.006470,0.401733,-22.834473,30.816040,-40.120850,0

1.538086,-0.044312,0.526367,18.120117,-8.795776,-47.445068,0

0.931274,0.168457,0.457275,-35.102539,-19.415894,60.098877,0

0.734253,0.129395,0.577637,-27.839355,-22.955933,-15.462646,0

0.729126,-0.022461,0.530518,-15.632324,24.834595,33.487549,0

0.937988,-0.157471,0.507568,-0.678711,27.764282,-22.481689,0

0.747925,-0.245117,0.276001,21.904297,22.210083,43.436279,0

0.834473,0.093140,0.250488,70.183105,-13.251343,88.602295,1

0.352295,1.551758,-0.117432,-117.683105,-30.158081,-126.119385,1

2.195435,2.261108,0.676392,-261.909180,-88.080444,-208.455811,1

2.822632,3.315063,2.829102,50.163574,40.764771,-362.752686,1

2.362671,1.308594,2.134033,-192.084961,71.160278,-349.752197,1

1.093262,0.569702,1.541382,-49.140625,204.827271,-153.768311,1

2.752075,0.767456,1.832031,367.546387,374.443970,-243.795166,1

3.085083,0.772583,1.888916,307.121582,324.089966,-312.398682,1

3.035522,1.055298,1.545288,254.814453,216.546021,-404.134521,1

2.894653,1.616699,1.317383,256.279297,189.934692,-429.830322,1

3.043823,-0.980835,0.869507,166.252441,69.573364,-515.584717,1

3.994629,-3.999512,-3.564453,-352.241211,-103.583374,-221.029053,1

2.693237,-3.199341,-2.772339,-40.778809,-215.888062,54.849854,1

2.823242,-0.704224,-0.469482,-99.921875,-312.262573,398.050537,1

3.994629,1.459961,1.603638,25.871582,-343.207397,522.379150,1

3.994629,3.061157,3.063965,-22.163086,-279.059448,575.113525,1

3.022827,1.364380,2.576782,-137.092285,-277.777710,448.587646,1

2.281982,1.940430,1.546997,-223.457031,-225.775757,375.711670,0

2.397583,1.269043,1.713623,-100.837402,-281.012573,363.992920,0

1.623901,2.591675,2.276123,-5.988770,-91.437378,155.618896,0

3.507324,1.733521,1.545410,-0.983887,11.345825,28.238525,0

1.004028,0.802979,0.391357,-55.000000,40.337524,47.952881,0

0.677979,0.155029,0.324463,50.529785,51.079712,-50.130615,0

0.580078,-0.368408,-0.109863,11.955566,33.745728,-16.805420,0

0.688599,-0.003906,0.167236,31.669922,29.290161,-23.763428,0

1.053955,0.020264,0.079468,-44.135742,35.332642,-27.852783,0

1.632690,0.103394,0.238525,22.941895,-10.443726,-37.984619,0

0.901123,0.046875,0.441162,-41.328125,-17.951050,7.974854,0

0.774292,0.027954,0.318359,-64.216309,3.655396,-24.434814,0

0.711182,0.046143,0.261108,-83.381348,7.927856,-8.077393,0

0.871460,0.181763,0.280151,-97.846680,5.059204,-32.003174,0

0.560425,0.658813,0.124756,0.480957,-2.081909,-22.298584,0

0.547607,1.212891,0.580933,46.379395,-3.607788,-64.290771,1

1.313721,2.236816,1.853271,4.204102,-6.781616,-167.135010,1

3.017090,2.015259,2.471191,17.387695,100.457153,-258.504639,1

2.514404,1.318726,2.161499,-26.435547,115.410767,-154.073486,1

0.860596,1.034058,1.616089,-40.229492,162.896118,-129.598389,1

1.949341,0.752808,1.070068,64.384766,292.290649,-206.990967,1

2.748047,0.503784,1.246704,350.639648,380.181274,-232.259521,1

2.843628,0.739868,1.313354,302.604980,277.459106,-322.347412,1

2.752197,1.190063,1.120239,158.684082,175.469360,-426.046143,1

2.797485,1.244751,0.833496,188.286133,139.092407,-457.113037,1

2.646973,-3.036499,-0.597534,141.166992,78.301392,-435.262451,1

2.492188,-3.999512,-2.098999,-109.382324,-122.443237,-64.962158,1

2.636963,-3.999146,-0.829346,-103.217773,-211.981812,300.394287,1

3.750244,0.378784,0.523682,-96.320801,-245.917358,539.652100,1

3.994629,3.531860,2.205566,-58.234863,-134.467163,640.482178,1

3.626953,2.372681,2.169189,-178.779297,-185.858765,499.857178,1

2.963623,1.242432,1.750610,-280.341797,-246.100464,475.931396,1

2.639038,1.207764,1.925781,-329.597168,-310.004272,345.621338,1

2.129761,1.986084,2.212402,-138.251953,-253.302612,302.957764,0

1.108032,3.970093,2.921875,-3.974609,-33.087769,169.534912,1

2.456055,1.337402,1.236816,182.670898,37.713013,-97.188721,1

0.433350,0.497437,1.388916,35.209961,71.404419,-13.265381,1

0.836548,-0.132812,0.377197,-17.707520,128.533325,-84.676514,0

0.791504,-0.200439,-0.050537,85.075684,101.006470,-21.016846,0

0.958252,-0.371094,0.077393,57.792969,55.596313,-54.586182,0

1.058105,-0.342285,0.207397,49.064941,57.976685,-13.082275,0

1.111694,-0.116943,0.032104,-40.107422,33.257446,-15.340576,0

1.182617,-0.133911,-0.002686,-14.838867,-21.307983,20.792236,0

0.830811,-0.016113,0.367920,-12.153320,-50.116577,13.895264,0

0.921509,-0.001953,0.494873,-79.597168,-53.290405,47.891846,0

0.786133,0.288574,0.408081,-80.573730,-53.961792,-11.190186,0

0.612183,0.208252,0.460693,-72.700195,-86.676636,29.642334,1

0.533203,1.127075,1.063599,-29.975586,-73.370972,-48.360596,1

0.478271,2.508667,2.335083,102.897949,58.464966,-61.788330,1

2.148193,2.159180,2.106201,137.565918,77.507935,-267.537842,1

3.117676,2.043335,2.025513,150.383301,68.169556,-261.800537,1

2.198486,1.410278,1.282104,-45.478516,47.478638,-150.533447,1

0.634888,1.251099,0.834229,-38.520508,132.561646,-133.260498,1

2.158325,0.705444,0.448242,163.688965,247.673950,-265.462646,1

2.201050,0.310425,0.723511,310.295410,228.569946,-252.156982,1

2.298950,0.998047,0.989624,152.946777,183.098755,-328.878174,1

3.061768,1.718384,0.610352,161.857910,173.211060,-431.234131,1

3.861328,1.214844,1.212891,200.798340,152.459106,-478.780518,1

2.154907,-3.999512,-1.530273,57.609863,52.056274,-417.073975,1

2.749512,-3.999512,-1.911377,-91.560059,-213.568726,-74.056396,1

1.864014,-3.838745,0.490601,-150.214844,-193.671265,333.170166,1

3.524780,0.204590,1.555420,-247.260742,-217.536011,528.726807,1

3.380127,2.155273,2.550537,-247.993164,-244.147339,464.395752,1

3.467407,1.358398,2.765503,-230.781250,-313.422241,426.981201,1

2.356567,0.608643,2.827881,-290.107422,-228.278198,371.744385,1

2.436646,1.594238,1.096191,-133.247070,-169.135132,487.283936,0

1.316650,2.497070,1.580933,-83.747559,-158.942261,228.616943,0

2.640747,2.031616,1.736328,10.490723,-116.400757,150.797119,0

2.015625,0.895508,1.643066,42.900391,7.073364,30.740967,0

0.858521,0.485229,0.707275,-9.895020,28.618774,10.904541,0

0.408569,0.069092,0.451416,-44.257812,34.844360,-74.971924,0

0.571533,-0.138184,0.042358,12.077637,51.384888,-14.180908,0

0.548828,-0.173950,0.158936,55.473633,24.041138,-24.739990,0

0.876831,-0.157959,0.433838,-2.937012,-3.912964,-38.961182,0

1.288818,-0.015015,0.466431,29.777832,26.421509,-50.802002,0

1.512451,-0.088989,0.627808,-15.083008,-5.927124,-53.548584,0

0.627075,0.175781,0.221436,-73.981934,-9.161987,20.914307,0

0.685425,0.196777,0.437134,-17.707520,-20.087280,-45.552979,0

0.736816,0.094360,0.439819,-57.624512,-13.251343,-50.802002,0

0.889893,0.158325,0.435181,-74.775391,-46.942749,-34.688721,0

0.304443,0.515381,0.392212,31.853027,2.068481,-38.900146,0

0.309570,0.743530,0.402100,63.225098,-47.247925,-35.115967,1

1.421509,2.355347,1.218750,4.204102,-91.498413,-134.176025,1

1.787476,3.662109,1.709473,58.525391,59.746704,-239.217529,1

2.744385,2.119629,1.464478,-156.867676,-9.100952,-264.547119,1

0.832153,1.249756,1.083740,-19.111328,135.552368,-137.410889,1

1.864624,1.105225,1.050049,69.816895,242.180786,-229.451904,1

2.597534,0.886963,1.348755,256.340332,328.240356,-279.378662,1

2.946289,1.329346,2.199097,178.703613,356.316528,-329.061279,1

2.986816,0.774658,1.453369,229.423828,269.402466,-381.185303,1

2.530396,0.207153,1.232666,295.646973,183.220825,-398.336182,1

1.879517,-3.236084,-0.758057,111.809082,113.213501,-258.138428,1

2.567383,-3.999512,-2.304565,-99.982910,-76.605835,-76.864014,1

1.855957,-3.267578,-1.643799,-258.491211,-239.630737,126.322021,1

2.928833,-0.411255,-0.593140,-132.880859,-458.136597,275.186768,1

3.642090,0.595459,2.800781,-89.301758,-511.542358,348.612061,1

3.644409,1.598755,2.904907,43.449707,-303.900757,454.569092,1

2.653931,1.350464,2.166138,-85.944824,-297.308960,359.964600,1

1.834595,1.094604,1.595093,-99.799805,-252.448120,278.787842,1

1.249878,1.628174,1.527100,-86.311035,-215.399780,286.234131,1

1.308838,2.302979,1.942383,17.692871,-119.269409,183.084717,1

3.049194,2.041260,1.505371,11.467285,-15.875854,9.805908,1

0.809937,1.280151,1.330566,-22.956543,18.303833,116.617432,0

0.137573,1.022827,0.808716,-31.806641,31.121216,-30.721436,0

0.541504,0.059082,0.347534,58.464355,79.155884,-47.261963,0

0.675781,-0.060669,0.445312,134.514160,87.883911,-66.182861,0

1.051636,0.201172,0.500610,129.875488,73.174438,-87.972412,0

1.253784,0.158691,0.645020,13.847656,76.043091,-37.496338,0

0.922729,0.369751,0.149780,-61.774902,-13.190308,1.383057,0

0.673706,0.323120,0.354492,-1.960449,-16.058960,38.431396,0

0.576050,0.468994,0.523682,13.603516,-10.626831,54.117432,0

0.633057,0.625366,0.471924,1.457520,2.007446,5.045166,0

0.864502,0.360718,0.552002,-63.178711,-28.815308,-17.843018,0

0.957886,0.293823,0.123291,-111.457520,-30.219116,-10.457764,1

0.639771,0.111572,-0.435913,-184.089355,-174.445190,-34.505615,1

0.370972,1.269897,1.145874,-151.557617,-259.284058,50.089111,1

1.478882,1.732788,2.098022,59.318848,-53.046265,-123.433838,1

2.275879,2.609497,2.546997,-48.286133,47.051392,-182.454834,1

3.072021,1.426270,1.500854,-10.505371,107.415161,-219.991455,1

0.838623,1.139526,1.159668,37.651367,166.436157,-161.153564,1

1.922119,1.350464,0.780029,-27.778320,233.147583,-241.903076,1

2.165894,0.741699,0.937378,127.983398,281.487427,-243.612061,1

2.953247,2.501221,1.451660,332.634277,374.321899,-352.315674,1

3.994629,2.130615,1.685791,328.972168,244.500122,-481.343994,1

3.994629,1.204346,1.726440,308.342285,84.282837,-511.190186,1

2.602905,-3.999512,-0.609863,-23.933105,-68.244019,-402.303467,1

2.601440,-3.999512,-2.451904,-363.227539,-275.519409,-86.263428,1

1.562378,-3.999512,-2.383423,-305.183105,-368.536987,12.796631,1

2.923584,-0.122070,0.130127,-57.258301,-360.541382,364.603271,1

3.994629,1.873169,1.559326,76.225586,-335.516968,448.099365,1

3.331055,1.434204,1.734497,-44.624023,-373.297729,320.963135,1

3.191650,0.131714,1.677612,-180.366211,-438.178101,248.453369,1

3.994629,0.863281,1.566040,-13.251953,-439.093628,240.396729,1

0.902100,0.970825,2.404541,-116.645508,-316.351929,134.989014,1

1.099365,2.177612,2.804810,-1.105957,-149.420776,185.587158,1

2.705322,2.117798,3.028076,148.491211,-42.853394,-35.543213,1

1.426636,0.814087,1.996338,82.145996,62.310181,34.219971,1

0.815918,0.048706,0.632568,-0.983887,116.936646,63.577881,0

0.385620,0.201294,0.140503,48.515625,110.161743,66.202393,0

0.514038,0.003296,0.024414,85.136719,85.503540,7.425537,0

0.757568,-0.080688,0.157349,142.998047,80.742798,15.115967,0

1.238159,-0.150879,0.228027,134.025879,70.733032,-40.609131,0

1.537354,-0.093994,0.421875,63.408203,39.116821,-9.481201,0

0.807739,0.143921,0.236572,-46.699219,-39.801636,64.310303,0

0.636963,0.251709,0.353882,-35.041504,-35.590210,32.388916,0

0.831055,0.088745,0.454956,-100.166016,-50.116577,0.284424,0

0.919556,0.375122,0.443604,-177.619629,-86.676636,-30.477295,0

0.012573,0.939209,0.270874,-226.264648,-87.714233,-129.964600,1

0.106567,1.197510,1.738281,-284.736328,-240.607300,-380.880127,1

2.327393,1.103882,3.309326,-222.541504,-17.828979,-295.125732,1

2.681396,2.465454,2.461548,-73.615723,206.597290,-123.372803,1

1.620117,1.106445,1.547241,-174.140625,131.951294,-65.694580,1

1.161987,0.777954,2.006958,-42.854004,289.605103,42.215576,1

2.180298,1.602173,1.107910,-15.510254,495.415649,-14.119873,1

3.025269,1.594727,1.427734,170.158691,563.530884,-141.744385,1

3.303467,2.287842,2.022339,243.278809,529.107056,-274.678955,1

3.656616,2.956055,2.916382,1.823730,401.848755,-603.170166,1

3.994141,-0.052368,-0.271851,-130.866699,368.706665,-536.397705,1

3.994141,-2.064575,-3.997559,-215.827637,-90.521851,-150.106201,1

3.994629,-0.965576,-3.506470,80.498047,-475.409546,-5.086670,1

3.673706,0.770874,0.865112,194.877930,-540.106812,175.272217,1

3.965698,2.667603,3.999512,195.000000,-560.858765,390.482178,1

3.083496,1.755859,3.202026,113.945312,-414.862671,301.187744,1

2.408325,1.123169,2.219971,40.397949,-394.476929,363.748779,1

1.400024,1.244263,1.843750,-52.802734,-344.489136,260.172119,1

1.778687,1.487061,2.301270,31.120605,-271.491089,278.299561,1

1.274902,3.173950,2.719482,97.893066,29.046021,258.157959,0

2.170166,1.030518,1.572998,116.203613,-56.403198,53.385010,0

0.771240,0.631958,1.506836,64.567871,5.669556,87.869873,0

0.209229,0.162354,0.415405,-11.481934,67.070923,-3.255615,0

0.405029,-0.251099,-0.162720,7.194824,75.554810,-40.303955,0

0.574829,-0.170288,0.031860,71.220703,44.487915,-28.280029,0

0.882202,-0.144653,0.446777,47.539062,15.374146,-57.088623,0

1.258545,-0.078003,0.582764,15.068359,20.684204,-59.591064,0

1.406250,-0.040771,0.566650,-81.733398,-25.275269,-1.851807,0

0.669678,0.329224,0.340210,-67.329102,-28.876343,74.930420,0

0.523315,0.397461,0.431030,-16.181641,-52.252808,38.126221,0

0.412354,0.468506,0.408813,11.833496,-32.416382,16.458740,0

0.475464,0.992676,0.630981,-0.068359,-32.660522,-28.157959,1

1.286621,1.507690,0.766602,51.994629,-15.448608,-109.273682,1

2.023193,2.002197,1.100098,-16.181641,-8.124390,-150.411377,1

2.411255,1.698120,2.036377,-4.951172,-51.154175,-194.417725,1

0.650391,1.502686,1.803711,-81.794434,36.492310,-204.000244,1

0.887817,0.904053,1.852783,-104.377441,126.763306,-253.438721,1

2.039551,1.043701,1.969116,83.000488,299.065552,-257.650146,1

3.330200,1.479492,2.393799,268.730469,417.595825,-262.471924,1

3.994141,2.087402,3.379272,577.629395,454.277954,-386.312256,1

3.994629,0.935181,2.606323,447.868652,146.477661,-515.157471,1

3.207031,-3.999512,0.900024,242.546387,-20.758667,-432.149658,1

3.088867,-3.999512,-0.180420,-162.727051,-161.994019,13.590088,1

3.112183,-2.763550,-0.275269,-325.629883,-287.665405,369.058838,1

3.994629,1.365234,1.415039,-132.026367,-299.201050,569.193115,1

3.994629,3.770142,3.016846,-129.951172,-199.286499,610.208740,1

2.958740,2.057373,2.295166,-132.026367,-162.055054,509.989014,1

2.304077,1.786865,1.529541,-195.686035,-170.416870,406.168213,1

1.623047,1.913940,1.072876,-137.885742,-199.835815,319.193115,1

1.944824,2.479248,1.841187,-83.015137,-83.319702,226.724854,1

3.355591,2.071411,1.779663,-203.315430,-32.904663,141.214600,1

1.880249,0.889648,1.039551,138.786621,50.225220,-19.246826,1

0.169556,0.642456,0.671509,12.565918,68.230591,30.557861,1

0.852783,-0.394287,0.134644,85.686035,67.254028,-128.011475,0

0.654297,-0.401123,0.176025,20.927734,45.769653,-3.621826,0

0.941040,-0.200073,0.344116,23.857422,45.586548,-31.026611,0

1.068970,-0.056152,0.158691,-69.038086,35.149536,-24.923096,0

1.043579,-0.077148,0.003540,-56.281738,-25.824585,-45.430908,0

0.994873,0.161987,0.251831,17.509766,-43.952026,78.287354,0

0.649292,0.659790,0.406982,42.900391,-45.416870,81.461182,0

0.411011,0.745361,0.555176,6.828613,-31.561890,25.186768,0

0.362915,0.785522,0.589966,-57.929688,-23.932495,-45.491943,0

0.993652,1.332397,0.833984,-41.511230,13.909302,-126.058350,0

2.087280,1.966064,1.526123,-39.985352,25.505981,-164.632568,1

2.775391,2.098877,2.285522,36.308594,105.706177,-235.982666,1

1.183350,1.479858,2.459229,92.338867,257.012329,-193.868408,1

0.346069,1.913086,1.841064,82.207031,227.166138,-158.712158,1

2.422729,1.312866,2.358276,185.783691,266.106567,-292.562256,1

3.345703,0.014893,2.320923,339.897461,334.404907,-231.343994,1

2.742310,-0.034790,1.707031,252.006836,225.029907,-281.820068,1

2.198608,0.473511,1.393555,354.606934,183.037720,-251.119385,1

1.893066,0.295532,1.392822,416.984863,85.869751,-283.773193,1

2.137573,-3.999512,-0.736206,-139.472656,-76.117554,-389.913330,1

2.666992,-3.999512,-3.997559,-464.851074,-242.560425,-13.326416,1

3.722046,-2.201904,-1.302246,-30.280762,-400.885620,241.861572,1

3.994629,0.932129,2.756714,-39.497070,-293.402710,544.412842,1

3.994629,1.638916,3.652222,-73.981934,-333.563843,551.920166,1

2.807983,1.045776,3.637939,-263.312988,-283.331909,408.182373,1

2.630249,2.033936,1.483765,-157.844238,-176.703491,439.920654,1

1.856201,2.410278,1.530396,-154.853516,-134.833374,354.227295,0

1.852661,2.836670,1.421875,59.562988,-107.062378,181.986084,0

3.015137,2.160400,1.448608,50.468750,-4.340210,-27.242432,0

1.989136,0.812134,1.078125,-10.383301,-9.406128,-75.460205,0

0.472412,0.649658,0.628662,-55.488281,16.961060,14.749756,0

0.258179,0.477173,0.534302,-27.045898,59.502563,-113.729248,0

0.595581,-0.095337,0.329712,-33.820801,64.141235,-107.564697,0

0.664551,-0.150024,0.469727,95.024414,60.234985,-52.999268,0

1.273926,-0.218140,0.714355,102.409668,65.545044,-73.201904,0

1.104370,-0.282715,0.370728,10.490723,62.737427,9.866943,0

0.687378,-0.021729,0.013916,-99.616699,-12.763062,43.985596,0

0.787964,0.044189,0.180908,-2.875977,-18.622437,50.943604,0

0.914917,0.253174,0.412354,12.016602,-19.293823,56.131592,0

0.574707,0.630371,0.344727,-85.212402,-41.266479,114.420166,0

0.658813,1.055176,0.458374,-77.155762,-75.873413,30.679932,1

1.360840,1.788452,1.128662,-104.133301,-78.925171,-86.995850,1

1.764404,2.579224,2.070557,134.514160,30.205688,-27.303467,1

2.487061,1.974121,2.116333,-110.480957,4.448853,-293.477783,1

1.251709,0.763062,1.601562,-79.841309,78.423462,-149.312744,1

0.980957,0.856323,1.760498,86.601562,187.371216,-200.704346,1

2.641357,0.575317,1.662109,131.523438,277.092896,-298.177490,1

3.014771,0.593384,1.751709,395.561523,346.672974,-193.319092,1

3.772461,1.375366,2.473389,474.418945,243.340454,-355.916748,1

3.976685,1.261475,2.322754,400.078125,107.171021,-469.197998,1

2.980835,-3.968628,0.951660,225.334473,21.477661,-533.773193,1

2.046631,-3.999512,-3.182983,-306.403809,-50.238647,-138.570557,1

2.051025,-3.999512,-1.824341,-147.834473,-233.527222,243.448486,1

2.911987,0.189819,1.757935,-183.417969,-324.774780,394.022217,1

3.474243,2.338501,3.267578,-72.333984,-247.687378,480.570068,1

2.152466,1.437988,2.248047,-306.831055,-251.288452,277.200928,1

2.583008,0.303345,1.695557,-187.263184,-270.209351,316.629639,1

2.312622,0.967651,1.837891,-258.247070,-272.650757,382.547607,1

1.505981,2.094360,1.398560,-225.349121,-274.420776,308.572998,1

1.905273,2.620117,2.609741,74.150391,-73.370972,300.882568,0

2.658569,0.812622,2.476807,-188.056641,-104.743042,-78.817139,0

0.921753,0.948242,1.371948,78.911133,80.376587,4.984131,0

-0.100952,0.510986,0.665649,-40.839844,87.944946,-45.125732,0

0.397949,0.078125,0.476196,74.760742,113.884888,-148.580322,0

0.854004,-0.127197,0.635132,203.605957,119.561157,-162.557373,0

1.886719,-0.066895,1.187622,211.601562,93.316040,-222.554932,0

0.784302,-0.024048,0.292358,-125.312500,5.852661,50.150146,0

0.476562,0.248901,0.099609,-69.892578,1.580200,80.179443,0

0.652832,0.194946,0.322754,10.063477,-11.420288,28.055420,0

1.036377,0.218262,0.598877,65.056152,-0.372925,46.854248,0

0.825928,0.453247,0.547974,-13.557129,-10.626831,95.194092,0

0.800171,0.478271,0.486450,-49.384766,-30.341187,69.193115,0

0.811157,0.465942,0.596436,-27.167969,-38.153687,55.277100,0

0.782227,0.484375,0.612183,-37.727051,-65.436401,86.588135,0

0.674438,1.222046,1.050903,-77.460938,-93.695679,133.280029,0

0.660889,0.947876,0.574951,48.698730,27.825317,0.040283,0

1.212158,1.054077,0.853760,4.265137,-15.753784,-83.638916,1

2.098389,2.081665,1.638306,39.665527,42.107544,-143.758545,1

2.843628,1.483887,1.922119,-24.116211,27.520142,-301.107178,1

1.483521,0.847534,1.312622,36.369629,46.990356,-214.437256,1

0.764038,0.856323,1.344604,56.328125,105.767212,-196.187744,1

2.055420,0.797729,1.316528,97.099609,187.798462,-308.675537,1

2.512939,1.370117,1.916748,373.833008,327.141724,-289.022217,1

3.994629,1.727295,2.536499,358.635254,267.693481,-467.550049,1

3.779785,1.301147,1.968018,403.374023,195.244751,-510.274658,1

3.425903,-2.362427,0.898315,207.023926,56.328735,-515.767822,1

3.989136,-3.999512,-1.912964,-20.454102,-146.185913,-217.061768,1

3.697388,-3.999512,0.521973,72.197266,-228.949585,244.302979,1

3.994141,0.180420,0.814453,-54.511719,-135.870972,663.065186,1

3.994141,3.997559,1.685913,-66.718750,20.684204,727.091064,1

3.844604,2.731567,1.781616,-198.127441,-187.323608,521.829834,1

3.126465,1.354614,2.039307,-213.569336,-193.060913,487.161865,1

2.454346,2.501099,1.372437,-267.463379,-174.750366,445.657959,0

2.568115,2.522217,1.743652,-22.346191,-131.232300,304.483643,0

2.469238,3.422241,0.959839,63.408203,0.176392,168.436279,0

2.237061,2.000977,0.957764,226.066895,-49.140015,-6.185303,0

0.388794,1.825439,0.933472,34.782715,23.491821,9.195557,0

0.273193,0.960205,0.463623,-27.595215,52.422485,-198.262939,0

1.199341,0.227539,0.578247,32.036133,76.104126,-245.870361,0

1.414062,0.047241,0.522583,-8.430176,76.470337,-192.769775,0

1.621704,-0.047974,0.372803,-9.406738,56.267700,-134.847412,0

0.752686,-0.112183,0.105469,-43.281250,20.134888,13.223877,0

0.655762,-0.002441,0.122925,-31.806641,-4.645386,28.909912,0

0.961182,-0.314941,0.027100,89.714355,-1.715698,85.306396,0

1.069580,0.244629,0.076050,228.081055,130.791626,202.554932,0

0.989990,0.224121,0.367432,70.244141,7.378540,125.894775,0

0.951050,0.267578,0.320923,-27.900391,-29.059448,137.735596,0

0.871826,1.170288,-0.142822,111.137695,67.986450,160.318604,0

1.242432,3.997559,-0.771606,-0.373535,-12.824097,223.245850,1

2.405273,3.869385,-0.447876,-35.834961,-137.457886,-376.729736,1

3.227051,2.569702,0.916260,-7.697754,-85.089722,-272.786865,1

1.618652,1.631226,0.754395,-33.393555,-60.797729,-271.749268,1

1.637939,1.518677,0.980103,48.759766,31.243286,-320.150146,1

2.854736,0.977905,1.331055,209.404297,105.401001,-377.401123,1

2.838745,1.629028,2.000366,436.210938,175.042114,-269.429932,1

3.751221,2.601318,2.567017,362.053223,44.182739,-504.537354,1

3.989502,1.176270,2.164551,392.753906,-38.580933,-511.556396,1

3.796143,-3.999512,0.770142,16.228027,-237.128296,-503.011475,1

3.083374,-3.999512,-1.428467,-181.586914,-240.057983,74.808350,1

3.242676,-2.564819,0.324829,-176.154785,-284.735718,440.408936,1

3.994141,2.186035,1.835815,-55.854492,-164.801636,624.674072,1

3.631226,3.131104,2.226074,-180.732422,-150.275269,560.220947,0

3.373047,1.450073,1.845093,-173.530273,-181.036987,445.169678,0

2.647705,1.585449,1.547119,-87.897949,-83.319702,437.784424,0

1.952148,2.127563,1.111450,-213.935547,-109.381714,368.448486,0

2.274780,3.164185,1.069092,-230.354004,-84.784546,269.022217,0

2.437988,3.453613,1.354980,120.903320,31.304321,114.481201,0

2.398804,1.811035,1.279541,-21.613770,24.346313,-97.249756,0

0.622559,0.987061,0.572876,-115.791016,91.179810,-83.883057,0

0.695068,0.537842,0.400146,-86.005859,93.132935,-201.741943,0

1.016235,-0.034668,0.416260,104.118652,111.321411,-197.164307,0

1.425903,-0.142578,0.556152,167.351074,90.691528,-202.535400,0

0.872070,-0.432251,0.272949,-21.186523,25.689087,-39.632568,0

0.572876,-0.132568,-0.015625,-29.853516,5.547485,44.534912,0

0.592285,-0.058594,0.108521,64.750977,-12.946167,71.268311,0

0.998413,0.012207,0.391968,74.638672,-27.167358,67.606201,0

1.069580,0.202759,0.421387,84.587402,-3.668823,136.270752,0

1.255127,0.389526,0.511108,108.940430,10.430298,139.505615,0

1.367432,0.898926,-0.157349,352.836914,111.687622,192.606201,0

0.960938,1.698120,-0.634521,101.372070,222.283325,240.640869,0

0.691650,2.322998,-2.363403,-293.647461,-84.967651,74.808350,1

1.937988,1.993896,-0.184570,12.260742,-137.030640,-178.792725,1

2.569458,2.592285,-0.095459,-178.413086,-218.390503,-240.743408,1

2.750732,2.866455,0.693848,-101.630859,-168.280640,-405.172119,1

1.190796,1.403687,0.449219,-78.193359,-90.827026,-197.225342,1

0.848877,2.090942,0.482056,-42.670898,30.083618,-240.743408,1

2.607178,1.459595,0.517700,139.519043,127.495728,-325.826416,1

3.366211,1.349854,1.192261,320.122070,182.061157,-323.018799,1

3.994141,1.864624,1.749023,121.025391,100.457153,-520.894775,1

3.994141,0.571411,1.381226,300.895996,35.271606,-523.458252,1

2.719604,-3.999512,0.480713,60.600586,-146.674194,-521.566162,1

2.940063,-3.999512,-2.190308,-374.702148,-277.838745,35.379639,1

3.038330,-3.016968,-0.870117,-125.190430,-303.168335,323.831787,1

3.621094,0.931885,1.318115,-20.148926,-276.312866,560.587158,1

3.994141,2.656738,2.436890,-59.455566,-231.818237,580.789795,1

3.994141,2.213867,2.279663,-98.640137,-236.884155,506.082764,1

2.248413,1.681152,1.504028,-69.099121,-138.556519,448.465576,1

1.799316,1.232666,1.083496,-154.914551,-161.871948,291.239014,1

1.665527,2.459839,0.971191,-114.875488,-95.099487,323.709717,1

1.746094,2.863403,1.320801,46.501465,-0.494995,177.591553,0

2.750366,1.570068,1.314209,16.533203,-23.078003,-101.339111,0

1.301392,1.160400,1.014160,-28.083496,33.135376,-2.767334,0

0.411865,0.774902,0.794189,-56.220703,65.606079,-74.971924,0

0.492432,0.305542,0.681274,50.102539,102.654419,-175.313721,0

1.135254,0.043701,0.799438,123.161621,116.143188,-202.901611,0

1.301025,-0.126831,0.630981,78.483887,153.557739,-214.254150,0

1.114380,0.055786,0.147583,-81.000977,79.338989,-141.683350,0

0.624146,0.058960,0.017090,-82.343750,32.402954,34.036865,0

0.681885,-0.094360,-0.286133,10.185547,8.782349,56.192627,0

1.164062,-0.105591,-0.120850,116.691895,-31.928101,163.004150,0

1.425659,0.390259,0.464966,178.581543,-73.004761,247.049561,0

1.122559,0.577759,0.626221,70.793457,-17.035522,237.833252,0

1.096191,0.885986,0.496826,-22.590332,-3.485718,185.587158,0

1.470703,1.446411,0.332886,-53.779297,-26.740112,106.485596,0

0.328613,2.812378,-0.127075,-20.332031,24.712524,18.839111,1

1.309937,2.288452,0.148438,-218.574219,-97.174683,-95.540771,1

2.093750,2.380493,0.374146,-69.099121,4.387817,-230.977783,1

3.720459,1.727051,1.164307,-43.037109,-22.223511,-388.143311,1

1.871094,1.015991,0.950439,27.885742,-20.331421,-159.993896,1

0.373901,2.049805,1.439819,-25.275879,97.344360,-134.420166,1

2.760986,1.454590,1.087646,55.473633,199.700317,-416.097412,1

3.785156,1.604248,1.990356,335.319824,270.073853,-436.544189,1

3.994141,2.152222,2.559692,340.263672,247.979126,-527.669678,1

3.994141,-0.018311,1.843872,265.495605,153.923950,-557.698975,1

2.919312,-3.999512,-2.026367,-318.488770,-9.284058,-225.423584,1

1.829956,-3.999512,-2.937012,-96.748047,-213.080444,58.145752,1

2.402954,-3.299561,-0.547363,-106.635742,-386.786499,284.952393,1

3.994141,1.675049,1.660645,102.958984,-262.763062,554.666748,1

3.994141,3.226074,1.734741,-191.047363,-339.972534,601.602783,1

3.994141,2.885620,2.222778,105.339355,-187.079468,569.010010,1

1.968506,1.892456,1.036499,-24.970703,-135.077515,363.260498,1

1.203125,2.039795,0.808838,-5.927734,-14.166870,297.342529,1

0.936401,2.202026,0.360596,-115.546875,-34.918823,237.528076,0

1.924438,2.775024,1.373413,-97.907715,-15.509644,106.241455,0

3.514771,1.381470,0.826904,122.246094,83.428345,-197.469482,0

1.203125,0.407715,0.642090,6.340332,-7.575073,-4.171143,0

0.418457,0.495850,0.615601,-68.366699,-0.739136,-79.976807,0

0.616821,0.236572,0.662231,20.073242,64.019165,-108.663330,0

0.960205,-0.370605,0.520386,93.925781,95.391235,-122.030029,0

0.945312,-0.964355,0.293457,112.236328,119.683228,-80.648193,0

0.994507,-1.255127,-0.474487,-120.734863,15.801392,-39.327393,0

0.935669,-0.322144,-0.004761,36.186523,-18.073120,133.463135,0

0.857666,0.462402,0.332520,-3.486328,-24.298706,168.680420,0

1.613647,1.059692,0.485718,-20.087891,-20.636597,117.288818,0

1.969971,1.644043,0.744263,46.745605,13.665161,89.517822,0

0.919678,1.071411,0.582764,-44.685059,-33.392944,79.019775,0

0.403809,0.921509,0.458984,-26.618652,0.237427,30.985107,0

0.449585,0.347290,0.457642,-11.970215,2.373657,-51.473389,0

0.366943,-0.850220,0.221680,48.210449,-3.729858,-50.557861,0

0.767090,-1.455078,0.263306,95.146484,-5.011597,-29.012451,1

1.172852,0.729858,0.002441,-42.976074,26.665649,62.418213,1

2.835327,2.991455,-0.029541,57.548828,-88.934937,33.975830,1

3.565552,3.042236,1.811646,13.786621,-144.904175,-141.256104,1

1.662476,2.660400,1.120483,-125.434570,-1.532593,-240.255127,1

1.999390,1.788208,1.156982,-98.151855,114.861450,-321.004639,1

3.346191,0.765259,0.924438,39.665527,186.455688,-412.435303,1

3.815918,0.474731,1.280151,377.006836,233.208618,-370.137939,1

3.607666,0.977417,2.051270,503.471680,144.707642,-326.802979,1

3.893555,1.442017,2.423584,394.157715,25.261841,-448.446045,1

2.619263,-1.468018,1.395996,289.909668,-60.370483,-447.103271,1

1.437866,-3.999512,-0.228149,-143.256836,-151.434937,-314.779053,1

1.281128,-3.999512,-1.392700,-329.597168,-227.667847,0.040283,1

2.665161,-1.764648,-0.034790,-159.797363,-246.954956,329.019775,1

3.689575,0.739624,1.799072,-111.457520,-226.447144,526.590576,1

3.994141,1.282104,1.871338,-106.757812,-212.470093,525.064697,1

3.405273,1.073242,2.156860,-168.037109,-224.860229,407.877197,1

2.329834,1.000244,1.658447,-246.711426,-211.981812,346.414795,1

1.514282,1.301147,1.424072,-122.504883,-161.261597,249.185791,1

2.095947,2.355103,1.561401,-87.226562,-95.465698,250.528564,1

2.770508,2.496094,1.921021,144.401855,-77.643433,88.541260,1

1.938110,1.859375,1.411987,117.241211,43.816528,70.169678,1

0.472900,0.963501,0.439209,-38.764648,57.183228,9.012451,1

0.381836,0.438354,0.297852,-11.909180,67.376099,-59.591064,1

0.620239,0.098877,0.224854,20.134277,78.667603,-40.731201,1

0.795654,0.018311,0.148071,16.289062,58.220825,-71.737061,0

1.260132,-0.078247,0.273804,29.960938,15.130005,-8.809814,0

1.191528,0.012695,0.375732,53.886719,-4.584351,-19.002686,0

0.698486,0.010498,0.327759,-17.890625,-23.627319,38.187256,0

0.735474,0.175049,0.244751,-4.584961,-20.575562,29.520264,0

0.946411,0.060913,0.302734,11.833496,-24.664917,16.031494,0

1.130493,0.094604,0.380005,30.205078,-44.135132,22.012939,0

0.957153,0.327515,0.461548,-75.751953,-77.826538,64.798584,0

0.747803,0.928467,0.474487,-137.885742,-86.676636,16.885986,0

0.713257,1.121948,0.873047,-258.613281,-122.504272,-75.338135,0

0.551392,2.658203,2.069214,63.713379,5.425415,-75.887451,1

2.869507,2.268066,1.967529,19.768066,75.249634,-310.445557,1

2.452148,1.268677,1.583130,37.285156,144.280396,-217.122803,1

1.318726,1.063477,1.246704,-2.387695,162.957153,-161.031494,1

1.855469,1.319946,1.051880,40.581055,245.903931,-242.757568,1

2.892456,1.153320,0.959717,259.208984,334.404907,-243.123779,1

3.939087,1.563232,1.691895,462.395020,273.980103,-380.819092,1

3.846802,1.111816,1.452881,393.669434,106.621704,-459.188232,1

3.171631,-0.411255,0.969482,337.150879,7.439575,-394.063721,1

2.846436,-3.999512,2.007324,190.788574,-165.595093,-359.945068,1

1.167725,-3.999512,0.671509,-162.788086,-198.309937,191.812744,1

2.475098,-1.001221,1.556274,-290.168457,-119.269409,497.537842,1

3.755859,1.197144,1.477661,-193.854980,-111.823120,505.838623,1

3.799683,2.354736,1.735840,-112.556152,-22.223511,576.517334,1

3.118408,1.659424,1.535278,-146.186523,-87.042847,389.017334,1

1.980469,1.578857,1.108521,-47.858887,-45.905151,384.866943,1

1.143311,1.428345,0.418823,-78.071289,-30.829468,319.559326,1

1.933960,2.859131,-0.064697,-40.351562,73.113403,253.092041,0

2.617432,3.846924,0.263794,71.708984,46.257935,126.688232,0

1.619995,2.632812,0.157715,19.340820,56.206665,25.675049,0

0.640015,1.370850,0.177368,-40.839844,55.535278,-72.286377,0

0.460693,0.740234,0.320923,-31.196289,27.031860,-146.322021,0

0.579224,0.308350,0.366699,26.176758,40.703735,-172.506104,0

0.837891,-0.015747,0.554565,115.288086,52.056274,-136.007080,0

1.066162,0.136963,0.716553,87.639160,70.610962,-97.493896,0

1.269775,0.205566,0.713989,43.083496,79.461060,-115.377197,0

0.893799,0.004150,0.290283,-83.686523,45.769653,-42.073975,0

0.574829,0.229126,-0.027222,-121.955566,-48.895874,103.616943,0

0.529541,0.547729,0.082397,-7.514648,-20.087280,139.749756,0

0.789062,0.658569,0.379028,69.206543,-2.448120,130.899658,0

0.890991,0.795898,0.494385,33.684082,-12.396851,118.692627,0

1.082886,0.813477,0.600952,-63.850098,-31.378784,95.987549,0

1.128662,0.851074,0.587891,-109.626465,-48.224487,94.705811,0

0.742065,0.809448,0.556274,-63.056641,-26.618042,129.251709,0

0.621582,0.893555,0.573242,-19.843750,35.210571,83.292236,0

0.835693,0.693848,0.690186,-7.819824,14.702759,29.581299,0

0.848633,0.504272,0.605591,50.346680,46.196899,-12.532959,0

0.817383,0.236450,0.571411,-12.946777,13.482056,-41.097412,0

0.706299,0.198242,0.406616,-14.472656,11.345825,-66.182861,0

0.421143,0.749023,-0.173828,-120.185547,-41.327515,-115.987549,1

0.688721,0.766968,-0.187134,-240.363770,-181.342163,-319.844971,1

0.957520,2.527588,1.967773,-94.550781,-152.533569,-149.312744,1

2.414307,2.747314,2.211426,-55.488281,49.492798,-361.776123,1

1.770386,1.375977,1.825928,-17.036133,116.387329,-214.681396,1

0.537598,1.112549,1.035522,-10.932617,166.375122,-90.596924,1

1.982788,0.745850,0.924072,173.759766,272.759399,-187.459717,1

2.112915,0.521362,0.800171,349.785156,300.408325,-164.083252,1

1.789673,0.226196,0.779785,332.329102,171.929321,-211.263428,1

1.615845,0.469238,0.586304,240.715332,87.212524,-210.347900,1

1.576904,0.698975,0.864136,307.487793,18.120728,-275.289307,1

1.179932,-0.134155,0.232178,172.539062,-57.929077,-373.739014,1

1.088257,-3.999512,-1.043823,9.025879,-138.373413,-426.778564,1

0.868530,-3.999512,-0.871704,-110.480957,-105.475464,73.831787,1

1.283569,-1.549072,-0.531860,-190.131836,-150.214233,292.703857,1

1.937500,0.049805,0.421875,-236.823730,-259.894409,272.318115,0

3.062866,0.568970,1.329590,-160.041504,-352.179565,334.757080,0

3.829346,2.213867,2.426514,35.148926,-329.535522,368.814697,0

2.740112,1.763672,1.845215,-93.757324,-313.727417,371.500244,0

1.477417,1.395874,1.410156,-144.843750,-311.224976,308.023682,0

1.198608,0.982422,1.594849,-199.775391,-339.423218,196.695557,0

1.867798,2.843506,3.258545,28.862305,-192.328491,162.210693,0

1.933472,3.997559,3.999512,71.525879,-43.829956,45.816650,0

2.391968,1.908203,2.887695,-135.139160,111.199341,-172.506104,1

1.239868,0.414429,1.541382,-206.611328,215.935669,-91.329346,1

1.572266,0.816406,1.430420,-30.524902,376.824341,-116.231689,0

2.951294,1.013428,1.392578,210.258789,455.437622,-197.530518,0

2.840332,1.504150,1.725830,337.089844,493.828735,-290.548096,0

2.841431,1.929321,1.706421,199.516602,348.565063,-327.718506,1

3.014526,1.755249,1.458984,210.991211,299.187622,-423.177490,1

2.984375,-1.185059,0.315063,152.885742,175.347290,-493.428955,1

3.994141,-3.999512,-2.084351,93.986816,38.872681,-230.489502,1

3.994141,-3.999512,-1.609619,-76.118164,-239.447632,16.947021,1

3.286255,-0.515015,-0.031006,-87.470703,-328.253784,418.375244,1

3.994141,2.185547,2.021606,-31.135254,-429.022827,553.690186,1

3.173950,2.566528,2.861938,-100.166016,-378.729858,421.365967,1

3.327637,1.017334,2.055298,-103.950195,-433.112183,378.580322,1

3.160645,0.990356,1.847534,-137.763672,-425.482788,343.973389,1

1.596924,0.959839,2.088989,-87.470703,-345.892944,229.471436,0

1.611694,1.967773,3.213135,-35.285645,-244.513550,141.947021,0

1.757935,2.395752,3.773438,-250.007324,-106.696167,-23.641357,0

3.885620,2.075928,2.717041,67.192383,120.598755,-166.463623,0

2.046997,0.663452,1.918457,-214.057617,127.556763,-219.197998,0

1.250977,-0.005859,1.635864,-162.238770,185.418091,-103.780518,0

2.054688,0.689697,1.053589,181.755371,425.835571,-73.690186,0

2.759277,0.558228,1.461914,359.428711,476.372681,-132.344971,0

2.649170,0.902222,1.489380,276.054688,366.387329,-295.675049,0

2.730591,0.976318,1.439209,179.924316,293.999634,-274.556885,0

2.825928,0.529419,1.104614,202.141113,211.052856,-403.524170,1

1.815674,-0.853271,-0.531006,101.860352,107.293091,-450.093994,1

1.862427,-3.992920,-3.996704,-260.566406,-52.741089,-206.380615,1

1.784424,-2.930664,-3.759644,-212.897949,-250.189819,-48.665771,1

2.024536,-0.941895,-1.788086,-123.054199,-420.355835,132.730713,1

3.564819,0.985718,2.621338,130.180664,-428.168335,252.786865,1

2.929565,0.597778,1.841919,-13.312988,-401.007690,273.599854,1

3.202881,0.468994,1.403198,-28.083496,-460.211792,224.344482,1

3.558716,0.535889,1.799438,-100.776367,-501.593628,253.519287,1

2.865112,0.625732,2.000000,-13.251953,-423.346558,216.654053,1

1.713989,0.611328,3.619263,85.014648,-287.299194,98.062744,1

1.398926,3.985962,3.999512,-496.528320,-182.929077,-15.523682,1

3.210327,2.363037,3.519165,251.579590,132.561646,-91.756592,1

2.499756,0.642212,2.645508,-240.607910,188.286743,-91.451416,1

1.595337,0.518433,2.046875,-148.017578,230.462036,-125.753174,1

2.755493,0.784912,1.568970,187.614746,368.096313,-98.226318,1

3.994141,0.476074,1.378296,372.917480,470.269165,-249.776611,1

3.889404,0.476685,1.316040,434.013672,374.627075,-335.897217,1

3.929443,1.549683,1.512939,246.025391,264.336548,-456.990967,1

3.854980,0.005859,0.835083,237.846680,152.092896,-493.489990,1

2.496094,-3.999512,-1.658081,-113.837891,-13.312378,-362.691650,1

1.760010,-3.999512,-2.342529,-262.458496,-182.929077,-57.088623,1

1.671875,-3.385132,-2.165039,-291.389160,-291.022339,188.638916,1

3.666504,-0.047119,0.378906,-14.228516,-446.723022,375.772705,1

3.994141,1.713379,2.598511,-60.187988,-440.619507,424.051514,1

3.734009,1.335693,2.466797,-78.620605,-378.119507,307.291260,1

2.962891,0.103516,1.463379,-152.167969,-378.607788,269.510498,1

2.218384,0.598022,1.700439,-72.822266,-322.516479,295.816650,1

1.510376,1.297852,2.213257,-107.185059,-277.045288,181.314697,1

1.730835,3.997559,3.999512,-1034.064941,-332.587280,126.322021,1

3.429199,2.433716,3.562866,399.284668,188.897095,-98.653564,1

2.348999,0.620361,1.633057,-254.645996,134.758911,-131.124268,0

1.633179,0.320190,1.927002,-32.355957,176.445923,-137.288818,0

1.298462,0.379150,1.768433,-131.660156,293.938599,-78.634033,0

2.923340,0.084351,1.181519,173.393555,437.432251,-145.345459,0

2.621216,0.683838,1.543579,321.037598,492.363892,-171.224365,0

2.503906,0.962646,1.446045,299.858398,415.276489,-305.318604,0

2.218384,0.879761,1.163696,200.249023,284.295044,-324.117432,0

1.945801,-0.257080,0.195435,151.481934,210.686646,-282.674561,0

1.982056,-2.076172,-1.552490,-163.581543,15.313110,-321.126709,0

2.361938,-3.381592,-3.508057,-161.872559,-61.652222,-300.191650,0

1.075806,-1.751709,-2.006714,-112.617188,-252.936401,47.342529,0

0.996094,0.538452,1.091919,121.757812,-237.311401,225.382080,0

1.539917,0.417725,0.981689,34.477539,-287.726440,211.466064,0

2.290405,0.759521,0.757080,-48.469238,-445.258179,343.668213,0

2.333862,1.457520,1.756958,-19.416504,-485.175171,325.662842,0

0.580322,1.667969,2.717896,-23.139648,-278.937378,271.890869,0

1.772461,2.486816,2.964478,-39.924316,-416.632690,228.006592,0

2.180054,2.747314,3.373779,112.968750,-372.626343,30.802002,0

-0.227173,0.615479,3.424805,-74.409180,-309.515991,-51.473389,0

-0.136475,0.101440,1.151245,-100.776367,131.829224,-13.936768,0

0.476074,0.152222,0.805908,-51.520996,84.282837,-24.495850,0

0.957764,0.323730,0.451660,-57.807617,125.603638,-19.185791,0

1.380737,0.626831,0.405762,11.162109,111.992798,13.895264,0

1.272339,0.592529,0.423950,133.354492,121.087036,-0.447998,0

0.154419,0.329834,0.340454,-33.515625,-39.923706,94.827881,0

0.393799,0.385620,0.536865,11.772461,4.815063,-31.636963,0

0.652466,0.345215,0.548340,27.275391,14.214478,-31.820068,0

0.718262,0.817383,0.413208,-15.388184,3.106079,18.656006,0

0.661499,0.795410,0.492188,-0.190430,-22.528687,34.097900,0

0.722778,0.570923,0.645996,33.989258,-43.646851,-13.692627,0

0.465332,0.583496,0.698608,-4.645996,-18.988647,29.093018,0

0.398926,0.509399,0.680054,-10.505371,-32.721558,1.688232,0

0.692993,0.572754,0.769653,0.419922,-13.312378,-32.735596,0

0.543945,0.570435,0.708496,-34.919434,-13.922729,-5.574951,0

0.551392,0.504150,0.693848,-23.261719,-12.579956,-60.689697,0

0.541626,0.396240,0.779541,-15.693359,-3.424683,-47.750244,0

0.493164,0.473877,0.700562,-34.553223,16.961060,-22.481689,0

0.529663,0.476074,0.656616,-12.336426,15.130005,-42.989502,0

0.527466,0.285400,0.699341,-11.176758,-41.205444,-21.505127,0

0.421753,0.245605,0.797119,11.955566,-26.679077,-0.447998,0

0.473633,0.317383,0.871826,22.758789,-9.711304,3.580322,0

0.484131,0.262695,0.855225,11.528320,1.152954,42.459717,0

0.500366,0.440063,0.749878,25.383301,31.182251,48.990479,0

0.693481,0.520752,0.727051,61.943359,40.703735,62.784424,0

0.909180,0.690674,0.723267,66.826172,46.074829,76.639404,0

0.840332,0.445435,0.558350,87.517090,55.474243,100.198975,0

0.833008,0.279541,0.414551,93.742676,63.347778,90.738525,0

0.693115,0.176758,0.341675,59.685059,25.689087,93.668213,0

0.751587,0.185547,0.637695,66.765137,9.453735,42.154541,0

0.916138,0.049072,0.805298,-6.354980,11.956177,35.562744,0

1.046753,0.110596,0.211182,-159.309082,34.417114,45.389404,0

0.942749,0.081787,0.002075,-138.984375,-36.932983,61.319580,0

0.804688,0.376221,0.173828,-57.441406,-21.674194,47.708740,0

0.774170,0.326538,0.562866,-21.552734,14.763794,11.942139,0

0.880615,0.163208,0.868286,108.085938,-62.933960,-57.454834,0

0.677612,0.766113,1.598999,8.781738,42.168579,-30.660400,0

1.050781,-0.252808,-0.117065,-107.551270,6.157837,13.773193,0

0.835693,0.051025,0.517700,100.029297,34.905396,-8.687744,0

0.537476,0.365112,0.851074,24.345703,38.384399,12.613525,0

0.763062,0.081299,0.776611,15.373535,-4.035034,-41.890869,0

0.695557,0.184326,0.733032,14.274902,2.495728,21.280518,0

0.701782,0.199585,0.772949,-15.754395,-10.626831,8.035889,0

0.728271,0.180542,0.660522,-12.458496,-0.250854,-3.133545,0

0.733154,0.183472,0.702148,9.880371,6.401978,1.505127,0

0.661377,0.200073,0.780640,-8.247070,11.284790,-0.325928,0

0.712402,0.045654,0.890503,-8.613281,16.106567,10.538330,0

0.715820,-0.019043,1.010254,-41.877441,57.427368,10.111084,0

0.755005,-0.346802,1.045654,-29.975586,11.895142,27.384033,0

0.575806,-0.133911,1.241699,27.885742,148.369751,123.270264,0

0.394531,-0.127075,1.077393,-3.425293,99.663696,114.969482,0

0.306396,-0.206665,1.032471,26.237793,106.743774,135.050049,0

0.113281,-0.155396,1.071289,75.920410,157.402954,133.218994,0

0.306152,-0.167969,0.852661,52.238770,96.856079,108.621826,0

0.224121,0.002563,0.561768,119.987793,103.325806,120.645752,0

0.200562,0.257446,0.772583,142.631836,43.145142,33.060303,0

0.048706,0.447876,0.885742,37.895508,37.224731,43.375244,0

0.052368,0.648438,0.762207,1.823730,-12.824097,-2.889404,0

0.263062,0.297119,0.878296,-127.143555,8.171997,-87.117920,0

0.021118,-0.102661,1.809570,-178.474121,114.312134,-26.510010,0

-0.211304,0.059204,0.380249,196.892090,-40.228882,-24.801025,0

0.156250,0.494995,0.437256,308.037109,-88.507690,137.979736,0

-0.186157,0.887451,0.517578,-105.598145,-61.041870,88.297119,0

-0.226929,0.063354,0.723389,-223.518066,14.336548,-18.575439,0

