0.012817,0.010620,1.001953,-0.096436,-0.061646,0.129395,0

0.017578,0.004395,1.003052,-0.096436,-0.183716,0.129395,0

0.017090,0.005249,1.002686,0.025635,0.060425,0.129395,0

0.012817,0.009399,1.009888,0.086670,0.060425,0.068359,0

0.018799,0.004272,1.003174,-0.035400,-0.183716,0.068359,0

0.021606,0.003662,0.999756,0.086670,0.060425,0.129395,0

0.015869,0.009521,1.005127,0.269775,0.060425,0.068359,0

0.018311,0.005981,1.003540,0.147705,0.060425,0.068359,0

0.018311,0.004517,1.002930,0.269775,-0.000610,0.068359,0

0.015015,0.008545,1.005005,0.208740,0.060425,0.068359,0

0.019531,0.009766,1.005371,-0.035400,-0.000610,0.068359,0

0.018921,0.007568,1.003296,-0.218506,0.060425,0.007324,0

0.014893,0.005493,1.002563,-0.279541,-0.000610,0.068359,0

0.017578,0.008057,1.004150,-0.096436,-0.000610,0.007324,0

0.017700,0.006714,1.004395,-0.218506,0.121460,0.129395,0

0.015625,0.002930,1.003906,-0.157471,-0.061646,0.068359,0

0.017090,0.005493,1.008423,-0.035400,-0.000610,0.068359,0

0.021973,0.007568,1.007202,0.574951,0.121460,0.068359,0

0.015869,0.006470,1.007568,0.330811,0.121460,0.007324,0

0.013672,0.008057,1.010010,1.002197,0.304565,0.068359,0

0.016357,0.009888,1.006226,9.425049,2.990112,8.857422,0

-0.003296,0.049927,1.078613,16.138916,12.267456,13.312988,0

-0.023315,-0.166748,1.126587,-56.614990,44.127808,39.680176,0

-0.055908,-0.410278,1.119629,-187.535400,50.963745,83.625488,0

-0.194824,-0.736816,1.111816,-212.498779,78.002319,-0.175781,0

-0.051025,-0.930664,0.828369,-353.917236,26.976929,-73.967285,0

0.157349,-0.795654,0.645752,-333.531494,28.197632,-109.672852,0

0.295898,-1.096924,0.333496,104.700928,-34.485474,-58.037109,0

0.194092,-1.064453,0.323364,98.231201,-0.427856,-76.347656,0

0.087646,-0.316040,0.534790,94.874268,27.648315,-56.938477,0

-0.208252,-0.264893,0.795654,62.098389,5.309448,8.613281,0

-0.314209,-0.472168,0.736938,18.580322,-12.329712,16.730957,0

-0.190063,-0.750122,0.621460,48.182373,-66.956177,20.881348,0

-0.088257,-0.620850,0.876709,125.880127,25.756226,-15.495605,0

-0.081787,-0.675171,0.896851,71.009521,13.244019,-0.847168,0

-0.167114,-0.685669,1.067383,82.911377,-124.817505,-33.684082,0

0.120483,-0.307861,1.034424,70.521240,14.708862,-49.431152,0

0.295044,-0.239624,0.915894,80.469971,57.250366,-20.805664,0

0.139526,-0.206543,0.902710,58.009033,49.559937,22.285156,0

0.221191,-0.322266,1.015869,60.816650,4.332886,-41.923828,0

0.278564,-0.287476,1.032715,118.067627,-16.235962,-65.727539,0

0.356445,-0.116821,1.182739,162.867432,-10.803833,-98.137207,0

0.334229,0.084106,1.111206,155.238037,12.694702,-123.405762,0

0.133057,0.229370,0.706787,359.217529,41.442261,-136.284180,0

0.025513,0.706909,0.670654,67.103271,-46.387329,-77.568359,0

0.072021,0.499634,1.119507,128.260498,-57.739868,-72.502441,0

-0.326538,0.901733,1.031860,175.684814,44.371948,-70.122070,0

-0.851074,1.501587,1.416992,-111.546631,68.724976,-90.568848,0

-0.730103,0.633179,1.017334,3.443604,154.662476,-153.190918,0

-0.445679,0.579224,0.577515,94.447021,159.362183,-114.189453,0

-0.542236,0.398315,0.119629,114.222412,79.711304,-58.830566,0

0.095581,0.406616,0.005005,75.037842,5.980835,-164.360352,0

0.481445,0.173828,0.399414,-18.590088,-0.977173,-36.796875,0

0.696411,0.169067,-0.016724,7.655029,92.101440,-45.280762,0

0.380737,-0.179321,-0.211060,53.675537,2.318726,66.230469,0

-0.277466,0.655762,-0.171997,75.037842,7.140503,216.865234,0

-1.780396,2.343506,0.117554,-15.660400,-40.161743,224.860840,0

-2.454224,2.508057,-0.434937,-7.298584,3.783569,53.352051,0

-1.583740,2.100586,0.387207,-80.662842,-47.485962,-93.193359,0

-0.804810,1.464600,0.260132,-32.872314,44.799194,-132.500000,0

0.092285,0.864502,0.033936,2.161865,74.157104,-151.115723,0

0.595337,0.173828,-0.011230,-67.601318,11.107788,-149.223633,0

1.122925,-0.738892,0.240112,-37.388916,-14.465942,-63.225098,0

1.010010,-0.307739,0.065430,-32.445068,-4.578247,166.999512,0

0.259277,0.778564,-0.135132,-42.393799,2.990112,206.672363,0

-1.572754,2.997070,0.873535,-56.126709,-137.268677,215.339355,0

-2.454590,3.080444,1.131836,-23.228760,2.013550,-30.083008,0

-1.222290,1.553955,0.541748,-12.669678,48.522339,-150.627441,0

-0.107666,0.320801,0.425537,31.031494,90.880737,-156.608887,0

0.286255,-0.247681,0.276855,-26.036377,44.005737,-110.588379,0

0.576416,-1.122803,0.575317,-15.782471,34.179077,-33.439941,0

0.680054,-0.670532,0.523682,-49.290771,37.047729,147.346191,0

0.249268,1.152466,-0.144409,-47.886963,78.246460,237.556152,0

-0.329224,2.703613,-0.357300,-7.603760,58.471069,214.057617,0

-0.718140,2.660156,-1.260864,-10.533447,-57.129517,-2.312012,0

0.068115,1.306274,-0.269531,27.125244,-209.839478,-61.638184,0

-0.031860,1.299561,-0.299438,121.485596,-192.383423,-52.177734,0

0.035522,0.663452,1.518188,141.810303,-178.528442,-39.177246,0

-0.462769,0.600952,1.397827,158.472900,-38.086548,14.045410,0

-0.454712,0.120483,2.007324,93.348389,24.657593,34.064941,0

-1.111206,0.641235,1.952148,42.506104,166.991577,105.231934,0

-1.281982,2.182495,1.945190,-111.058350,179.076538,-14.763184,0

0.363770,2.176514,0.951660,-115.941162,295.409546,-94.658203,0

0.987671,1.771118,-1.142334,-15.172119,312.804565,-121.818848,0

0.953979,1.262207,-0.963257,-71.568604,79.039917,-139.152832,0

1.080933,0.748535,-0.718872,-79.747314,13.732300,-81.718750,0

1.031860,0.543213,-0.743530,22.913818,-34.729614,-29.289551,0

0.979126,0.252563,-0.397949,-18.895264,-144.287720,30.097656,0

0.883789,0.627441,-0.080811,44.703369,-176.392212,98.212891,0

0.472290,1.786133,0.251343,75.037842,-203.613892,145.270996,0

0.099243,2.344727,0.364868,35.487061,-261.475220,67.451172,0

-0.036011,1.487305,0.898315,71.253662,-268.067017,3.974609,0

-0.424072,1.289062,1.635132,92.127686,-185.303345,-8.598633,0

-0.437378,0.379272,1.662476,21.998291,-70.984497,-45.158691,0

-0.311035,0.409302,1.545776,-5.528564,46.752319,0.983887,0

-0.326904,1.107178,1.264771,-39.952393,148.131714,32.172852,0

-0.315552,1.954468,0.221558,-47.459717,243.468628,-35.026855,0

-0.231079,2.684082,-1.355957,-9.984131,250.060425,-116.081543,0

0.388306,1.964844,-1.658081,0.330811,-28.504028,-229.362793,0

0.745483,1.186890,-0.739746,67.713623,-59.326782,-210.014648,0

0.633423,0.637451,-0.595093,137.598877,-62.866821,-176.140137,0

0.425049,0.360596,-0.320801,184.962158,-58.655396,-85.441895,0

0.374146,0.207520,0.045776,158.411865,-84.961548,7.514648,0

0.356567,-0.038696,0.687866,185.267334,-25.513306,76.301270,0

0.150146,0.139038,1.101074,130.457764,36.925659,204.291992,0

-0.246948,0.925781,1.503174,-18.162842,42.846069,226.936035,0

-0.566895,2.056030,1.624512,-93.236084,117.858276,228.095703,0

-0.914429,2.803101,0.606934,-149.449463,204.039917,110.297852,0

-0.643921,3.353271,0.240356,-160.374756,209.594116,-27.275391,0

-0.150513,2.989258,-0.764771,-84.324951,271.239624,-135.856934,0

0.252808,2.737183,-2.081665,-46.483154,84.227905,-250.480957,0

0.770264,1.711304,-1.591675,-50.389404,-123.291626,-280.571289,0

0.730957,0.768799,-0.875000,28.468018,-117.249146,-245.109863,0

0.251221,0.635254,-0.359741,96.033936,-138.855591,-168.510742,0

-0.333252,-0.481445,1.675537,110.255127,-160.584106,-151.665039,0

0.168579,-0.005127,3.850708,77.540283,-76.050415,-122.124023,0

0.389038,-1.015869,2.494751,-107.884521,121.337280,-37.468262,0

0.311035,-0.088013,0.608276,-143.345947,203.368530,73.920898,0

0.664185,0.146118,-0.150269,-107.884521,223.876343,111.884766,0

0.724976,0.818115,-0.790405,-128.209229,173.949585,144.294434,0

0.938721,1.170288,-0.780518,-100.743408,181.578979,173.774414,0

0.561890,0.905396,-1.182495,-96.043701,74.950562,158.759766,0

0.606567,0.873779,-1.329102,-142.674561,-91.980591,195.991211,0

0.731323,2.432007,-0.936401,-56.370850,-325.317993,214.118652,0

0.508179,3.559570,0.606323,45.618896,-391.174927,131.599121,0

-0.356323,2.190552,1.473022,34.693604,-294.190063,-18.608398,0

-0.860229,1.669678,3.435425,76.685791,-34.119263,-30.021973,0

-1.397217,2.058350,1.046265,24.439697,138.305054,-119.255371,0

-0.206177,1.529907,-0.243164,-103.245850,69.884644,-270.073242,0

0.396606,0.542725,-0.982788,25.416260,119.506226,-229.179688,0

-0.665161,-0.145386,-0.279053,118.494873,2.929077,-159.233398,0

-0.642822,1.923462,1.331299,72.474365,141.295776,-105.339355,0

-0.003174,0.291626,-2.889282,133.509521,135.619507,-191.826172,0

0.343018,0.440796,-2.564331,88.770752,-144.348755,-107.353516,0

0.023071,0.532837,-0.595093,131.129150,-190.186157,-69.572754,0

-0.258911,0.177124,0.454346,195.460205,-155.945435,-71.892090,0

-0.191040,0.157837,2.311768,132.288818,-157.776489,-25.078125,0

0.001953,-0.102661,3.389282,-48.314209,3.661499,-13.359375,0

-0.207520,0.261230,1.220337,-123.875732,96.312866,43.342285,0

0.016724,0.665283,-0.240601,-181.309814,203.185425,36.201172,0

-0.526245,-0.412231,-3.833252,14.918213,170.348511,-33.562012,0

-0.201050,-0.112183,-2.201782,-42.698975,-156.067505,35.529785,0

0.236938,-0.111084,-0.454834,28.223877,-183.594360,45.661621,0

0.307495,0.091309,0.709106,137.659912,-88.684692,87.348633,0

0.337524,0.493530,2.250122,115.748291,-107.727661,202.583008,0

0.382568,1.294189,3.919189,-70.897217,-4.334106,213.264160,0

-0.163208,2.064575,1.515259,-165.379639,233.031616,237.250977,0

-0.264771,1.851074,-1.873291,-191.258545,342.772827,125.190430,0

-0.407104,1.245239,-3.719971,-131.322021,172.301636,136.176758,0

0.245605,1.080688,-2.572876,-35.130615,-200.195923,153.022461,0

1.260498,1.066772,-0.216797,2.100830,-378.967896,149.177246,0

1.180298,2.006836,-0.035889,12.354736,-408.264771,131.232910,0

1.904785,2.171997,2.805054,-31.407471,-476.074829,5.988770,0

1.229980,0.996094,3.088745,18.519287,107.421265,-66.276855,0

0.023560,1.857666,0.240356,-42.393799,267.943726,-44.975586,0

-0.860107,1.460815,-2.409302,-34.825439,-61.707153,-166.618652,0

-0.028564,1.369019,0.460571,-19.993896,-308.716431,-200.676270,0

0.167725,1.307373,2.006470,53.919678,-113.831177,-192.375488,0

-0.206299,2.083252,2.270020,-24.449463,28.380737,-125.236816,0

0.188843,1.834961,0.468140,-82.066650,238.829956,-260.429688,0

0.180542,0.465454,-0.604126,-45.201416,106.627808,-273.491211,0

0.397461,-0.207764,-0.365234,-123.082275,-110.474243,-211.723633,0

0.418701,-0.977539,0.385620,-149.083252,-191.773071,-79.155273,0

0.690063,-0.741089,1.486938,-78.038330,-90.576782,24.787598,0

1.434448,-0.070312,1.454102,50.196533,382.750854,103.645020,0

1.849609,0.666626,-0.427002,23.157959,594.725952,90.095215,0

1.275269,0.244629,-1.579102,157.679443,590.392456,38.520508,0

0.162354,0.532959,-1.454468,-89.879150,191.527710,-16.166992,0

0.279175,0.038818,-0.823486,-424.168701,-65.430298,21.491699,0

0.193848,-0.415161,-1.027100,-334.385986,-121.826782,96.137695,0

0.762451,0.603394,-1.797607,-361.729736,-438.171997,195.380859,0

3.844238,1.315796,1.849121,-61.802979,-745.667114,239.326172,0

1.676147,3.997559,3.999512,122.095947,-112.549438,345.649414,0

1.597412,1.899170,0.281982,313.380127,666.503296,-17.143555,0

1.043457,1.559570,-1.559692,100.916748,550.536499,-45.952148,0

0.595337,1.183228,-0.892456,240.076904,378.112183,-78.178711,0

0.220093,2.159668,-1.066772,227.930908,172.301636,-91.728516,0

0.356689,2.402344,-0.902100,146.387939,-25.452271,-182.731934,0

0.675293,1.572632,-1.169678,79.859619,-104.553833,-274.406738,0

1.248413,0.958862,-0.584106,84.437256,-296.387329,-291.130371,0

0.968994,0.334351,0.415405,80.775146,-258.179321,-241.386719,0

0.506592,-0.099976,0.578491,109.644775,-121.582642,-168.510742,0

0.155151,-0.183960,0.343018,109.522705,-27.100220,-68.840332,0

0.183350,-0.336670,0.238403,86.939697,-9.094849,-4.509277,0

0.257080,-0.433960,0.096680,49.525146,-7.996216,75.080566,0

0.565796,-0.299072,0.096924,53.797607,-24.475708,196.906738,0

0.867920,0.669312,-0.058716,110.804443,-21.668091,334.785156,0

1.098999,1.429688,0.402466,-66.868896,-155.579224,363.898926,0

0.945068,2.402222,0.636719,-22.679443,-184.631958,286.750488,0

0.834717,2.641602,0.716919,138.575439,-107.422485,257.270508,0

0.168335,2.997314,1.072876,39.698486,-79.712524,197.517090,0

-0.312622,2.234497,0.488525,44.031982,-17.029419,72.639160,0

-0.467407,1.717773,-0.169556,-49.962158,-69.946899,-35.454102,0

-0.487061,2.098633,0.357788,-48.009033,-118.836060,-106.315918,0

-0.093872,2.758667,0.419189,-61.314697,-172.363892,-216.118164,0

1.268066,1.000122,2.747314,-180.394287,102.355347,-278.007812,0

1.066772,-1.085693,1.793579,198.023682,449.096069,-186.394043,0

0.842041,1.231812,1.339111,69.239502,487.670288,-102.836914,0

0.304688,0.788818,-0.095581,-37.938232,336.181030,-137.932129,0

0.735474,0.503906,0.214233,-59.178467,242.614136,-67.253418,0

1.278198,0.608765,-0.381470,-18.162842,197.203979,-36.918945,0

1.508179,0.944946,-0.800415,-58.140869,117.369995,72.639160,0

0.914062,1.651611,-1.078003,5.701904,30.272827,3.608398,0

1.174561,0.750488,-0.994995,-154.942627,-191.040649,-109.306641,0

1.214722,0.599609,-0.583862,-157.567139,-314.148560,-105.827637,0

1.051636,0.833740,-0.853394,-147.008057,-379.639282,-128.898926,0

1.185181,0.765991,-0.746460,-171.483154,-554.382935,-145.073242,0

1.609497,1.614502,0.783813,-12.120361,-629.273071,-234.550781,0

2.837402,1.060913,1.779053,-47.886963,-549.072876,-346.611328,0

2.033203,-0.259155,2.339111,-15.477295,12.389526,-208.244629,0

1.288818,-0.529663,1.433716,-14.317627,47.667847,-63.408203,0

1.023071,-0.185913,1.247925,47.449951,132.689819,32.172852,0

1.228149,-0.318726,1.164185,58.741455,263.060913,116.401367,0

2.540283,-0.450928,1.594849,160.059814,514.891968,237.067871,0

3.377808,0.916992,-0.394043,117.701416,674.682007,334.113770,0

1.499146,1.474609,-2.231934,48.487549,437.438354,196.784668,0

0.503418,2.234497,-1.966431,-54.661865,70.311890,114.509277,0

0.562500,2.863647,-0.316040,-145.054932,-218.872681,-32.219238,0

0.344849,3.425049,0.478149,8.814697,-25.025024,-210.136719,0

0.857056,3.565674,0.431274,58.680420,-34.119263,-374.199219,0

1.321899,1.149170,0.142944,-62.291260,12.755737,-456.657715,0

0.851562,-0.002563,-0.076416,50.867920,56.517944,-332.695312,0

0.459106,-0.252686,-0.228271,91.273193,3.356323,-252.495117,0

0.223633,-0.432251,-0.042236,45.557861,-59.998169,-162.590332,0

0.085571,-0.319214,0.156982,54.591064,-43.579712,-79.216309,0

0.213867,-0.301392,0.001709,102.198486,-43.091431,-38.627930,0

0.392212,-0.337524,0.209961,102.747803,-61.707153,9.833984,0

0.737183,-0.555298,0.368042,126.185303,8.971558,96.809082,0

1.693115,-0.563110,0.095703,95.545654,112.609253,370.246582,0

2.953613,1.132690,-0.532227,25.721436,29.113159,692.634277,0

1.913330,3.997559,1.104492,58.436279,-138.367310,527.656250,0

0.697144,3.234375,0.323853,56.605225,61.828003,220.466309,0

0.008545,3.003296,0.409912,-66.502686,-48.767700,106.818848,0

-0.136963,2.597290,0.263550,-76.024170,-48.523560,-58.037109,0

0.241699,2.619507,0.266357,-92.381592,-56.763306,-162.895508,0

0.585938,2.236450,0.485718,-163.609619,-26.245728,-269.768066,0

0.458618,1.263916,0.092773,-181.859131,14.525757,-267.998047,0

0.310181,0.835205,0.357910,-171.239014,-55.481567,-222.832031,0

0.505005,0.313232,0.391968,-221.654053,-95.947876,-188.591309,0

1.446533,-0.467529,2.239380,-39.403076,-19.409790,-147.392578,0

2.769897,-0.849487,2.519653,-87.742920,375.609741,120.795898,0

3.077148,1.113525,0.151611,-55.394287,590.514526,299.873047,0

1.807861,1.037598,-1.374268,79.676514,547.606812,89.423828,0

1.117310,0.692627,-1.151489,-7.054443,338.439331,60.615234,0

0.685059,0.550415,-1.254883,-153.294678,160.216675,41.633301,0

0.510986,0.470947,-0.957520,-214.207764,10.436401,71.723633,0

0.440430,0.687744,-1.584229,-168.126221,-96.130981,112.189941,0

1.015381,1.296997,-1.442749,-173.131104,-327.393188,122.687988,0

1.773682,2.465698,0.111938,-158.787842,-567.505493,208.076172,0

1.733276,2.117798,0.982544,-255.406494,-513.977661,-73.601074,0

1.246338,0.445679,0.577026,-326.024170,-319.092407,-154.106445,0

0.996948,0.548584,0.148071,-20.482178,-201.172485,-181.389160,0

1.428833,0.383423,0.659302,-61.802979,-341.248169,-94.353027,0

1.477295,0.538330,1.792603,-72.850342,-197.510376,-39.787598,0

1.201172,0.617920,1.565308,-53.197021,127.868042,11.970215,0

0.682983,2.797119,1.412109,95.118408,313.292847,-72.502441,0

0.618408,2.356323,0.330688,-197.301025,170.287476,-224.602051,0

0.689331,0.910400,0.384155,-165.074463,199.340210,-265.312500,0

0.607422,0.004517,-0.227417,-16.453857,226.012573,-264.580078,0

0.334351,-0.333618,-0.261353,-9.068604,117.186890,-190.971680,0

0.244751,-0.432373,0.069092,-12.852783,19.652710,-85.808105,0

0.314697,-0.475342,0.209961,-19.505615,23.681030,-15.434570,0

0.412109,-0.527954,0.191284,17.054443,68.602905,61.958008,0

0.700928,-0.442383,-0.065918,40.614014,91.735229,165.839844,0

1.125977,-0.619751,-0.111084,-4.368896,51.452026,359.321289,0

3.483765,0.743774,0.125977,-186.314697,-126.770630,722.358398,0

3.067871,3.997559,1.712646,506.068115,110.411987,534.064941,0

0.647339,2.784180,-1.569214,219.691162,339.904175,22.590332,0

0.494385,1.833130,-0.043945,-114.110107,81.115112,6.782227,0

0.282349,1.743896,-0.889038,79.737549,110.045776,-77.751465,0

0.682129,3.997559,0.265137,183.619385,52.062378,-267.082520,0

1.859131,2.454468,0.257080,-42.454834,1.464233,-553.093262,0

1.135498,0.070557,0.073853,-32.933350,143.004761,-414.177246,0

0.835083,-0.144043,0.206909,54.102783,70.372925,-250.541992,0

0.941162,-0.619385,0.473022,-3.453369,118.285522,-136.101074,0

0.873291,-0.163940,-0.192505,58.985596,238.158569,23.627930,0

0.693848,0.235474,-1.044067,-62.230225,158.873901,125.922852,0

0.717896,-0.010742,-2.012329,-35.557861,56.823120,189.277344,0

1.371582,0.430420,-2.749756,-23.289795,-348.572388,259.772949,0

2.489990,2.968384,-1.398560,-24.388428,-749.817505,274.421387,0

3.996094,2.598633,-0.536377,-124.058838,-1011.902466,109.687500,0

2.405396,0.745361,3.842529,-207.310791,-542.908325,-106.743164,0

1.295410,0.361084,1.256470,2.589111,27.037964,-169.731445,0

0.752563,-0.091553,0.885986,47.938232,92.528687,-104.912109,0

0.477661,0.219849,0.223755,83.216553,160.643921,-36.674805,0

0.485718,-0.317261,-0.346436,109.034424,56.273804,-29.350586,0

1.471558,-0.207764,-0.263550,34.815674,-238.648071,196.662598,0

2.881104,0.912720,3.825562,92.860107,-19.043579,409.797363,0

2.630981,2.364258,0.006592,478.846436,725.219116,190.986328,0

0.893433,2.132568,-1.437134,187.037354,518.126831,-99.357910,0

-0.032837,2.915283,-0.783569,-5.711670,110.411987,-116.264648,0

0.538208,2.469604,0.387695,-21.947021,22.216187,-269.523926,0

0.813843,2.087646,-0.079102,-5.650635,140.014038,-369.072266,0

0.917725,0.088867,-0.680420,-39.769287,152.098999,-412.163086,0

0.132080,-0.278320,-1.170532,123.988037,46.141968,-245.537109,0

-0.095947,-0.145996,-0.875488,6.983643,-200.317993,-150.627441,0

0.553101,-0.397705,0.901855,-0.523682,-410.645142,-97.038574,0

0.791870,-0.051758,3.446045,-3.575439,-114.197388,-31.914062,0

0.724731,-0.128662,1.771729,0.208740,255.797729,-7.805176,0

0.557861,0.092163,0.479492,-92.137451,320.983276,67.329102,0

0.712769,0.732178,-0.396729,-110.447998,369.323120,94.611816,0

0.598999,0.217041,-1.538696,23.463135,394.591675,42.060547,0

0.380615,0.292358,-1.590454,-163.121338,73.302612,76.606445,0

0.923096,-0.706299,-1.088013,-241.856689,-94.421997,150.581055,0

1.791260,-0.140625,-1.845947,6.556396,26.671753,361.457520,0

2.554932,3.227539,-2.975220,-125.035400,-508.545532,534.187012,0

3.996094,3.185303,0.746826,-349.766846,-1095.215454,145.209961,0

3.305298,0.518066,2.964966,-240.758057,-697.388306,-66.948242,0

1.350586,0.275146,1.898560,-69.310303,-114.075317,-36.247559,0

1.088867,0.410400,0.714844,109.522705,126.342163,-83.671875,0

1.344116,-0.504883,0.641724,156.885986,156.737671,-63.225098,0

2.016235,-0.526978,1.235352,240.076904,336.303101,222.724609,0

2.622925,2.803101,0.136353,271.632080,583.617554,354.560547,0

1.305542,1.665771,-1.131226,382.899170,577.330933,-148.002930,0

0.986816,1.322144,-1.072998,-9.923096,225.219116,-194.389648,0

0.577515,1.761597,-0.796753,-61.680908,40.709839,-180.229492,0

0.618530,1.661377,-0.762451,-66.014404,-70.740356,-235.832520,0

0.133545,1.849609,-0.511230,30.787354,-31.983032,-242.790527,0

0.183960,1.345337,-0.775879,93.958740,-134.766235,-250.664062,0

0.013672,0.921875,-0.256958,84.620361,-177.246704,-219.841309,0

0.163696,0.631226,0.613525,41.834717,-268.555298,-180.229492,0

0.250122,0.228149,2.822388,28.162842,-113.159790,-148.918457,0

-0.070190,0.644165,1.631592,34.083252,73.790894,-100.578613,0

-0.525635,0.632202,-0.013184,-106.907959,122.680054,-111.076660,0

-0.682495,-0.290527,-0.946533,25.843506,-52.124634,-141.960449,0

0.112549,-0.899048,1.869019,-150.792236,-303.955688,-52.360840,0

0.928833,0.453735,3.080200,-5.284424,232.543335,57.868652,0

0.899902,0.525513,0.020630,-85.911865,408.385620,-41.313477,0

0.683838,0.472534,-0.406128,-101.658936,352.599487,-35.026855,0

0.682617,0.318359,-0.688599,-44.285889,295.775757,-57.487793,0

0.724243,0.302490,-1.382324,-72.056885,314.452515,-59.379883,0

0.316406,0.108398,-1.354248,-240.513916,110.473022,-37.834473,0

0.328003,-0.266968,-0.706787,-356.968994,-72.632446,41.083984,0

0.557983,-0.286743,-0.494141,-281.468506,-154.175415,153.388672,0

0.968506,0.089478,-0.547119,-260.106201,-283.325806,215.522461,0

2.531250,1.166748,-0.091919,-270.726318,-482.056274,279.609375,0

3.023193,3.555908,0.351318,150.721436,-425.720825,292.121582,0

2.161743,3.138306,0.113281,-99.644775,-506.836548,235.725098,0

1.612061,0.616821,1.807739,-502.232666,-546.875610,-14.580078,0

1.010864,1.141724,0.942505,-71.568604,-159.180298,-104.484863,0

0.928711,1.036377,1.024292,50.318604,-98.389282,-114.494629,0

0.966919,1.738892,1.694214,-212.559814,3.417358,-97.648926,0

0.480835,1.425903,0.077881,-23.839111,256.224976,-200.187988,0

0.016357,0.352417,-0.694214,-76.024170,54.808960,-221.062012,0

0.496094,0.536621,2.547119,-77.550049,-110.535278,-100.700684,0

1.714600,2.376099,3.193726,91.395264,471.984253,-111.809082,0

1.551880,1.465820,-1.352783,16.688232,497.985229,-280.754395,0

0.727539,-0.214355,-3.022705,8.326416,198.119507,-223.198242,0

0.314331,-0.590088,-2.691772,-43.980713,-149.109497,-88.981934,0

0.050781,0.018555,-1.303223,18.397217,-202.393188,-24.162598,0

-0.504883,0.420532,-0.381714,18.214111,-237.610474,2.998047,0

-0.656128,0.808472,1.059326,-0.523682,-199.768677,9.895020,0

-0.760010,0.814575,1.171265,94.447021,-66.956177,-58.647461,0

-0.570435,0.276733,1.707031,-76.634521,-96.924438,-37.224121,0

-0.232666,0.674316,2.203003,32.496338,30.089722,-24.406738,0

0.281128,1.108887,2.310303,-111.607666,120.360718,-21.660156,0

1.066406,0.852661,0.751831,-127.598877,327.025757,-63.103027,0

1.184326,0.188721,-0.617920,11.744385,407.897339,-97.465820,0

1.246216,0.092529,-0.763062,-16.881104,351.439819,-86.174316,0

1.381348,0.488281,-0.602905,-130.528564,259.154663,-75.065918,0

0.946533,0.364746,-1.474731,-188.206787,205.565796,-18.364258,0

0.680298,-0.145020,-1.665161,-238.560791,15.990601,-4.875488,0

0.734741,-0.764893,-2.051270,-391.148682,-218.506470,125.556641,0

1.394531,1.832764,-1.198242,-152.501221,-334.656372,243.659668,0

2.061401,1.480225,-0.536011,-120.518799,-477.051392,213.264160,0

1.196167,2.270874,0.789062,27.491455,-321.472778,183.906250,0

0.583496,2.398071,-0.035645,-21.519775,-299.500122,155.280762,0

1.202515,1.525024,1.311523,-78.526611,-412.964478,77.033691,0

1.098022,1.560425,3.680054,108.973389,58.715210,3.669434,0

1.285156,1.019287,1.281860,54.713135,365.661011,-56.938477,0

1.272339,1.150024,-0.292114,71.131592,413.573608,-75.310059,0

0.900635,-0.049194,-1.693604,100.611572,339.171753,-126.579590,0

0.511963,0.685181,-0.059204,-45.567627,85.692749,40.717773,0

0.625366,1.415527,0.244385,90.113525,215.453491,40.046387,0

0.320435,1.978882,-2.108765,163.782959,260.192261,-116.203613,0

0.736694,2.523438,-1.547974,-42.271729,-115.418091,-223.320312,0

1.002930,1.497192,-2.107178,-32.750244,-196.289673,-305.168457,0

1.499512,1.329102,-0.948730,22.120361,-262.268677,-280.205078,0

0.811035,0.502441,-0.410400,112.208252,-193.359985,-195.427246,0

0.185425,0.514771,0.684937,83.399658,-191.284790,-121.696777,0

-0.724243,1.017212,1.572388,201.014404,-23.804321,-52.055664,0

-0.460205,0.745605,1.997803,10.706787,-32.898560,-122.734375,0

-0.125854,0.031616,1.810059,-47.703857,44.310913,-100.151367,0

-0.118652,0.069580,0.595703,-39.891357,116.759644,-49.858398,0

-0.100342,-0.058105,-0.805054,-3.941650,197.326050,-62.919922,0

-0.020996,-0.055664,-1.845215,113.489990,217.772827,-31.303711,0

-0.032593,-0.427368,-2.821411,107.020264,54.259644,-7.927246,0

-0.087036,0.097168,-1.682129,44.520264,-214.050903,40.351562,0

0.075928,0.354248,-0.574707,44.642334,-254.761353,61.774902,0

0.445557,0.326294,0.517944,24.317627,-255.615845,66.230469,0

0.459717,0.041992,0.570068,78.028564,-98.938599,81.428223,0

0.625000,0.022339,0.552246,105.860596,-52.063599,152.229004,0

0.928101,0.349365,0.180908,115.137939,-31.433716,260.261230,0

1.281250,1.331787,0.553467,56.849365,-112.793579,408.881836,0

1.332520,2.033081,1.750244,245.814209,58.043823,297.309570,0

1.290771,3.318237,0.644287,114.649658,229.430542,312.446289,0

0.516479,2.750000,-1.049316,206.751709,359.008179,34.797363,0

-0.014771,2.119141,-2.491577,-22.313232,57.067261,20.332031,0

0.528198,0.982300,-0.771606,-77.183838,-144.287720,-49.492188,0

0.550537,0.672729,-0.438354,-131.444092,-110.108032,-42.961426,0

0.441528,0.624756,-0.617920,-173.436279,-119.019165,5.622559,0

0.460083,1.400269,-0.308350,-82.493896,-216.553345,-23.796387,0

0.715210,1.605347,0.382202,-162.022705,-262.879028,-65.849609,0

0.784058,1.425049,1.202515,-118.931885,-149.841919,-111.809082,0

0.863525,1.053223,0.961426,-23.594971,16.417847,-173.454590,0

0.850952,0.702271,0.996216,-11.204834,72.326050,-155.449219,0

0.818359,1.031982,1.228271,-56.553955,83.861694,-102.470703,0

0.802002,1.424683,1.231934,-51.427002,174.315796,-113.457031,0

1.309814,1.625488,1.455688,16.505127,315.062866,-211.174316,0

2.079956,1.727051,1.480347,-36.900635,428.832397,-257.438965,0

3.611084,1.211182,-0.073975,-70.103760,636.290894,-303.581543,0

2.473145,-0.187500,-1.285156,-5.894775,541.442261,-213.981934,0

1.631958,0.414551,-1.019165,24.927979,318.175659,-181.694336,0

1.369263,-0.109497,-1.060181,-139.622803,129.210815,-135.124512,0

0.957642,0.133057,-1.223022,-129.429932,21.422729,-47.233887,0

0.831421,0.311768,-1.241577,-144.383545,-122.742310,-13.908691,0

0.944824,0.532104,-0.751709,-241.185303,-258.728638,32.539062,0

1.028320,-0.069702,-0.147095,-169.835205,-287.232056,81.306152,0

1.464966,0.233154,0.510864,-203.770752,-287.354126,207.954102,0

1.862793,1.431030,-0.090820,-7.969971,-213.257446,328.986816,0

2.217041,2.537964,-0.222778,-106.541748,-405.213013,366.157227,0

1.789307,1.779175,0.965698,-345.250244,-515.869751,186.652832,0

0.919922,1.626465,0.876465,-284.459229,-262.268677,-9.025879,0

0.678223,1.091309,0.107910,-52.159424,-103.699341,-132.805176,0

0.669067,0.910522,0.353149,-45.262451,-122.192993,-102.043457,0

0.604980,0.883545,1.085449,-19.993896,32.531128,-75.676270,0

0.227905,0.560791,-1.200195,226.710205,156.737671,-153.801270,0

0.326904,0.543823,-0.480713,72.047119,-119.751587,-52.360840,0

0.489624,0.346680,1.540405,114.527588,-3.235474,-47.783203,0

0.769165,0.067383,1.009277,142.603760,288.573608,-21.293945,0

0.803711,1.018311,0.145020,116.724854,365.966187,32.966309,0

0.574585,1.593018,-0.647949,71.680908,305.297241,-76.408691,0

0.685547,1.745605,-0.494263,-19.078369,212.645874,-114.189453,0

1.015991,1.921875,-0.136353,15.955811,200.011597,-171.867676,0

1.393066,1.652710,-0.478149,48.853760,201.049194,-227.531738,0

1.329834,1.605591,-1.486694,35.609131,95.153198,-222.038574,0

1.455444,1.751587,-1.336182,42.933350,-77.149048,-231.499023,0

1.079224,1.540771,-1.153931,10.157471,-152.222290,-222.343750,0

0.754639,1.432617,-0.434082,39.454346,-177.796021,-213.981934,0

0.554932,0.780762,-0.510254,78.455811,-92.102661,-224.479980,0

0.469116,0.526489,-0.521606,133.997803,-169.251099,-149.895020,0

0.143311,0.226440,0.482910,35.853271,-184.326782,-102.470703,0

-0.303589,-0.018921,1.437744,162.623291,-118.103638,-68.352051,0

-0.195312,0.106812,2.889893,46.046143,-27.039185,-39.055176,0

-0.027466,-0.093628,1.383911,-52.464600,167.296753,-3.410645,0

-0.101685,0.394653,-0.437622,-63.450928,190.673218,-16.777344,0

-0.405151,-0.034912,-2.692505,92.188721,154.113159,-16.105957,0

-0.273926,0.426270,-2.062012,-7.115479,-122.254028,25.458984,0

-0.084229,0.483398,-0.997803,34.693604,-183.777466,19.111328,0

0.018799,0.177490,-0.417358,98.475342,-157.349243,53.046875,0

0.203613,0.297485,-0.235596,135.706787,-142.212524,147.529297,0

0.637329,0.596069,0.324463,91.090088,-235.779419,219.367676,0

1.330444,0.949219,2.536743,147.364502,-233.215942,240.241699,0

1.223022,1.744873,1.134155,160.487061,15.197144,304.816895,0

1.288330,2.281006,2.437988,42.567139,15.014038,310.859375,0

-0.035889,2.884766,-0.385376,156.763916,339.843140,141.608887,0

-0.000122,1.633301,0.312866,-188.634033,23.436890,16.242676,0

0.239746,1.413696,0.299072,-107.823486,73.363647,-17.387695,0

0.171875,1.468262,0.035034,-42.149658,128.600464,-65.117188,0

0.341064,1.216431,0.432373,-123.143311,105.834351,-69.816895,0

0.163574,1.110840,0.410522,-92.564697,95.763550,-88.676758,0

0.094604,0.987549,0.707642,-126.622314,26.000366,-82.634277,0

0.213989,0.580444,0.850830,-92.137451,69.152222,-94.719238,0

-0.021240,0.767456,0.965210,-30.003662,112.914429,-77.690430,0

-0.145996,0.378662,0.559692,21.265869,97.045288,-96.489258,0

-0.084473,0.030273,0.047119,44.520264,48.034058,-103.508301,0

-0.325317,0.150879,0.058716,64.051514,23.864136,-104.606934,0

-0.428711,0.203247,0.015503,-75.535889,-98.633423,43.891602,0

-0.071533,0.228271,0.700073,-79.747314,-168.640747,57.685547,0

0.059326,0.408813,0.630981,-27.562256,-191.773071,26.130371,0

0.374390,0.517090,1.542847,-35.069580,-151.306763,21.735840,0

0.057007,0.200684,0.845337,-76.939697,-59.021606,-11.650391,0

0.227783,0.218750,1.058350,32.923584,-80.872192,-8.354492,0

0.264526,0.343018,1.207764,22.181396,-35.217896,-65.849609,0

0.300293,0.228394,1.179321,28.284912,-55.420532,-73.967285,0

0.374756,0.084961,1.165649,38.599854,-23.193970,-76.896973,0

0.317017,0.172974,1.014038,31.824951,-4.944458,-58.769531,0

0.239502,0.190674,1.175049,26.453857,53.588257,-97.954102,0

-0.016479,0.434692,1.026855,48.182373,42.174683,-27.641602,0

0.066528,0.358276,1.083862,-14.622803,-34.119263,-32.036133,0

-0.032837,0.195435,0.969482,-15.050049,-24.841919,-46.379395,0

0.151123,0.088867,1.265625,-13.096924,-42.053833,-60.417480,0

0.079346,0.357666,1.180542,-21.275635,-14.526978,-21.354980,0

0.122437,0.290405,0.805542,-53.807373,24.169312,-9.208984,0

0.096313,0.276123,0.664185,-26.036377,12.389526,-0.358887,0

0.149780,0.265259,0.468628,-34.703369,-31.250610,-15.983887,0

0.177002,0.242554,0.636963,9.425049,-67.078247,3.425293,0

0.109009,0.222534,0.741943,14.002686,-14.832153,-0.908203,0

0.122925,0.243164,1.579956,18.092041,-38.513794,18.073730,0

0.156494,0.427856,1.522705,0.880127,46.630249,24.787598,0

0.225952,0.462769,1.732788,43.909912,96.007690,10.200195,0

0.244019,0.468872,1.284912,-141.881104,107.848511,14.228516,0

0.195679,0.235962,0.665405,-80.296631,110.167847,22.651367,0

-0.046265,0.088013,0.454224,-81.639404,68.541870,26.435547,0

-0.167969,0.044312,0.541748,-12.730713,33.202515,10.444336,0

-0.155518,0.014893,0.986450,-7.420654,16.539917,13.129883,0

-0.215698,-0.005371,0.982666,-7.420654,19.652710,13.618164,0

-0.211182,-0.014526,0.854736,-20.970459,8.117065,11.848145,0

-0.253418,-0.012451,0.833984,18.031006,13.671265,20.576172,0

-0.315796,0.058716,1.046631,30.421143,-7.813110,20.820312,0

-0.299683,0.021973,0.787964,-21.824951,-18.860474,14.594727,0

-0.239746,0.006104,1.065674,39.576416,-38.757935,11.420898,0

-0.205322,0.131592,0.928223,0.269775,-32.715454,13.068848,0

-0.019165,0.118286,1.066650,16.444092,-50.964966,15.693359,0

-0.119019,0.077759,1.008057,-8.031006,17.394409,10.444336,0

-0.121582,0.058716,0.982178,7.655029,17.699585,-0.664062,0

-0.144043,0.101196,0.971313,2.344971,19.652710,3.730469,0

-0.109131,0.097778,0.748901,7.227783,37.963257,-3.288574,0

-0.157959,0.104980,0.756714,5.091553,45.104370,-4.692383,0

-0.160767,0.369995,0.408813,-11.326904,-13.794556,18.439941,0

-0.051880,0.277710,0.707886,50.562744,45.958862,-43.266602,0

-0.152954,0.306396,0.758179,135.523682,38.146362,-95.390625,0

-0.489502,0.107178,1.452271,-109.227295,-49.317017,-113.701172,0

-0.300781,-0.039551,1.472534,-58.690186,-2.380981,-72.075195,0

-0.232788,-0.348877,0.807983,-115.941162,8.544312,-25.627441,0

-0.190308,-0.146484,0.957642,28.223877,-18.067017,34.675293,0

-0.114380,-0.225220,0.899048,4.786377,-9.522095,6.232910,0

-0.260742,-0.114014,1.135132,-4.735107,-10.803833,33.942871,0

-0.111450,-0.068726,0.935181,-36.412354,-63.843384,17.219238,0

-0.126099,-0.171631,0.925659,-5.589600,-39.612427,7.453613,0

-0.094116,-0.106201,0.929565,13.453369,-26.184692,37.910156,0

-0.102417,0.008667,0.870728,32.862549,-7.385864,6.171875,0

-0.066772,0.109009,1.068848,32.740479,-10.010376,-50.224609,0

-0.150757,0.119019,0.978271,34.571533,-15.198364,-69.328613,0

-0.036255,0.000732,1.086914,48.487549,-33.081665,-121.086426,0

-0.099976,-0.093506,1.090210,-3.148193,-39.063110,-72.624512,0

-0.005737,-0.088257,1.008057,9.302979,-17.395630,-67.375488,0

-0.152710,-0.157227,0.990234,-32.750244,-0.244751,-17.692871,0

-0.307495,-0.024780,1.059082,5.091553,21.727905,-16.594238,0

-0.524292,-0.064453,1.307495,-39.158936,37.230835,-24.589844,0

-0.445923,0.105469,1.557251,-21.336670,64.635620,-8.903809,1

-0.677124,-0.119141,2.059937,-1.561279,103.759155,-14.335938,1

-0.426270,-0.505981,2.910156,-7.603760,108.031616,-31.669922,1

-0.448364,-0.428345,1.915527,-6.199951,226.989136,82.404785,1

-0.519287,-0.095581,1.483032,-15.599365,223.143921,49.140625,1

0.256348,-0.307739,0.970459,-44.835205,262.511597,46.149902,1

0.476318,-0.155762,1.003174,17.237549,323.119507,61.042480,1

0.709473,-0.219604,0.545288,-81.700439,275.634155,20.576172,1

0.572754,0.032837,0.112671,23.768311,268.554077,76.667480,1

0.661865,0.157471,-0.711426,-3.514404,140.563354,12.641602,1

0.561768,0.487915,-1.273071,2.039795,49.559937,42.915039,1

0.607788,0.286987,-2.010864,-87.376709,-84.839478,35.224609,1

0.740723,0.374146,-1.158203,-90.550537,-291.870728,5.317383,1

1.099854,0.334595,0.493164,-4.185791,-413.452759,-3.715820,1

1.407349,0.249878,1.685059,45.679932,-438.355103,-9.514160,1

1.473755,-0.049561,1.405396,158.289795,-412.964478,-15.800781,0

1.607788,0.813599,2.250000,122.218018,-466.309204,40.717773,0

0.575684,0.604492,2.243286,54.957275,-322.693481,70.319824,0

0.185791,1.206665,3.260742,76.441650,-129.395142,-58.464355,0

-0.061523,1.591675,2.952026,-60.643311,19.896851,29.548340,0

-0.362061,2.391846,2.739868,-40.867920,129.577026,-23.002930,0

-0.159180,1.352295,2.600342,-161.839600,76.110229,-121.452637,0

0.127686,0.507202,2.212402,-167.332764,210.692749,-44.670410,0

0.366577,0.218750,1.980713,-109.410400,313.475952,-10.124512,1

0.726318,0.304077,1.780029,-28.111572,398.192749,6.232910,1

1.195190,0.035645,1.643433,-73.216553,391.356812,-37.285156,1

1.192139,0.020020,1.243042,-5.223389,424.498901,-6.096191,1

1.104858,-0.141113,0.067993,40.064697,326.110229,15.266113,1

0.786865,-0.027222,-0.762573,17.969971,207.274780,2.509766,1

0.785400,-0.243774,-2.066162,3.443604,62.133179,28.083496,1

0.578247,-0.085327,-1.743896,-78.709717,-102.356567,28.327637,1

0.729126,0.039795,-0.737427,-82.188721,-244.934692,44.624023,1

0.941162,0.322266,0.461426,-70.469971,-387.634888,65.192871,1

1.185303,0.298462,1.302856,21.204834,-418.518677,33.454590,1

0.637451,0.338989,1.481445,91.517334,-308.716431,89.973145,1

0.419312,0.034180,1.585327,-68.333740,-333.557739,73.737793,0

0.357788,0.565186,1.662598,-22.496338,-204.834595,97.663574,0

-0.342896,1.518921,3.156372,0.086670,-259.766235,89.118652,0

-0.569824,2.053955,3.511963,55.811768,-28.748169,14.167480,0

-0.466064,1.925537,2.886719,-62.169189,-4.456177,-65.666504,0

-0.330688,1.258301,1.945190,-91.343994,85.021362,-81.230469,0

-0.265381,0.655029,1.962402,-21.702881,152.404175,-88.798828,1

0.418945,0.411743,1.855835,-21.824951,313.781128,-42.229004,1

0.762451,0.307129,1.774292,0.269775,385.863647,-19.890137,1

0.986084,0.255127,1.817871,15.162354,385.558472,-90.324707,1

1.138306,0.005249,0.955444,21.082764,394.225464,-63.957520,1

0.681641,-0.229248,-0.098999,92.982178,333.495483,-43.937988,1

0.576050,-0.463257,-1.378174,21.082764,175.841675,-28.007812,1

0.737671,-0.541382,-1.896484,-2.354736,25.084839,51.398926,1

0.857910,-0.292358,-1.681641,-69.798584,-136.597290,83.991699,1

1.294312,-0.154541,-0.392700,-104.466553,-327.088013,91.437988,1

1.593628,0.113281,1.036621,-82.982178,-446.777954,93.818359,1

1.347412,0.356689,2.182617,16.077881,-410.950317,107.795410,1

0.799438,0.485596,2.117920,-38.182373,-347.046509,115.607910,1

0.435913,0.521484,2.091064,-17.430420,-187.805786,145.820312,0

-0.034668,1.191040,1.924561,-52.891846,-225.037231,81.367188,0

-0.404907,1.617798,2.396240,-56.676025,-128.601685,23.139648,0

-0.142090,2.479980,3.157104,12.354736,-46.021118,-64.506836,0

-0.404785,1.639526,2.640503,-77.733154,-7.324829,-101.799316,0

-0.075195,1.060547,2.510132,-96.837158,130.126343,-121.879883,0

-0.077759,0.450195,2.027344,-59.727783,272.399292,-49.431152,0

0.757080,0.361084,2.210083,-17.918701,366.942749,-20.256348,1

1.272949,0.162109,1.938721,-49.840088,397.460327,-59.501953,1

1.369629,-0.034180,1.741333,28.773193,429.259644,-5.058594,1

1.405640,-0.253540,0.609863,49.647217,416.381226,-17.631836,1

0.855347,-0.078491,-0.797852,52.210693,250.182495,-14.152832,1

0.935059,-0.415649,-1.810791,27.552490,103.576050,13.740234,1

0.793945,-0.570435,-2.446167,-79.503174,-60.547485,-2.739258,1

0.820312,0.013062,-1.078003,-99.034424,-260.437622,67.390137,1

1.191406,0.005005,0.611450,-67.418213,-379.639282,58.906250,1

1.118896,0.146240,1.343750,-34.459229,-392.456665,39.313965,1

0.764038,0.242188,1.487061,-11.265869,-324.402466,81.367188,1

0.615356,0.077271,1.643066,-9.129639,-258.484497,102.912598,0

0.210083,0.541138,1.640625,-20.054932,-183.838501,85.212402,0

0.151978,1.357788,2.192017,2.528076,-168.152466,137.092285,0

0.254883,1.961914,2.409302,13.270264,-134.766235,-23.125000,0

-0.461426,2.250000,3.074341,20.716553,-44.495239,81.367188,0

-0.958130,2.006470,1.966675,-57.408447,66.893921,-106.010742,0

-0.339478,1.357788,1.766235,-45.811768,129.882202,-124.870605,0

-0.243042,0.792358,1.874512,-90.184326,210.143433,-72.868652,1

0.454102,0.407959,2.047852,23.585205,295.165405,-92.277832,1

0.888672,0.305420,1.936523,-37.205811,332.274780,-73.356934,1

1.040283,0.111938,1.848755,-17.247314,391.234741,-64.323730,1

1.151001,-0.197510,0.652222,2.711182,381.286011,-22.209473,1

0.674561,0.005981,-0.246460,69.483643,267.821655,-6.767578,1

0.828369,-0.268433,-1.324219,7.532959,156.005249,-19.523926,1

0.625244,-0.267578,-1.854858,-12.913818,15.197144,40.595703,1

0.456543,-0.042358,-1.621826,-100.438232,-163.635864,54.511719,1

0.846680,-0.050781,-0.458374,-89.085693,-299.988403,10.627441,1

1.230103,0.341431,0.903442,-1.378174,-362.000122,32.416992,0

1.117310,0.142090,1.703857,3.626709,-396.912231,29.426270,0

0.794189,0.078857,1.390259,71.009521,-299.805298,32.661133,0

0.234497,0.500244,2.017212,45.435791,-309.448853,132.331543,0

0.626465,0.958252,1.755249,-78.465576,-234.741821,65.681152,0

-0.564087,2.725586,3.403442,88.404541,-90.454712,143.989258,0

-0.810913,1.961060,3.234253,-60.582275,-143.005981,-8.842773,0

-0.755005,1.742432,2.686401,-128.331299,28.991089,11.298828,0

-0.466919,0.751831,2.019653,-58.323975,125.182495,-122.856445,1

0.202148,0.772583,2.481689,-51.121826,306.456909,-10.368652,1

1.141724,0.518555,2.352295,-38.548584,397.399292,-56.206055,1

1.393555,0.248901,1.839844,-6.138916,429.320679,-26.298828,1

1.367188,-0.132202,0.827515,-20.421143,414.306030,-63.041992,1

0.937744,-0.285156,-0.145020,39.759521,323.363647,8.430176,1

0.341675,0.037476,-0.852783,41.346436,155.333862,56.281738,1

0.276611,-0.081543,-1.644409,25.538330,70.556030,26.618652,1

0.201294,-0.281738,-1.576050,-39.891357,-74.768677,56.342773,1

0.541870,0.030396,-0.781372,-100.621338,-230.286255,53.107910,1

1.268311,-0.357056,0.385254,-70.286865,-339.478149,5.622559,1

1.160522,0.095459,1.062622,-57.591553,-382.813110,64.704590,1

1.039307,-0.175415,1.077393,-5.345459,-304.321899,26.618652,0

0.325562,0.373657,2.109619,44.825439,-252.075806,158.637695,0

0.449707,0.710938,1.787231,-86.949463,-204.712524,86.311035,0

0.538452,2.100342,2.898926,79.005127,-134.338989,152.351074,0

-1.143921,3.031860,3.909302,-60.521240,-171.753540,137.214355,0

-0.612915,1.846802,2.379028,-107.396240,52.123413,-161.430664,0

-0.399170,1.018433,1.809692,-110.386963,114.196167,-32.036133,1

0.000854,0.563477,2.168945,-35.802002,239.257202,-126.518555,1

0.709961,0.278931,2.065186,8.387451,350.097046,-52.727051,1

1.189331,-0.026001,1.822632,0.208740,367.186890,-40.275879,1

1.255737,-0.214600,1.395996,51.173096,412.230835,-14.519043,1

1.115112,-0.353882,0.604736,50.074463,358.825073,-17.265625,1

0.523193,-0.016602,-0.587524,44.764404,226.683960,24.604492,1

0.384399,-0.009033,-1.613892,48.304443,128.295288,40.534668,1

0.300781,-0.011475,-2.044312,-67.906494,-21.607056,16.547852,1

0.483521,0.108521,-1.401123,-91.466064,-200.623169,30.952148,1

1.461304,-0.137817,0.145142,-34.642334,-367.371216,-8.842773,1

1.368408,0.019897,1.094604,-31.163330,-399.292603,51.520996,1

0.957031,0.127075,1.688477,10.096436,-371.094360,24.787598,1

0.426514,-0.011230,1.769409,-1.072998,-276.367798,43.769531,0

0.038574,0.705200,2.112671,85.108643,-105.591431,144.843750,0

-0.301636,1.512207,1.653198,-74.803467,-198.120728,19.843750,0

-0.213745,2.003784,3.222778,-34.154053,-134.644165,16.425781,0

-0.589111,2.315796,3.443970,-34.764404,2.318726,-90.019531,0

-0.643921,1.272461,2.220459,-129.307861,50.292358,-57.915039,1

-0.212036,0.489746,2.220337,-52.830811,228.576050,-75.187988,1

0.326050,0.362915,2.111572,-6.810303,309.264526,15.693359,1

1.020386,0.162354,1.976440,1.002197,372.741089,-16.411133,1

1.315796,0.011719,1.688477,37.989502,406.798706,-35.087891,1

1.320557,-0.137451,1.204590,51.234131,396.178589,-49.736328,1

1.079956,-0.252197,-0.280884,36.036377,306.823120,-26.848145,1

0.583008,-0.224854,-1.459595,22.242432,105.285034,23.078613,1

0.406006,-0.071533,-2.054199,-12.791748,40.099487,9.528809,1

0.316528,0.121094,-1.601807,-85.484619,-178.223267,77.583008,1

0.860596,-0.018311,-0.185913,-42.149658,-303.528442,-9.514160,1

1.075195,0.068115,0.719604,-60.093994,-366.943970,68.488770,1

1.203735,-0.195312,1.368896,-36.107178,-364.441528,-25.200195,0

0.709717,0.167114,1.570557,82.972412,-267.273560,88.081055,0

0.055176,0.342407,2.362915,-111.363525,-297.791138,55.976562,0

-0.325928,0.708984,1.425293,-36.778564,-199.707642,124.274902,0

0.361572,1.025635,2.532959,-44.224854,-111.878052,-56.511230,0

-0.642822,1.318237,3.222412,4.298096,-97.534790,49.262695,0

-0.476685,1.534058,3.604126,-57.164307,-26.306763,-27.031250,1

-0.399902,0.705322,2.159180,-51.304932,105.162964,-118.950195,1

-0.084961,0.233276,1.927490,-40.867920,214.965210,-28.679199,1

0.374268,0.233154,1.744385,27.552490,338.256226,47.614746,1

0.858765,0.082031,1.660522,6.983643,351.439819,-17.082520,1

1.069458,-0.065430,1.424072,-16.026611,372.680054,-34.904785,1

1.050659,-0.209717,0.804932,13.819580,372.863159,-8.415527,1

0.805542,-0.047363,-0.426147,52.821045,274.901733,30.097656,1

0.708008,-0.003906,-1.278687,37.867432,145.385132,-9.636230,1

0.468994,-0.068237,-2.083252,-50.694580,-23.377075,36.384277,1

0.548218,0.112915,-1.330933,-126.317139,-234.131470,21.552734,1

1.178101,-0.151001,0.190918,-109.898682,-373.596802,-54.863281,1

1.404785,-0.086182,1.271118,72.657471,-362.976685,-5.729980,0

0.965088,0.010986,1.684814,41.773682,-388.977661,26.740723,0

0.681274,0.341675,1.807617,22.486572,-283.203735,62.202148,0

-0.141235,0.890015,2.158447,25.782471,-217.224731,133.491211,0

-0.399048,1.397583,2.190796,30.360107,-139.771118,110.847168,0

0.324341,2.037231,3.315674,-18.223877,-98.633423,3.730469,0

-0.095459,1.979980,3.120728,-50.816650,-28.748169,-81.779785,1

-0.400879,1.164307,2.035522,-111.546631,26.366577,-81.901855,1

-0.267578,0.870605,2.071899,-23.472900,174.620972,-77.263184,1

0.328003,0.485840,2.053589,-13.646240,289.428101,-50.102539,1

1.086914,0.099731,2.004150,46.717529,377.684937,-24.956055,1

1.207642,0.033203,2.074707,56.483154,414.977417,-29.533691,1

1.534546,-0.290894,0.918457,66.920166,430.724487,-69.084473,1

1.113770,-0.339966,-0.375122,107.386475,302.611694,-1.030273,1

0.850952,-0.513672,-1.259766,84.193115,150.023804,-50.041504,1

0.499023,-0.508545,-1.958862,-30.186768,-1.831665,42.060547,1

0.658325,-0.021362,-1.446533,-110.020752,-197.327271,84.052734,1

1.188843,-0.113159,-0.138062,-154.820557,-327.698364,37.666016,0

1.289917,0.305664,1.331177,28.529053,-422.852173,75.202637,0

0.703613,0.313843,1.923340,-56.431885,-343.750610,60.187988,0

0.665283,-0.113037,1.510498,6.983643,-300.903931,11.665039,0

0.074219,0.715820,2.410156,-58.995361,-256.592407,146.918945,0

-0.508301,1.659790,1.825928,-5.101318,-84.412231,117.133789,0

-0.084839,1.773193,2.894775,-42.821045,-104.614868,-34.050293,0

-0.329346,1.881470,2.943237,10.279541,41.381226,26.557617,0

-0.434692,1.286255,2.435791,-76.085205,23.070679,-78.239746,1

-0.231201,0.661743,1.681763,-34.581299,107.360229,-114.494629,1

-0.113037,0.473389,1.853271,-58.873291,219.115601,-44.548340,1

0.490723,0.115601,1.845093,11.317139,324.645386,-28.984375,1

0.936279,0.087280,1.662109,48.304443,370.055542,3.974609,1

1.290649,-0.324829,1.165894,52.027588,388.060913,-59.685059,1

1.006470,-0.281494,-0.090698,76.319580,336.730347,-1.457520,1

0.761963,-0.171387,-1.044067,74.244385,210.021362,1.044922,1

0.487061,-0.358765,-1.694458,30.299072,15.563354,38.215332,1

0.550415,0.007812,-1.675659,-132.969971,-169.617310,68.305664,1

1.184082,-0.180664,-0.549683,-119.114990,-372.376099,0.312500,1

1.645020,0.202881,1.385254,-61.864014,-449.219360,95.527344,1

1.426147,-0.122559,1.974365,-27.623291,-378.174438,26.740723,0

0.440918,0.433105,2.058838,32.923584,-236.328735,90.827637,0

0.307007,1.159302,1.949219,-9.801025,-243.591919,80.817871,0

-0.652588,0.817261,1.937744,-13.402100,-66.712036,7.575684,0

-0.537720,1.435059,2.889771,-98.363037,-121.338501,44.990234,0

-0.193481,1.937134,3.339600,11.988525,48.400269,-37.956543,0

-0.666748,1.491333,2.939331,-92.198486,72.020874,-80.620117,0

0.031128,0.354614,2.238525,-105.504150,181.823120,-97.404785,1

0.517456,0.367188,2.158569,0.147705,356.322632,-6.523438,1

1.165771,0.108887,1.636353,-17.430420,394.774780,-5.607910,1

1.221069,-0.042480,1.275879,68.385010,403.869019,-0.358887,1

1.192139,-0.346069,0.636963,53.309326,356.810913,-52.360840,1

0.877808,-0.133545,-0.381104,81.934814,267.821655,21.003418,1

0.774780,-0.350098,-1.259155,27.613525,108.703003,-23.796387,1

0.530029,-0.371826,-2.040161,-29.271240,-26.123657,13.129883,1

0.281128,-0.033936,-1.300903,-134.984131,-222.046509,52.802734,1

0.878906,-0.177002,0.206055,-75.291748,-323.792114,3.364258,1

1.039185,0.168091,1.231812,-25.731201,-364.380493,70.869141,0

1.009155,0.234985,1.443848,31.336670,-317.139282,63.911133,0

0.290283,0.583984,1.711304,7.349854,-282.044067,85.578613,0

-0.082642,0.401611,1.668213,23.829346,-203.003540,85.090332,0

-0.265503,0.810425,1.681396,-63.328857,-107.727661,66.596680,0

-0.253052,1.989990,2.512817,114.466553,-45.471802,82.954102,0

-0.753052,2.555908,2.031128,-64.976807,-41.992798,-27.153320,0

-0.677856,2.453491,2.890869,-127.965088,-101.318970,-174.309082,0

-0.622192,0.851807,1.994019,-107.823486,42.113647,-146.416016,0

-0.062866,0.154663,1.414185,-57.225342,192.321167,-50.651855,0

0.298462,0.317139,1.226562,-10.472412,255.126343,7.880859,0

0.720093,0.104370,0.567749,-44.591064,256.102905,-36.064453,0

0.492310,0.014038,0.797974,50.318604,191.405640,-33.989258,0

0.515869,0.271240,0.816772,-15.965576,253.539429,-108.391113,0

0.627686,-0.147583,0.222900,46.656494,207.885132,-64.689941,0

-0.152466,-0.322144,-0.669434,-23.350830,85.997925,-0.480957,0

-0.159180,-0.151245,-0.758057,-42.515869,-74.097290,7.697754,0

-0.174194,0.137817,-0.501587,-31.224365,-165.344849,65.498047,0

0.019165,0.118286,0.162842,7.288818,-196.045532,50.849609,0

-0.072998,0.332520,0.593262,38.050537,-199.524536,133.735352,0

-0.138306,0.476685,0.847412,24.317627,-161.255493,52.741699,0

-0.302612,0.864990,1.390747,17.603760,-187.988892,135.139160,0

-0.363770,1.287476,1.446289,66.492920,-110.108032,25.031738,0

-0.159058,1.244507,1.818726,-12.059326,-163.941040,101.813965,0

-0.106934,0.896973,1.352661,2.039795,-101.257935,37.788086,0

-0.082153,0.730103,1.081665,12.354736,-23.438110,43.708496,0

-0.246338,0.771240,0.818115,-30.247803,-29.053345,50.544434,0

0.123535,0.725952,0.939087,-18.529053,-14.343872,-0.053711,0

0.179321,0.392212,0.857544,-1.256104,5.919800,26.252441,0

0.309082,0.531616,0.810791,42.139893,2.196655,53.046875,0

0.254150,0.602417,0.747803,31.702881,9.337769,28.388672,0

0.213745,0.415161,0.605469,0.391846,-17.273560,-17.937012,0

0.325684,0.527832,0.602295,-16.820068,-48.340454,-22.087402,0

0.552002,0.675049,0.808350,-38.243408,-4.517212,-38.322754,0

0.478149,0.838745,0.954224,-23.350830,2.196655,-5.729980,0

0.468262,0.702148,0.980957,-12.974854,-14.954224,10.261230,0

-0.043091,0.589966,0.792236,9.669189,-3.296509,-0.725098,0

0.098267,0.495483,0.682739,7.288818,26.976929,-23.552246,0

0.039673,0.604980,0.628296,14.735107,22.826538,28.754883,0

-0.179688,1.172607,0.918579,23.463135,20.995483,3.547363,0

-0.585693,1.430054,1.285522,-13.585205,-33.081665,-71.770020,0

-0.170044,1.387817,1.324585,-102.330322,-15.747681,-168.388672,0

-0.029175,0.973389,1.403809,-19.078369,25.817261,-113.151855,0

0.464355,0.772339,1.473389,-58.995361,72.448120,-120.842285,0

1.348755,-0.036377,2.053711,28.406982,147.643433,-152.092285,0

1.291382,-0.788330,1.311646,80.042725,329.406128,-66.643066,0

1.173340,-0.632202,1.124268,313.807373,467.711792,96.809082,0

1.719482,-0.627197,0.696533,229.334717,462.035522,-7.377930,0

1.568848,0.294678,-0.073120,46.168213,456.603394,202.583008,0

1.036011,0.965210,-0.290039,-57.957764,363.768921,128.242188,0

1.135620,1.855713,-0.519897,-179.844971,192.077026,-56.572266,0

0.591309,2.880005,-1.190552,-311.925049,32.592163,-121.635742,0

0.632690,2.758911,-0.693115,-266.209717,-6.470337,-219.414062,0

0.277588,2.235718,-1.304932,-194.005127,-74.341431,-279.655762,0

0.161255,2.193726,-1.268677,-31.285400,-119.507446,-284.050293,0

0.322266,1.376343,-0.439941,-207.799072,-180.420532,-305.839844,0

0.266968,0.935181,-0.568481,38.050537,-112.244263,-301.079102,0

0.720581,0.424805,-0.016724,-11.143799,-201.904907,-266.655273,0

1.004761,0.013306,0.011597,83.948975,-168.213501,-197.563477,0

1.237183,-0.268066,0.112915,96.583252,-215.088501,-70.854492,0

1.439453,0.227051,0.452271,249.537354,-198.120728,104.255371,0

1.013428,1.339722,0.922974,282.618408,-151.795044,161.872559,0

0.583130,2.438232,1.372925,202.540283,-135.010376,155.158691,0

0.836670,1.625610,1.862793,-173.863525,-196.961060,-119.621582,0

1.102051,1.411743,1.802002,-174.412842,-106.140747,-136.589355,0

1.095581,0.899902,1.822266,-106.480713,98.204956,-209.099121,0

0.725586,0.740723,1.276245,-137.181396,162.291870,-156.303711,0

0.601196,0.955566,1.342163,-165.562744,157.103882,-147.392578,0

0.406860,0.443726,1.100830,-157.811279,151.793823,-151.298828,0

0.389893,0.394287,0.883545,-81.822510,143.187866,-119.804688,0

0.636597,-0.082031,1.117798,-131.199951,145.751343,-98.747559,0

1.091675,-0.256836,1.922241,-2.598877,254.088745,-28.190918,0

1.318237,0.687622,0.406860,-121.678467,425.414429,58.906250,0

1.080566,0.706665,-0.202881,-177.342529,369.994507,36.872559,0

1.450073,0.454956,-0.463989,-126.561279,420.226440,57.563477,0

1.351562,0.643311,-0.615967,-80.418701,339.598999,65.375977,0

1.431274,0.765137,-0.741089,-153.416748,305.724487,24.726562,0

0.840820,0.618530,-1.914185,-234.715576,137.023315,51.276855,0

0.516235,0.567017,-2.229736,-279.576416,-166.199341,41.694336,0

1.013916,0.940430,-1.875366,-362.095947,-432.007446,63.239746,0

2.057983,2.466431,-0.823608,-343.358154,-733.887329,-2.678223,0

0.781982,1.207764,3.999512,96.583252,-106.934204,45.661621,0

-1.062256,2.620728,-0.161133,62.281494,198.058472,-77.934570,0

-0.711182,1.851807,0.820435,-21.214600,18.004761,-168.571777,0

-0.171875,0.888672,0.526001,-72.789307,61.583862,-209.282227,0

-0.263184,1.008423,-0.456787,-18.590088,49.926147,-207.023926,0

-0.313110,1.121582,-0.706055,-12.120361,12.084351,-183.220215,0

-0.260986,0.980591,-0.662231,52.027588,6.652222,-193.413086,0

-0.230347,0.706665,-0.691162,86.451416,-11.292114,-185.051270,0

-0.141724,0.291138,-0.146729,78.455811,-58.350220,-157.890625,0

-0.078369,-0.048950,0.128784,89.136963,-59.204712,-94.597168,0

0.063599,-0.232422,0.448608,98.536377,-74.890747,-36.308594,0

0.205200,-0.342529,0.770996,107.752686,-42.236938,63.911133,0

0.219849,-0.185181,0.850342,128.626709,-18.311157,123.359375,0

0.419556,-0.385986,0.681152,108.607178,22.277222,198.005371,0

0.452637,0.281860,0.807251,114.954834,16.478882,286.445312,0

0.659180,1.259399,1.502441,42.506104,60.241089,335.273438,0

0.377319,2.475708,1.186768,53.797607,159.240112,295.173340,0

0.399170,2.503296,0.814331,-37.144775,222.655640,178.901367,0

-0.140259,2.471436,-0.051270,-67.052002,193.297729,69.282227,0

0.438477,1.791748,0.886475,-135.777588,111.571655,-23.491211,0

0.117676,2.014282,0.031128,-110.203857,190.001831,-43.999023,0

0.329224,1.724243,-0.134521,-129.552002,81.298218,-135.795898,0

0.094971,1.584473,-0.474976,-73.948975,60.241089,-172.416992,0

0.010742,1.249512,-0.067383,-77.305908,-44.006958,-189.628906,0

-0.020264,1.042236,0.093872,-20.177002,-5.554810,-200.981445,0

0.228027,0.677612,0.398071,8.753662,-46.814575,-200.432129,0

0.346191,-0.003540,0.467651,126.551514,11.107788,-153.129883,0

0.193115,0.073120,0.809082,168.055420,50.597534,-39.116211,0

0.149780,0.318848,0.804321,159.449463,-2.075806,-37.529297,0

-0.425293,0.140015,1.045776,39.820557,-25.696411,5.683594,0

-0.179321,-0.031250,1.251343,6.129150,-107.605591,30.952148,0

-0.332275,0.198975,0.822998,-64.305420,-116.577759,59.882812,0

-0.265259,0.237183,1.139404,-89.696045,-81.421509,17.341309,0

-0.250244,0.534424,1.376709,-49.534912,-95.581665,60.126953,0

-0.332886,0.205322,0.807861,-109.349365,-37.232056,-31.791992,0

-0.167847,0.207764,0.984253,-39.219971,-38.513794,41.999512,0

-0.062988,0.176636,0.830444,-32.017822,-90.820923,-49.248047,0

0.025879,0.136230,0.879761,-17.369385,-92.957153,-15.617676,0

-0.137451,0.126587,0.907471,-22.557373,-101.441040,-14.763184,0

-0.246704,0.489380,1.225708,-8.336182,-60.120239,-26.176758,1

0.005249,0.901611,2.814575,66.859131,-19.409790,-64.750977,1

-0.157349,0.256836,3.786011,20.228271,44.249878,-132.866211,1

-0.092651,-0.390503,2.939941,-3.819580,214.965210,17.280273,1

0.054688,-0.192383,2.236572,67.835693,294.738159,77.033691,1

0.968384,-0.180786,1.899536,9.180908,386.901245,25.886230,1

1.312866,-0.234863,1.645020,63.319092,386.229858,-4.020996,1

1.305298,-0.150391,1.087769,13.758545,383.849487,-2.067871,1

1.197510,-0.083252,0.155762,42.017822,331.603394,26.191406,1

0.953735,0.170410,-1.235840,45.618896,190.978394,16.975098,1

0.894897,0.218994,-1.822510,83.338623,61.828003,44.807129,1

0.786743,-0.048828,-2.363037,-32.628174,-82.764282,35.346680,1

0.961914,0.062378,-1.210938,-88.414307,-277.527466,55.183105,1

1.469482,-0.227051,0.941162,-84.447021,-408.936157,57.624512,1

1.636597,-0.123779,1.785645,-95.006104,-442.993774,52.436523,1

1.227417,-0.068848,1.940430,-106.236572,-388.062134,44.013672,1

0.925415,-0.118774,2.540771,47.327881,-277.588501,46.271973,0

0.286011,0.458862,1.824707,33.961182,-293.884888,76.240234,0

-0.656982,0.890381,1.838745,41.285400,-128.479614,90.888672,0

0.137451,1.735596,1.964355,172.999268,-46.692505,32.539062,0

0.295044,2.962524,2.043091,74.122314,0.426636,-73.723145,0

0.640137,2.183472,1.826904,29.444580,6.835327,40.107422,0

1.123901,2.304199,1.759033,-56.126709,171.203003,-119.438477,0

0.974731,-0.060547,1.161133,32.313232,301.085815,-219.291992,0

0.950928,-0.587158,1.005493,225.306396,434.691772,-143.364258,0

1.209351,-0.833252,1.136230,344.080811,458.129272,-29.472656,0

1.253784,-0.657837,1.028931,214.503174,435.668335,132.697754,0

0.890137,0.559937,0.297119,14.246826,402.037964,124.152832,0

0.759644,0.853638,-0.228760,-186.986084,256.835327,-14.885254,0

0.767822,2.444580,-0.085693,-228.856201,169.127808,-108.269043,0

0.478882,3.810547,-0.543213,-360.753174,-1.770630,-247.734375,0

0.521851,3.352539,-0.572266,-152.867432,23.986206,-404.472656,0

0.279175,2.229858,-1.046021,-67.967529,-28.198853,-329.399414,0

0.738037,1.463501,-0.798462,59.351807,-75.012817,-371.940918,0

0.842041,1.130981,-0.299561,55.933838,-133.728638,-294.609375,0

0.937988,0.181274,0.161987,77.296143,-130.249634,-211.174316,0

0.691650,-0.115723,0.165039,82.423096,-64.758911,-61.394043,0

0.647949,-0.092651,-0.088257,163.477783,-88.379517,22.651367,0

1.069458,0.280640,-0.030762,184.046631,-168.091431,125.312500,0

1.993530,1.432739,0.110596,175.745850,-384.705200,169.135742,0

2.736572,2.406738,2.974854,335.474854,-484.802856,28.266602,0

1.112183,2.534546,3.633301,112.757568,-334.900513,-71.831055,0

0.333130,2.072021,2.058960,-391.453857,-8.240356,10.139160,0

0.211182,1.410522,1.650513,6.556396,121.398315,-219.597168,0

0.561401,1.496582,2.065063,-148.594971,57.311401,-194.938965,0

0.645020,0.835449,0.519653,-259.862061,241.881714,-196.037598,0

0.240723,0.165771,-0.240601,-221.898193,176.818237,-189.323730,0

0.556641,-0.890625,0.056152,-149.449463,-3.540649,-216.484375,0

1.662354,-1.417969,2.097534,-40.318604,-113.037720,52.985840,0

2.119873,1.126343,3.397705,14.857178,228.026733,240.852051,0

1.903198,1.844360,0.792725,-82.921143,490.599976,155.036621,0

2.198608,1.356079,-0.525879,-110.570068,548.400269,93.574219,0

1.454712,1.236328,-2.298828,181.177979,575.316772,7.087402,0

1.481934,0.176636,-2.963745,-104.466553,268.554077,-133.171387,0

0.880615,-0.273560,-3.397827,-57.469482,-94.971313,-50.224609,0

1.074463,-0.286743,-2.455566,-1.805420,-279.846802,21.003418,0

1.113647,0.404663,-1.559204,33.839111,-436.340942,59.028320,0

2.095215,1.075684,-0.050171,-32.445068,-663.635864,38.032227,0

1.888916,0.704346,1.173950,74.488525,-515.564575,-49.064941,0

1.543335,-0.132202,1.018311,157.008057,-275.513306,-53.825684,0

2.479492,0.593506,1.545166,405.115967,-69.641724,270.332031,0

2.147949,2.197998,2.582397,289.454346,24.901733,300.727539,0

0.301270,2.881470,0.783325,80.408936,404.113159,259.833984,0

-0.885132,1.868286,-0.649292,-182.225342,-31.799927,19.294434,0

-0.705444,1.982666,-0.185547,-62.718506,-64.270630,-13.298340,0

-0.596558,2.259521,-0.629883,-53.319092,-84.351196,-86.052246,0

0.108521,1.790894,-0.055054,-25.609131,-249.146118,-192.802734,0

0.946289,1.529907,0.523804,-73.155518,-323.792114,-252.434082,0

1.617676,0.762451,2.124146,-29.271240,-238.281860,-212.333984,0

1.856079,0.885986,2.450439,-224.705811,80.077515,-62.980957,0

1.982300,1.491211,1.888550,-143.468018,281.554565,7.270508,0

1.517822,1.313965,0.677246,-218.480225,424.559937,-72.075195,0

0.529419,0.416748,-0.607422,-141.942139,384.215698,-38.017578,0

-0.986694,1.294312,-2.916992,54.163818,375.914917,-80.925293,0

-0.500000,-0.124390,-1.365601,-173.985596,-139.465942,-195.549316,0

-0.258301,-0.301392,-0.369385,3.138428,-131.165161,-155.815430,0

-0.001343,-0.507812,0.027832,1.429443,-172.119751,-109.184570,0

0.543091,-0.655029,1.398926,32.618408,-177.124634,-30.937500,0

0.949341,-0.317627,2.881226,44.031982,63.781128,59.394531,0

1.076538,0.289429,1.782227,-128.026123,272.887573,174.140625,0

1.273560,1.087769,0.341797,-178.746338,420.348511,178.779297,0

1.302612,1.101562,-0.260376,-171.727295,395.018921,135.383301,0

1.311279,1.458984,-0.554565,-180.516357,358.825073,128.181152,0

0.965820,1.372925,-1.620361,-167.393799,303.222046,99.799805,0

0.263062,1.253784,-2.969482,-316.319580,-15.503540,81.672363,0

0.164307,2.141602,-1.718262,-237.828369,-282.837524,98.640137,0

-0.220459,3.428955,-1.315063,-190.831299,-357.239380,21.674805,0

0.129272,1.504028,-0.301270,-172.032471,-431.580200,-187.065430,0

-0.007202,1.766113,0.924683,-30.186768,-339.905396,-178.886719,0

0.200195,1.078857,2.156372,3.504639,-179.749146,-228.874512,0

0.138916,1.044922,1.923218,10.340576,5.248413,-229.606934,0

0.466675,0.436768,1.538696,-146.885986,8.910522,-228.874512,0

0.560913,-0.274902,1.304199,-71.995850,107.726440,-181.572266,0

0.774170,-0.207153,1.559692,-143.284912,134.887085,8.063965,0

1.125977,0.688599,0.575317,-159.215088,302.672729,87.958984,0

1.159790,0.996338,-0.731812,-74.315186,398.619995,17.219238,0

0.520508,0.416626,-3.023926,270.960693,449.889526,-62.309570,0

0.478271,-0.152832,-2.412231,-200.352783,-112.427368,17.646484,0

0.425293,0.171875,-1.302124,-15.111084,-188.721313,103.767090,0

0.906006,0.116577,-0.098633,-45.201416,-357.361450,179.145508,0

1.000244,1.373413,2.666016,184.168701,-147.217407,255.500488,0

-0.566406,2.290894,-0.611694,-24.388428,163.634644,239.997559,0

-0.706177,1.326294,-2.931641,52.088623,-70.862427,210.578613,0

0.917358,2.197754,-1.777832,-18.223877,-653.320923,159.919434,0

3.131470,1.782959,0.225098,-34.642334,-866.333618,-50.285645,0

3.249512,1.058594,0.898315,-206.029053,-685.242310,-170.524902,0

2.363525,-0.837769,2.000122,-112.950439,-417.053833,-112.297363,0

1.556274,0.792358,1.526001,131.495361,137.084351,107.612305,0

1.850586,0.235962,0.932129,208.826904,397.765503,80.268555,0

1.192993,0.393311,-0.144409,28.651123,328.734741,179.755859,0

-0.278564,1.924438,0.193970,-12.852783,134.826050,205.512695,0

-1.244751,2.479614,-0.680664,-74.437256,98.510132,55.183105,0

-1.119385,2.518433,-0.740723,-34.031982,-63.904419,-87.272949,0

-0.235474,1.749023,0.151001,-97.569580,-176.209106,-196.342773,0

1.008911,1.384521,1.232300,2.222900,-180.054321,-208.122559,0

1.664795,1.936890,2.911011,7.349854,-70.252075,-146.232910,0

1.866455,1.616333,1.862915,-263.951416,147.704468,-125.603027,0

1.600708,1.163818,1.041992,-135.350342,361.754761,-180.229492,0

1.294800,0.379639,0.094971,-145.238037,414.000854,-182.854004,0

0.181396,0.094849,-0.485840,-12.120361,327.819214,-118.217773,0

-0.680054,0.226685,-2.437988,30.909424,192.015991,-145.622559,0

-0.148315,-0.516602,-0.704224,-185.582275,-269.653931,-105.034180,0

0.509888,-0.089478,2.813843,204.554443,-24.414673,-35.942383,0

0.674683,0.150879,0.033325,159.571533,401.427612,-185.722656,0

0.895020,0.031982,-0.410645,214.320068,362.365112,-215.690918,0

1.153442,-0.697388,-0.841553,222.132568,272.521362,-324.150391,0

0.879517,-1.229370,-0.416382,35.059814,69.152222,-199.455566,0

0.742676,-1.265137,-0.208984,-143.712158,16.112671,17.890625,0

0.617554,-1.044556,-0.212891,-290.928955,-16.296997,210.395508,0

0.853516,-1.067383,-1.329712,-392.918701,-89.172974,443.671875,0

1.933838,0.027466,-1.810791,-847.630615,-461.792603,766.425781,0

3.622681,0.860840,0.112671,-993.626709,-976.380005,180.183105,0

2.125244,-0.683350,2.206299,-49.534912,-181.519165,-257.072754,0

1.227661,0.284546,3.245605,92.554932,-34.119263,32.050781,0

-0.308960,1.480347,1.496704,353.297119,200.133667,-60.417480,0

-0.310669,1.080566,1.594971,28.834229,-18.250122,-139.519043,0

0.220947,1.118896,1.841187,31.153564,66.893921,-191.337891,0

0.059937,0.801025,1.076172,-96.104736,93.871460,-181.022949,0

-0.073608,0.931152,0.663574,138.026123,109.008179,-200.310059,0

-0.422729,0.549805,0.251953,146.693115,62.072144,-221.489258,0

-0.406006,0.952759,0.234009,539.698486,-23.316040,-303.459473,0

-0.703979,0.086182,-0.341919,358.424072,-73.364868,-275.688477,0

-0.660156,-0.002197,0.055664,283.717041,-119.690552,-132.255859,0

-0.490479,-0.014526,0.609375,128.443604,-122.131958,-27.702637,0

-0.747192,-0.142578,0.203003,-31.529541,-84.168091,102.546387,0

-1.295410,2.066528,-0.750854,-19.932861,4.210815,16.303711,0

0.002563,0.572388,-0.650146,-141.575928,-115.479126,-252.983398,0

0.371948,0.135010,0.058472,-260.411377,-95.154419,-196.586914,0

0.795288,-1.441284,-0.122925,-409.215088,47.973022,-163.322754,0

0.459229,-0.535156,-0.159180,-254.979248,-13.306274,-107.414551,0

0.487549,-0.543091,-0.668213,-450.352783,35.033569,-72.929688,0

-0.206177,0.083740,-0.912720,-520.665283,-32.776489,93.085938,0

-0.404785,0.176025,-0.623169,-547.764893,-138.916626,191.657715,0

-0.009399,0.021484,0.074707,-484.471436,-200.379028,170.173340,0

0.183716,0.339355,-0.463623,-271.397705,-109.558716,200.080566,0

0.545044,1.609009,-1.478516,-137.425537,-261.780396,250.434570,0

1.346191,2.057007,-0.913208,-31.651611,-319.031372,212.409668,0

1.965088,2.671387,-0.076172,9.180908,-588.562622,163.886719,0

2.426147,2.069946,2.310059,-369.176025,-655.335083,4.523926,0

1.012939,0.431885,1.465698,-31.285400,53.222046,-110.710449,0

0.278198,1.349609,0.327759,-0.828857,16.784058,-96.916504,0

0.348022,0.997681,0.369751,-179.051514,-84.656372,-137.871094,0

0.853027,0.496338,1.109375,-228.978271,-161.438599,-152.824707,0

1.834595,-0.374756,2.739990,30.909424,114.196167,-145.073242,0

1.968628,0.252563,2.550781,-115.697021,226.989136,71.052246,0

1.776245,1.292847,0.635254,-30.919189,453.490601,65.864258,0

1.345459,0.949463,-0.131226,-34.459229,389.586792,18.989258,0

1.134644,0.987305,-0.904785,115.809326,467.162476,-11.162109,0

1.280273,0.538208,-1.153198,114.588623,411.010132,-94.963379,0

0.889893,0.232910,-1.436890,-159.276123,154.967651,-50.346680,0

0.783569,-0.125244,-0.858887,-211.400146,-28.320923,51.093750,0

0.832153,0.006958,-0.426392,-40.562744,17.211304,145.332031,0

0.685425,0.744995,-0.940063,-2.110596,-5.493774,240.729980,0

0.475220,2.307251,-1.287476,-39.952393,-91.309204,261.420898,0

1.019287,1.915161,-1.381714,-88.231201,-373.840942,163.703613,0

2.586670,1.219971,0.255493,-172.459717,-649.170532,90.461426,0

1.290405,1.674316,1.979492,301.478271,-188.171997,133.796387,0

0.787476,1.050415,0.343262,9.425049,17.943726,82.465820,0

0.691650,1.123047,0.362549,42.933350,78.856812,121.772461,0

0.625366,1.160767,0.372070,-69.005127,109.374390,147.590332,0

0.137451,2.147705,-0.089478,-213.658447,58.593140,108.100586,0

-0.185547,1.960449,-0.434814,-210.850830,-55.542603,-60.844727,0

-0.016846,1.660034,0.459961,-318.455811,-125.305786,-180.107422,0

0.309082,1.830811,0.418457,-191.197510,26.000366,-191.765137,0

0.433960,1.020996,0.564331,-220.128174,-17.334595,-192.192383,0

0.701172,0.671143,1.262085,-257.176514,86.852417,-86.235352,0

0.532227,0.894287,0.771362,-93.602295,169.677124,-37.041016,0

0.488037,0.474365,0.746460,-170.750732,126.403198,-25.444336,0

0.182495,0.607544,0.520020,-7.603760,177.123413,-35.332031,0

-0.029297,0.234619,0.254028,-178.990479,47.850952,-18.364258,0

-0.251587,0.294678,0.506470,-171.544189,-12.451782,-20.256348,0

-0.035156,0.177246,0.347778,-24.876709,-14.893188,21.125488,0

-0.218750,0.202759,0.404541,-56.248779,-43.335571,35.224609,0

-0.369019,0.285400,0.448730,6.129150,-69.763794,30.402832,0

-0.286987,0.353760,1.309937,-62.108154,-66.589966,41.633301,0

-0.394775,0.266602,0.869629,45.863037,-78.491821,22.041016,0

-0.364258,0.392822,1.292358,-4.429932,-73.486938,17.036133,0

-0.580566,0.281006,1.005127,92.921143,-0.061646,-44.426270,0

-0.284668,0.288330,1.091919,27.613525,-24.841919,-12.871094,0

-0.351562,0.070557,1.183716,-39.891357,-53.040161,-25.322266,0

-0.361816,0.132324,1.203613,-56.614990,20.263062,-40.031738,0

-0.582642,0.187744,1.438110,-31.163330,41.808472,-29.106445,0

-0.496704,0.045166,1.663818,-66.380615,52.001343,-76.652832,1

-0.568604,-0.224365,2.250000,-17.369385,114.745483,-42.045898,1

-0.598755,-0.663818,2.130737,-6.749268,148.497925,-2.556152,1

-0.734619,-0.464600,1.820312,53.858643,183.165894,59.516602,1

-0.255981,-0.511475,1.057129,13.148193,220.641479,83.991699,1

0.215210,-0.163452,0.858398,49.769287,265.929565,96.748047,1

0.421021,0.045288,0.538696,21.448975,282.592163,54.572754,1

0.528198,0.100586,0.294678,4.420166,233.519897,21.796875,1

0.540283,0.104492,-0.367798,38.660889,219.115601,21.918945,1

0.472168,0.274902,-0.987305,58.192139,127.684937,21.735840,1

0.346436,-0.039429,-1.337891,46.107178,13.244019,34.309082,1

0.175415,-0.219238,-1.752930,-22.923584,-109.558716,58.479004,1

0.262939,0.100586,-1.132446,-85.667725,-268.250122,95.527344,1

1.098145,-0.185791,0.814331,-98.973389,-444.092407,43.037109,1

1.588257,0.113403,1.862427,-5.162354,-441.101685,87.897949,1

1.401611,0.039551,1.870850,-71.995850,-415.466919,102.241211,1

0.546143,1.043823,2.617676,189.844971,-217.102661,190.437012,0

-0.078247,1.108154,1.211670,-154.759521,-262.573853,168.342285,0

-0.613159,1.709473,2.586426,54.468994,13.121948,90.888672,0

-0.414917,2.561035,2.073486,-96.837158,28.197632,-10.917969,0

0.841675,1.946777,3.213745,10.340576,110.778198,-87.822266,0

0.205933,1.138672,2.444336,-132.908936,90.636597,-142.692871,0

0.053101,0.226318,1.809204,-72.667236,211.242065,-82.084961,1

0.729858,0.200928,1.520752,10.706787,305.053101,-33.562012,1

1.064209,0.074707,1.489136,38.599854,351.195679,-27.641602,1

1.087646,-0.124023,1.003174,77.174072,375.548706,-22.697754,1

0.821899,-0.196167,0.357056,84.193115,325.621948,-34.477539,1

0.584106,-0.165527,-0.450195,95.667725,269.469604,-1.701660,1

0.337646,-0.253418,-1.302734,63.624268,131.957397,9.040527,1

0.152710,-0.251587,-1.890503,-38.975830,-42.175903,40.107422,1

0.223022,-0.255127,-1.596924,-133.763428,-210.632935,50.605469,1

1.133423,-0.288696,0.626221,-61.619873,-376.038208,48.286133,1

1.319336,-0.016235,1.401367,-118.931885,-392.639771,75.324707,1

1.193604,0.104004,1.318848,-33.116455,-333.130493,93.208008,1

0.832275,0.430786,1.845215,-12.852783,-294.922485,135.749512,0

0.295654,0.970581,2.066650,5.396729,-179.138794,138.374023,0

0.299072,2.025879,2.382202,20.350342,-114.807739,146.369629,0

-0.188477,2.493530,2.537598,-94.273682,-29.663696,-16.899414,0

0.142212,1.886597,2.836060,-4.246826,27.160034,-112.541504,0

0.091309,1.171021,2.284668,-126.439209,65.856323,-165.092773,0

0.156006,0.268188,1.756714,-12.974854,170.104370,-83.000488,1

0.475708,0.217896,1.603760,12.171631,280.150757,-80.559082,1

0.784424,0.076294,1.546021,29.749756,332.213745,-52.788086,1

1.045166,0.023438,1.358276,47.388916,351.561890,-80.192871,1

1.062866,-0.119263,0.678467,47.327881,353.331909,-67.802734,1

0.877686,-0.186768,-0.252686,72.413330,302.794800,-28.374023,1

0.373901,-0.101807,-1.322266,30.604248,142.089233,-23.186035,1

0.094604,-0.295776,-1.976562,-1.378174,-39.307251,59.699707,1

-0.007202,0.244507,-1.466187,-101.597900,-230.957642,72.822266,1

1.033447,0.068359,0.198242,-55.516357,-385.498657,45.112305,1

1.190186,0.000977,1.519531,5.762939,-373.413696,70.563965,1

0.878296,0.239624,1.430298,21.632080,-310.364380,86.066895,1

0.484863,0.473633,1.687134,36.768799,-206.055298,221.564941,1

-0.096924,0.735352,1.468872,-56.737061,-159.424438,92.536621,0

0.090576,1.060791,1.782715,11.317139,-47.363892,154.243164,0

0.198975,2.215210,2.284546,-18.406982,-75.440063,36.567383,0

-0.020386,2.385498,2.696289,1.124268,11.535034,50.727539,0

-0.360107,2.262329,1.767944,-61.864014,80.199585,-86.723633,0

0.002563,0.672363,1.530029,-93.968506,76.598511,-153.740234,0

-0.016235,0.554565,1.679077,-21.397705,229.552612,-66.826172,0

0.556763,0.187744,1.580933,7.838135,265.563354,-84.831543,1

0.901733,0.055664,1.741455,16.383057,337.340698,-96.428223,1

1.198730,-0.395874,1.023560,26.148682,378.112183,-71.281738,1

0.969727,-0.431274,0.134766,74.183350,333.129272,-10.917969,1

0.412354,-0.209839,-0.992676,39.576416,195.739136,-9.758301,1

-0.114868,0.021729,-1.830200,13.270264,21.117554,59.760742,1

-0.150879,0.196899,-1.675903,-78.892822,-130.982056,31.928711,1

0.512451,0.149292,-0.674927,-89.757080,-305.359497,-4.692383,1

1.225586,-0.072144,0.716309,41.773682,-360.901489,-23.063965,1

0.846191,0.067261,1.191772,37.806396,-332.459106,59.272461,1

0.568604,-0.064575,1.598999,7.349854,-284.546509,83.686523,1

0.425293,0.179199,1.456177,3.199463,-194.763794,123.542480,1

0.041504,0.726318,1.615723,-50.328369,-148.743286,136.909180,1

0.177612,1.173950,2.244873,-42.821045,-107.910767,65.620117,0

0.063843,1.995850,3.432739,36.585693,-76.599731,24.848633,0

-0.437866,1.976440,2.589111,-19.078369,40.038452,-64.201660,0

-0.251221,0.853638,1.901978,-98.607178,67.626343,-153.190918,0

-0.149048,0.293945,1.921509,-9.556885,178.710327,-58.525391,0

0.249878,0.272583,1.700195,-33.055420,229.735718,-23.369141,0

0.667114,-0.064453,1.772217,-10.350342,292.662964,-31.730957,1

0.865479,-0.091064,1.598022,46.412354,364.989624,-15.739746,1

1.207397,-0.371460,0.936035,14.552002,391.539917,-15.007324,1

0.835571,-0.219238,-0.359985,96.278076,336.791382,30.158691,1

0.571289,0.040161,-1.437500,4.725342,153.014526,30.891113,1

0.462280,-0.171753,-2.193115,8.814697,17.455444,29.304199,1

0.163696,0.415649,-1.776367,-145.299072,-227.539673,40.961914,1

1.532471,-0.316772,0.114624,-13.218994,-398.377075,1.960449,1

1.645020,0.065552,1.209473,-28.111572,-415.344849,32.478027,1

1.289185,0.111572,1.989258,27.003174,-369.995728,49.201660,1

0.838989,0.152466,1.506226,-2.476807,-267.029419,42.731934,1

0.276978,0.462769,2.168945,-24.815674,-234.680786,78.498535,0

-0.027100,0.698242,1.577759,-24.632568,-156.738892,-12.565918,0

0.049805,1.337280,2.752686,-89.879150,-121.643677,42.365723,0

0.756836,2.274292,3.836670,37.073975,-9.766235,-43.876953,0

-0.599854,1.505005,2.714478,-160.557861,-1.221313,-59.746094,0

-0.235596,0.157593,2.306396,-100.438232,164.428101,-59.746094,1

0.656006,0.189331,2.237305,25.843506,325.866089,19.111328,1

1.325317,-0.021118,1.937744,0.941162,393.187866,-13.664551,1

1.638794,-0.272461,1.432251,44.947510,420.836792,-12.565918,1

1.456665,-0.233521,0.930420,33.656006,399.657593,-5.302734,1

1.152588,-0.248169,-0.423340,35.364990,342.406616,-8.598633,1

0.683228,-0.021484,-1.323486,27.186279,134.703979,25.336914,1

0.464478,-0.187378,-2.013672,-43.919678,24.291382,3.486328,1

0.276367,0.130615,-1.740967,-159.459229,-239.685669,44.685059,1

1.432129,-0.230103,-0.264526,-54.173584,-426.148071,-32.707520,1

1.798828,-0.038208,1.393188,-4.307861,-430.298462,22.346191,1

1.040405,0.204102,1.946167,87.489014,-315.918579,74.226074,0

0.966187,-0.012329,1.995239,-72.423096,-314.697876,101.569824,0

0.315796,0.999146,2.096558,42.994385,-186.401978,168.830566,0

-0.397461,1.697510,2.594360,-66.319580,-124.207153,48.774414,0

0.392700,2.320312,2.970215,96.583252,38.756714,10.688477,0

0.069092,2.095337,2.933472,-91.405029,10.558472,-72.746582,0

-0.085815,0.873535,2.348633,-147.008057,63.903198,-156.425781,1

0.016602,0.217285,1.828125,7.593994,233.764038,-58.586426,1

0.801636,0.227295,2.149658,-5.162354,317.015991,-77.324219,1

1.268433,-0.055542,1.520508,32.801514,392.943726,-41.923828,1

1.341187,-0.151611,1.137329,40.186768,388.121948,-44.060059,1

1.211792,-0.257690,0.335449,33.717041,344.542847,-37.468262,1

0.806152,-0.306274,-0.773560,20.716553,234.862671,24.543457,1

0.470703,-0.018799,-1.362549,35.120850,84.166870,37.604980,1

-0.060547,-0.101807,-1.987427,-49.901123,-90.027466,49.689941,1

0.395508,0.114380,-0.995361,-126.988525,-287.659302,19.233398,1

1.427856,-0.144531,0.444580,3.931885,-372.986450,25.153809,1

1.126099,0.037842,1.622681,-11.815186,-379.883423,63.483887,0

1.121216,-0.024536,1.552979,28.101807,-312.256470,38.032227,0

0.751343,0.080811,1.746826,-88.963623,-329.041138,78.803711,0

0.158325,1.026489,2.242798,74.671631,-219.788208,151.618652,0

-0.251465,1.254395,2.544678,-38.304443,-86.243286,37.543945,0

0.642822,1.945435,3.092651,30.177002,-37.903442,-9.636230,0

-0.223389,1.839600,3.033691,-41.356201,17.333374,-24.284668,0

0.106934,0.702637,1.992920,-131.566162,67.260132,-127.617188,0

0.020142,0.036987,1.668213,-27.562256,221.557007,-30.388184,1

0.469482,0.271973,1.759155,43.360596,274.779663,-30.876465,1

0.965210,-0.044922,1.435547,23.585205,350.951538,-21.477051,1

0.996338,-0.036621,1.421997,48.487549,366.637573,-29.533691,1

1.066406,-0.234985,0.763794,60.023193,370.055542,-32.036133,1

0.788452,-0.157471,-0.319458,86.390381,315.062866,7.941895,1

0.480835,-0.104736,-1.429932,52.882080,160.338745,14.533691,1

0.438599,-0.297119,-1.992920,-18.834229,-15.015259,16.608887,1

0.407593,0.177002,-1.490234,-135.228271,-262.940063,45.600586,1

1.489624,-0.269409,0.048340,-57.164307,-387.451782,5.134277,1

1.657104,-0.031860,1.687500,-37.083740,-443.604126,30.463867,1

1.240479,0.018433,2.016968,-31.285400,-378.967896,93.330078,1

1.096680,0.106934,2.107178,-15.660400,-324.036255,83.808594,0

0.027710,1.214478,1.878296,86.268311,-139.099731,118.476562,0

-0.431152,1.004639,1.810791,-51.671143,-87.647095,47.065430,0

0.183838,1.765625,2.254517,48.853760,8.971558,-33.684082,0

0.254028,2.086182,3.289795,-16.881104,9.398804,-34.477539,0

0.020264,1.052246,2.792358,-117.161865,34.850464,-100.639648,0

0.037476,0.544189,1.963867,-61.619873,195.678101,-73.479004,1

0.486206,0.225708,1.633423,-6.627197,292.357788,-54.802246,1

0.939453,0.133423,1.460327,24.378662,361.144409,-50.712891,1

1.171265,-0.050293,1.265015,35.487061,373.595581,-47.050781,1

1.125000,-0.111328,0.586304,40.308838,353.453979,-55.717773,1

0.815063,-0.291016,-0.293457,68.995361,297.179565,-11.894531,1

0.577026,-0.292114,-1.163086,67.103271,169.799194,-15.251465,1

0.136353,-0.061279,-1.891113,4.542236,4.027710,62.690430,1

0.075073,0.129272,-1.801758,-96.959229,-188.355103,71.052246,1

0.778198,-0.036865,-0.396606,-75.291748,-344.788208,48.835449,1

1.196045,0.020752,1.055054,-43.797607,-387.329712,78.681641,1

1.099487,-0.018677,1.485840,-18.834229,-351.441040,63.728027,1

0.764893,0.182007,1.775757,67.408447,-218.262329,156.318359,0

0.288208,0.358521,1.704834,-82.432861,-236.145630,133.063965,0

-0.008057,0.913086,1.372559,13.575439,-75.623169,221.809082,0

0.290649,1.592285,1.637085,-39.647217,-26.917114,91.743164,0

0.818726,2.363525,2.851562,-34.398193,-49.622192,21.674805,0

0.126099,2.222412,2.780029,-103.489990,-18.250122,-65.300293,0

0.012695,1.086914,1.679565,-98.668213,50.231323,-163.750000,1

0.019409,0.423950,1.783936,-1.439209,163.756714,-91.362305,1

0.486084,0.331787,1.638672,63.441162,255.065308,-68.352051,1

0.878784,0.110474,1.809937,30.482178,304.931030,-94.902344,1

1.160400,0.062012,1.657104,84.986572,381.224976,-72.197266,1

1.268066,-0.162476,0.828979,56.177979,394.957886,-94.597168,1

0.968994,-0.235718,-0.130859,86.939697,347.899780,-60.356445,1

0.513550,-0.222168,-1.200806,66.492920,184.020386,-22.453613,1

0.457397,-0.545044,-2.346436,-4.429932,-6.531372,34.858398,1

0.287598,0.135864,-1.788574,-155.675049,-238.464966,88.081055,1

1.439697,-0.123413,-0.055786,-20.238037,-372.254028,42.854004,1

1.474487,0.027222,1.522583,-56.920166,-410.950317,83.686523,1

1.362671,-0.179077,1.592896,-33.421631,-362.305298,103.767090,0

0.872314,0.112061,2.020264,-26.341553,-266.907349,116.767578,0

0.785767,0.698120,1.650757,85.718994,-269.653931,135.566406,0

0.360840,1.660034,2.492554,103.358154,-39.612427,243.110352,0

0.590820,2.269409,2.415771,-110.997314,-38.818970,-36.979980,0

0.401611,2.401489,3.008423,-88.048096,-27.405396,-17.814941,0

-0.139771,1.632202,2.173218,-118.565674,15.136108,-131.523438,1

-0.114258,0.433105,1.866943,-83.897705,143.370972,-117.363281,1

0.503418,0.222290,1.676025,5.396729,279.357300,-44.487305,1

0.883789,0.149048,1.806030,24.622803,338.073120,-27.397461,1

1.154907,-0.101685,1.475098,55.933838,371.459351,-27.336426,1

1.117676,-0.143066,0.998291,57.459717,363.158569,-40.947266,1

0.876343,-0.266357,-0.055908,79.127197,324.157104,-26.542969,1

0.433594,-0.105835,-1.333130,33.839111,147.521362,-34.782715,1

0.267334,-0.226440,-2.037231,-32.933350,-31.983032,37.727051,1

0.374023,0.269775,-1.583984,-107.579346,-241.394653,44.685059,1

1.429565,-0.109741,0.147095,-43.309326,-404.175415,-21.660156,1

1.268555,-0.019775,1.477661,-2.415771,-410.095825,15.571289,1

1.221069,-0.110474,1.771118,77.906494,-346.314087,43.464355,1

0.516113,0.570801,1.929321,-7.786865,-225.098267,162.849121,1

0.226807,0.683594,1.423340,33.533936,-166.321411,139.899902,0

0.146729,0.995972,2.078857,104.822998,-40.100708,142.036133,0

1.167236,2.303589,2.477173,100.794678,-48.523560,3.852539,0

-0.255005,2.065430,1.377686,-100.072021,112.914429,54.023438,0

-0.438232,1.315674,0.735229,-4.429932,61.828003,-56.145020,0

-0.268921,0.638306,0.670532,-61.497803,39.367065,-149.772949,0

0.138184,0.030518,0.711182,-43.370361,102.904663,-96.855469,0

0.375122,0.109009,0.935303,28.956299,87.035522,-48.698730,0

0.257324,0.430176,1.560669,-21.885986,-17.700806,-49.553223,0

-0.178711,0.297241,1.243164,-48.070068,33.629761,-56.816406,0

-0.216431,0.513794,0.869629,3.199463,80.382690,-38.811035,0

-0.312744,0.561768,0.405640,13.087158,144.530640,-31.364746,0

-0.233154,0.304321,0.523682,-35.985107,66.588745,-63.591309,0

-0.117920,-0.118774,0.437256,-53.197021,75.682983,-23.552246,0

-0.078613,0.006836,0.491699,-2.781982,84.777222,55.366211,0

0.027588,0.068115,0.344849,-17.003174,25.817261,83.198242,0

0.090088,0.214844,0.380737,-22.130127,-28.015747,110.847168,0

0.101440,0.459717,0.504150,0.208740,-38.147583,128.669434,0

0.066528,0.696411,0.790649,10.523682,-122.437134,94.916992,0

-0.079224,0.921753,1.073486,13.636475,-129.028931,71.845703,0

-0.079468,0.815918,1.002197,14.124756,-97.412720,41.877441,0

-0.209351,0.894531,1.059082,27.491455,-88.257446,28.327637,0

-0.381348,1.400513,1.089600,-28.050537,-219.788208,-33.256836,0

0.565308,0.537720,1.572632,-58.262939,-132.874146,-107.536621,0

-0.005615,-0.000854,0.996948,-163.914795,-42.908325,-60.112305,0

0.230469,0.057495,1.109741,27.613525,55.968628,34.736328,0

0.240234,0.373657,1.112793,72.840576,72.387085,65.437012,0

0.225464,0.548340,1.169434,59.351807,67.199097,-19.951172,0

0.101807,0.458008,0.807861,-14.989014,80.138550,-34.782715,0

0.119141,0.578979,0.630249,55.201416,47.850952,-64.384766,0

0.047119,0.645874,0.557983,-26.402588,53.832397,18.928223,0

-0.027344,0.562500,0.480835,41.895752,37.780151,5.683594,0

0.080811,0.757690,0.489014,42.628174,19.835815,48.591309,0

-0.032349,0.703979,0.360474,40.491943,34.362183,41.206055,0

-0.048950,0.736816,0.310669,35.731201,-12.817993,33.515625,0

0.002686,0.955688,0.526611,62.769775,-43.579712,17.951660,0

-0.052124,0.971558,0.714966,39.942627,-49.500122,2.021484,0

-0.023682,0.924194,0.719727,10.584717,-35.156860,-19.035645,0

0.034912,0.785522,0.538330,-15.599365,-27.527466,-22.270508,0

0.018433,0.775757,0.407349,-5.833740,-25.025024,-8.598633,0

0.008911,0.725464,0.479370,18.580322,-39.063110,-8.842773,0

0.038330,0.838745,0.648193,33.900146,-34.241333,22.102051,0

-0.033691,0.928711,0.741821,27.125244,-10.559692,25.214844,0

-0.026489,0.853882,0.704468,3.992920,6.408081,16.791992,0

0.052246,0.842407,0.596436,-3.880615,45.531616,3.242188,0

0.143555,0.763428,0.416016,-10.289307,34.606323,-8.903809,0

0.118774,0.740479,0.372559,-1.317139,15.441284,1.899414,0

0.033691,0.779785,0.405640,-0.157471,-18.555298,21.064453,0

0.081665,0.863281,0.568481,16.871338,-10.986938,41.633301,0

-0.022461,1.050903,0.640869,22.486572,7.140503,41.267090,0

0.018555,0.840698,0.492065,-14.256592,27.587280,-4.509277,0

0.180664,0.922485,0.494141,0.025635,16.356812,-38.200684,0

0.227417,0.839478,0.495605,-24.998779,-17.944946,-17.875977,0

0.172363,0.815918,0.459351,-5.650635,12.145386,8.125000,0

0.065796,0.823120,0.379395,-6.749268,18.920288,15.754395,0

0.060303,0.756836,0.508789,8.997803,4.943237,11.848145,0

0.072510,0.826782,0.643555,-1.500244,2.074585,-0.541992,0

0.113403,0.811035,0.662109,-5.772705,-2.503052,-7.744141,0

0.097534,0.814331,0.669067,-9.434814,-0.794067,-9.758301,0

0.076660,0.771729,0.608154,-22.557373,1.769409,-9.270020,0

