-0.094727,-0.067139,1.007812,33.108521,-11.890869,36.781006,0

-0.062988,-0.026855,1.027588,42.874146,5.687256,30.372314,0

-0.175537,0.013184,0.915405,66.555786,26.439209,32.081299,0

-0.131470,0.159424,0.918335,94.509888,13.072510,13.099365,0

-0.144775,0.119385,1.003906,81.875610,1.903076,8.704834,0

-0.209717,0.154175,1.000488,50.320435,-22.083740,28.663330,0

-0.100342,0.316162,1.132202,-9.249878,-26.722412,63.453369,0

-0.093262,0.171753,0.996216,-55.087280,-36.793213,60.035400,0

0.018066,0.178345,1.051147,3.872681,-1.331787,8.399658,0

0.005371,0.198120,0.989502,2.285767,46.702881,-22.972412,0

-0.019409,0.216431,0.885132,-7.540894,33.336182,-41.954346,0

-0.018555,0.135986,0.889404,-8.578491,65.196533,1.380615,0

-0.153687,0.210571,0.927002,28.347778,97.667236,-32.432861,0

-0.211060,0.316772,0.914917,22.427368,44.810791,3.272705,0

-0.468018,0.359009,0.836060,13.027954,9.471436,18.775635,0

-0.431519,0.402222,0.927979,18.948364,-26.783447,-16.380615,0

-0.470459,0.463013,1.057861,12.112427,-16.041260,-56.175537,0

-0.381104,0.406860,1.110718,21.145630,-11.951904,-82.176514,0

-0.345093,0.238647,0.948242,14.370728,4.588623,-78.636475,0

-0.221924,0.362183,0.906128,45.620728,-10.731201,-19.493408,0

-0.252197,0.220825,0.677856,-3.756714,26.195068,-31.883545,0

-0.307861,0.221558,0.496216,1.431274,16.551514,-16.380615,0

-0.365723,0.266602,0.460083,44.583130,7.945557,-37.864990,0

-0.282349,0.313354,0.469604,78.579712,-3.651123,-33.470459,0

-0.450317,0.434814,0.315063,63.565063,-11.707764,-12.901611,0

-0.403198,0.488525,0.306396,44.094849,-73.353271,2.662354,0

-0.692871,0.644653,0.534424,71.377563,-48.572998,-15.343018,0

-0.851807,1.161133,0.977173,73.635864,7.823486,-46.043701,0

-1.160156,1.151123,1.822021,82.241821,5.565186,-102.928467,0

-1.725830,1.447754,2.571899,8.328247,91.380615,-124.595947,0

-1.140869,0.986938,2.183350,-44.467163,222.117920,-120.628662,0

-0.335083,0.202515,1.529907,-50.387573,245.067139,-73.204346,0

0.219238,0.343872,0.755005,11.441040,328.258057,-28.526611,0

0.730469,-0.122925,-0.219849,-56.918335,283.458252,-7.652588,0

0.679688,-0.213013,-0.448853,22.793579,125.865479,-10.399170,0

0.422119,0.014648,-0.413086,-46.237183,-30.628662,27.320557,0

0.112183,0.350220,-0.366699,2.957153,-47.718506,-63.438721,0

0.135742,0.080688,-0.206299,-49.349976,-127.308350,-5.333252,0

-0.128296,0.078613,-0.072388,-34.396362,-100.391846,43.250732,0

-0.616943,0.630371,0.033325,15.957642,-53.272705,102.698975,0

-0.883545,0.933594,0.908691,20.352173,-95.386963,76.820068,0

-1.562988,1.075195,0.504395,-26.644897,-14.027100,14.869385,0

-2.021851,0.778198,0.040283,-34.091187,61.107178,14.381104,0

-2.346558,0.667603,-0.090698,-113.803101,-91.724854,-29.991455,0

-2.010742,0.638916,-0.318604,-10.104370,122.508545,-21.202393,0

-1.139771,0.308472,-0.393311,-72.421265,94.249268,4.005127,0

-0.834106,0.361084,-0.494873,-26.095581,175.914307,36.231689,0

-0.498169,0.003418,-0.264282,-47.579956,48.289795,-13.511963,0

-0.402588,0.164062,-0.149048,-34.640503,47.069092,-10.887451,0

-0.212891,0.319946,-0.358521,17.117310,78.319092,34.583740,0

-0.212769,0.631714,-0.396240,36.221313,40.965576,27.198486,0

-0.051514,0.584839,-0.295776,27.127075,-30.323486,15.662842,0

-0.156982,0.784058,-0.182739,37.930298,-62.061768,23.963623,0

-0.118286,0.874878,-0.061157,-3.634644,-99.171143,28.114014,0

-0.207031,0.866821,0.005615,-46.725464,-132.496338,28.175049,0

-0.372192,0.931885,0.152954,-32.870483,-138.111572,37.208252,0

-0.588867,1.215576,0.484497,-31.283569,-146.290283,43.189697,0

-0.569580,0.943726,0.733643,-27.682495,-166.309814,-7.713623,0

-0.881836,1.075439,0.795410,-57.772827,-122.913818,-6.614990,0

-0.762207,0.421753,0.719238,-48.861694,-116.016846,-33.348389,0

-1.176514,0.523193,0.695557,40.676880,54.332275,-73.265381,0

-1.332275,0.463501,0.554443,-39.401245,-44.605713,-50.438232,0

-1.545410,0.441528,0.648315,17.300415,59.947510,-90.477295,0

-1.479248,0.234985,0.444092,-67.477417,28.209229,-91.331787,0

-1.092651,-0.055664,0.221436,-115.328979,25.401611,-70.030518,0

-0.675659,-0.217896,0.150757,-143.283081,-39.356689,19.508057,0

-0.445190,0.349609,0.508179,-124.606323,-26.600342,29.884033,0

-0.373291,-0.407471,0.203003,-95.553589,7.274170,40.321045,0

-0.497437,0.063843,0.457275,18.582153,-16.102295,94.276123,0

-0.433594,-0.103027,0.295044,31.887817,48.900146,60.645752,0

-0.408447,0.058960,0.061035,33.169556,33.519287,102.088623,0

-0.103271,0.285522,0.292603,8.145142,-60.413818,77.247314,0

-0.103149,0.472656,0.481445,48.611450,-43.140869,73.585205,0

0.236328,0.702026,0.906006,34.329224,-92.823486,87.196045,0

-0.190918,0.965332,1.087769,1.553345,-41.492920,75.050049,0

-0.225220,0.972534,1.166260,7.351685,-34.656982,63.758545,0

-0.377197,1.030640,1.084473,-29.147339,-63.160400,-0.999756,0

-0.460327,0.758423,1.202026,-36.532593,-56.873779,10.963135,0

-0.628052,0.615234,1.017334,-56.491089,-46.497803,-33.775635,0

-0.740234,0.592041,1.093994,-20.541382,32.359619,-31.273193,0

-0.887695,0.559204,1.135010,-4.122925,70.201416,-49.827881,0

-1.025757,0.567505,0.833130,-16.574097,108.287354,-82.359619,0

-0.723999,0.469971,0.510620,-11.691284,94.493408,-86.754150,0

-0.759644,0.488037,0.524170,82.058716,129.893799,-86.448975,0

-0.664917,0.400879,0.408325,54.653931,145.640869,-84.801025,0

-0.860718,0.151245,-0.492188,84.927368,147.899170,-32.738037,0

-0.719360,0.053589,-0.418823,94.570923,87.047119,-30.418701,0

-0.435181,-0.136353,-0.270752,-11.874390,-16.956787,8.338623,0

-0.632568,0.257324,-0.081909,57.522583,10.203857,22.559814,0

-0.182251,0.152344,0.173828,46.109009,0.194092,38.001709,0

-0.390015,1.050293,0.391968,68.264771,8.677979,48.316650,0

-0.190063,0.853760,0.367065,46.536255,6.968994,71.326904,0

-0.113159,0.803467,0.428101,-9.249878,-45.887451,57.044678,0

-0.331055,0.998779,0.564087,4.483032,-79.822998,109.412842,0

-0.872559,1.019653,0.496704,-18.954468,-20.435791,30.921631,0

-0.854858,0.787476,0.330688,-45.748901,-61.451416,20.850830,0

-1.173828,0.621826,0.077759,24.868774,18.443604,46.851807,0

-1.507690,0.661255,0.304443,-9.555054,-104.237061,24.940186,0

-2.059814,0.989014,0.598022,0.454712,-47.596436,-16.624756,0

-1.878296,1.021973,0.710083,-16.879272,52.867432,-77.232666,0

-1.409790,0.979980,0.414795,-53.500366,82.164307,-128.319092,0

-1.099731,0.729614,0.354492,-15.841675,93.455811,-144.615479,0

-0.572388,0.447632,0.292725,6.497192,92.479248,-158.714600,0

-0.472534,0.460571,0.286865,48.123169,92.052002,-107.200928,0

-0.153564,0.148438,0.005493,40.859985,114.696045,-121.300049,0

0.198364,-0.252197,-0.068848,67.166138,55.552979,-73.387451,0

0.429688,-0.365723,-0.038086,33.718872,-20.802002,6.324463,0

0.513550,-0.327148,0.079102,50.625610,-59.010010,93.543701,0

0.182251,0.011963,-0.072754,23.587036,-99.232178,139.197998,0

-0.326782,0.849365,-0.063599,43.423462,-147.388916,150.855713,0

-1.001709,1.215698,0.314575,166.897583,-100.330811,234.290771,0

-1.731445,1.281006,0.324829,62.039185,-45.643311,158.546143,0

-2.074951,1.391235,0.673340,101.773071,-88.367920,103.797607,0

-2.128784,1.353271,0.798950,-14.926147,-29.163818,-29.808350,0

-1.838623,1.279419,0.615479,-100.497437,57.811279,-92.613525,0

-1.293213,1.296265,0.314575,-145.175171,92.235107,-169.273682,0

-0.979858,0.961182,0.223267,-88.412476,106.395264,-193.016357,0

-0.525391,0.563965,0.227905,-55.758667,67.882080,-182.091064,0

-0.220825,0.233398,0.266968,-27.560425,35.594482,-153.953857,0

0.008179,-0.082031,0.145874,-20.846558,59.520264,-107.078857,0

-0.065674,-0.050537,0.050049,9.854126,64.525146,-50.438232,0

0.014893,-0.196411,0.031494,-19.686890,13.804932,-2.403564,0

-0.015991,-0.118408,-0.005859,8.084106,10.631104,50.697021,0

-0.211914,0.179932,0.078247,31.399536,-22.938232,70.838623,0

-0.723022,0.391113,0.335938,55.874634,-69.385986,21.156006,0

-1.406372,0.590698,0.339844,129.849243,59.520264,18.226318,0

-1.553223,-0.113647,0.036621,89.443970,-5.665283,23.048096,0

-1.346924,-0.289551,0.031616,45.071411,-37.586670,50.758057,0

-1.478149,-0.289795,-0.038208,-17.855835,10.692139,55.823975,0

-1.374268,-0.254761,-0.274414,-105.563354,68.858643,58.814697,0

-1.499268,-0.141846,-0.049194,-115.817261,6.785889,63.819580,0

-1.876831,-0.016113,-0.008911,-120.639038,14.293213,22.926025,0

-1.402222,-0.152466,-0.012451,-117.648315,44.566650,-43.785400,0

-0.935303,-0.176392,-0.281494,-114.169312,117.381592,-33.592529,0

-0.515869,-0.124878,-0.154663,-60.824585,120.921631,16.456299,0

-0.673096,0.251953,-0.225952,-77.059937,145.457764,38.306885,0

-0.352417,-0.128906,-0.354004,-48.251343,96.812744,-56.480713,0

-0.280518,0.226562,-0.194702,-51.608276,35.167236,62.232666,0

-0.202515,0.033691,-0.376465,-48.983765,78.929443,-0.633545,0

-0.049438,0.372314,-0.081055,-65.890503,-100.269775,84.693604,0

-0.069702,0.390137,0.017212,-107.577515,-145.863037,77.369385,0

-0.008667,0.761963,0.314209,-22.372437,-129.444580,89.210205,0

-0.260254,1.266113,0.596313,-29.452515,-72.437744,171.119385,0

-0.482788,1.334717,0.308594,-64.791870,-100.086670,113.563232,0

-0.865967,1.662109,0.260986,-4.122925,-35.145264,129.127197,0

-1.308228,1.989380,0.348999,29.202271,-48.511963,60.584717,0

-1.247559,1.429321,0.033936,-0.338745,5.565186,-50.072021,0

-0.971436,0.915039,-0.155884,17.361450,22.349854,-76.622314,0

-1.127075,0.820923,0.031250,57.278442,7.152100,-78.941650,0

-0.912109,0.564575,-0.143311,-8.273315,-21.778564,-102.379150,0

-1.004761,0.551514,0.076660,97.195435,-24.097900,-64.537354,0

-0.718262,0.604370,-0.068848,88.772583,42.186279,-96.641846,0

-0.598877,0.683838,-0.197998,60.574341,14.659424,-93.712158,0

-0.674683,0.543945,-0.082520,77.236938,-1.087646,-104.515381,0

-0.851196,0.452881,-0.308838,-37.203979,-20.679932,-60.936279,0

-0.984009,0.491333,-0.367432,9.365845,39.805908,-54.405518,0

-0.659424,0.350098,-0.241211,-7.174683,-22.633057,-83.519287,0

-0.285767,0.081665,-0.218994,22.732544,-5.604248,-54.649658,0

-0.145508,0.004272,-0.108276,27.188110,-18.055420,-42.503662,0

-0.111816,-0.062378,0.075928,0.332642,-56.385498,23.353271,0

-0.641968,-0.105957,-0.152954,-31.649780,-45.460205,111.671143,0

-1.837402,0.420654,-0.135376,10.464478,-89.527588,86.463623,0

-2.323486,1.090820,0.502563,91.030884,55.675049,-55.626221,0

-1.536621,0.353638,0.013794,-82.247925,-0.355225,-131.309814,0

-0.932861,-0.109619,-0.144775,-16.879272,29.613037,-105.919189,0

-0.380249,-0.179565,-0.116333,32.986450,40.843506,-56.297607,0

0.002930,-0.239868,-0.077393,22.854614,7.274170,-6.859131,0

0.246338,-0.244629,-0.036011,17.605591,-31.666260,31.104736,0

0.091309,-0.150513,-0.037720,31.216431,-25.684814,111.671143,0

-0.462158,0.307007,0.107910,15.286255,-80.860596,212.623291,0

-0.935669,0.813721,0.276367,-14.010620,-68.836670,229.957275,0

-1.209351,1.449341,0.402222,14.859009,33.824463,255.775146,0

-1.234497,1.389526,0.186768,17.727661,63.914795,79.566650,0

-0.644287,1.213501,0.127197,20.657349,82.164307,68.702393,0

-0.425537,0.743652,-0.249146,17.361450,147.288818,-8.751221,0

-0.278320,0.565430,-0.432617,-10.958862,37.547607,10.596924,0

-0.380981,0.613037,-0.644287,-31.222534,-29.163818,36.536865,0

-0.836914,1.081543,-0.729248,-17.001343,-87.025146,18.531494,0

-1.795288,1.590820,-0.159058,-1.315308,-134.510498,-3.502197,0

-2.107910,1.630981,0.395752,54.043579,7.701416,-125.328369,0

-1.500610,1.005615,0.315186,-2.597046,126.048584,-137.657471,0

-0.962769,0.693237,0.037354,45.742798,164.805908,-159.813232,0

-0.254761,0.230713,0.020874,9.548950,39.378662,-174.705811,0

0.227905,-0.017700,-0.082886,-46.115112,-5.970459,-55.015869,0

0.202759,0.301514,-0.042847,-54.171753,5.748291,-0.694580,0

0.450928,0.541748,-0.028931,-77.609253,-54.737549,-14.000244,0

0.027100,1.380737,0.955444,-2.352905,-23.548584,-11.802979,0

-0.233276,1.255737,0.010864,-84.933472,19.542236,-64.354248,0

-0.504761,0.803711,0.209839,-5.526733,-57.667236,-98.656006,0

-1.031494,0.438599,-0.269043,56.851196,-18.482666,-76.500244,0

-1.686523,0.300049,-0.127441,184.353638,-37.403564,-5.211182,0

-1.313354,-0.034058,0.141235,101.834106,-159.290771,6.019287,0

-1.998413,-0.171387,-0.070312,67.349243,-23.975830,-13.572998,0

-2.153198,-1.082642,0.065796,12.112427,-12.623291,18.897705,0

-3.059204,-2.903931,0.326904,-127.658081,47.923584,-18.822021,0

-1.114136,-1.967041,-0.198730,-3.390503,147.960205,-13.634033,0

0.428345,-1.666260,0.099609,57.583618,70.872803,83.900146,0

1.611572,3.062622,-0.006836,-191.928101,-49.122314,329.261475,0

0.117798,3.112793,2.121826,188.565063,23.387451,-67.833252,0

1.128418,0.945435,0.462280,-134.371948,-53.577881,-125.999756,0

0.317139,0.676270,0.163208,-42.086792,48.900146,40.870361,0

-0.979370,0.116089,0.045898,-41.781616,8.372803,-31.090088,0

-0.980469,-0.083252,-0.050537,43.606567,-101.124268,-3.868408,0

-0.717529,-0.408081,-0.085205,47.940063,-116.871338,7.545166,0

-2.132568,0.717041,0.205688,142.727661,-97.523193,165.565186,0

-3.049683,0.892700,0.639038,11.685181,123.363037,14.564209,0

-2.786133,0.611328,-0.254761,-107.333374,38.280029,-58.922119,0

-1.847046,0.371582,0.250488,15.408325,-1.270752,-153.099365,0

-1.004761,0.005737,0.179810,-18.832397,52.684326,-137.291260,0

-0.491699,0.198853,-0.127441,31.826782,94.432373,-127.159424,0

-0.026978,0.015991,-0.376465,151.028442,101.695557,-98.472900,0

0.046143,0.174561,-0.209717,152.981567,94.554443,-8.018799,0

0.194336,0.290649,-0.156738,175.320435,56.041260,33.057861,0

0.110474,0.593750,0.002686,142.544556,94.127197,94.581299,0

0.052002,0.727295,0.158447,60.757446,-112.110596,185.340576,0

-0.291870,1.376221,0.629272,77.847290,-73.963623,256.995850,0

-1.415161,1.653564,1.155518,-64.852905,-83.240967,281.409912,0

-2.486694,2.056885,0.651978,-244.540405,-22.510986,173.560791,0

-2.705811,1.191040,0.137329,-219.577026,80.333252,32.081299,0

-2.236328,1.391724,-0.390503,-167.514038,156.749268,-132.225342,0

-0.878906,0.766357,-0.640625,-79.074097,81.920166,-254.295654,0

-0.590576,0.465088,-0.440308,42.263794,63.121338,-213.585205,0

-0.202515,0.313721,-0.181641,112.942505,63.243408,-201.988525,0

0.193970,0.106567,-0.186157,154.629517,98.277588,-97.984619,0

0.266235,0.258301,-0.065674,190.029907,199.840088,-13.695068,0

0.229004,0.327393,0.116333,137.600708,185.618896,98.670654,0

-0.138916,0.641357,0.402954,51.663208,67.637939,243.751221,0

-0.897705,1.577637,0.698608,-62.716675,-20.191650,341.651611,0

-1.634277,1.291626,0.664917,-213.778687,-14.332275,195.228271,0

-2.041016,1.686401,0.545166,-295.382690,-9.083252,103.858643,0

-1.966553,1.756104,-0.037109,-301.547241,16.002197,24.696045,0

-1.917480,1.705078,-0.447266,-130.892944,118.907471,-117.515869,0

-1.156250,1.063110,-0.842896,-98.971558,54.820557,-183.311768,0

-0.551270,0.472046,-0.462158,25.234985,19.420166,-203.819580,0

-0.290894,0.334351,-0.264526,89.321899,-14.576416,-167.869873,0

-0.116089,0.370117,-0.020752,173.428345,30.406494,-124.656982,0

0.151855,0.329590,0.326416,163.967896,-53.272705,-69.603271,0

0.363403,0.158081,0.451172,150.662231,-61.146240,16.334229,0

0.345825,0.483643,0.789917,194.912720,-146.778564,139.136963,0

0.335205,0.787109,1.765503,232.083130,-105.823975,226.600342,0

-0.365479,1.879639,2.433960,49.771118,5.626221,310.096436,0

-0.926147,1.311523,1.824463,-219.149780,98.704834,247.047119,0

-1.648071,1.833252,0.974121,-239.108276,199.046631,128.394775,0

-1.390503,1.480835,0.073853,-154.513550,229.808350,-41.893311,0

-0.952026,1.095581,-0.084595,-74.252319,153.636475,-187.950439,0

-0.635132,0.796143,-0.110596,32.681274,90.220947,-223.289795,0

-0.160400,0.384888,-0.023071,133.267212,97.850342,-195.579834,0

-0.036133,0.245605,-0.035156,168.301392,161.204834,-177.086182,0

0.139648,0.174316,0.159424,236.477661,114.024658,-64.232178,0

-0.093140,0.254639,0.396973,205.715942,50.426025,55.152588,0

-0.177856,0.525635,0.734863,200.711060,9.227295,115.882568,0

-0.751831,1.091919,1.541382,177.761841,13.560791,191.322021,0

-1.278931,0.846680,1.744141,-37.875366,-40.272217,160.010986,0

-1.299561,0.933594,1.431274,-143.832397,11.851807,167.396240,0

-1.616333,1.016113,0.624268,-291.049194,34.251709,113.624268,0

-1.991821,1.525513,-0.407715,-288.729858,85.643311,0.220947,0

-1.317261,1.162476,-0.593140,-140.414429,29.552002,-61.424561,0

-0.555420,0.829956,-0.214478,-73.214722,-13.355713,-71.739502,0

-0.240601,0.539795,0.087646,-38.668823,-25.989990,-27.733154,0

-0.282471,0.221558,0.283569,-23.165894,24.364014,-7.591553,0

-0.484375,0.019531,0.380249,4.849243,-37.098389,-29.808350,0

-0.668457,0.085205,0.735107,20.474243,-33.558350,-15.281982,0

-0.671021,0.243042,0.529541,16.751099,-22.816162,-0.023193,0

-0.643066,0.187866,0.498657,1.797485,8.861084,1.075439,0

-0.606689,0.154053,0.289551,-15.475464,17.955322,14.259033,0

-0.516235,0.220703,0.145874,-51.425171,5.198975,-17.418213,0

-0.398804,0.426025,0.221436,1.614380,-75.428467,-26.573486,0

-0.279541,0.224243,0.361938,47.940063,-190.723877,-88.096924,1

-0.750854,0.413208,1.185425,119.900513,-148.182373,-125.328369,1

-0.921265,-0.100586,1.576172,45.925903,-54.737549,-129.417725,1

-1.358398,-0.114502,2.208496,16.323853,97.667236,-62.462158,1

-2.649048,0.062744,2.803467,17.849731,209.361572,-78.392334,1

-1.956909,-0.375366,3.436035,-157.687378,205.089111,-40.977783,1

-1.294434,-1.035889,2.536499,1.309204,319.530029,-17.540283,1

-0.489014,-0.737427,1.725342,-142.123413,204.783936,77.674561,1

-0.000732,0.351196,1.295898,-85.726929,255.076904,44.654541,1

0.423218,0.659058,1.215698,-92.807007,90.648193,-208.519287,1

0.175537,1.338989,0.523438,-144.931030,-18.726807,-172.203369,1

1.576416,1.006836,-1.258179,-111.117554,-16.102295,-38.292236,1

1.456421,0.842529,-1.271484,-13.461304,-91.602783,-90.355225,1

0.216919,0.795288,-1.284546,94.937134,183.543701,53.687744,1

-0.583374,0.550781,-2.027954,286.404419,102.611084,94.947510,1

0.652588,-0.827637,-2.117920,-103.427124,-182.239990,-99.754639,1

1.005127,0.747925,0.290283,343.350220,-206.654053,100.501709,1

1.027466,1.124756,1.530640,151.455688,-58.765869,261.817627,1

0.203003,0.839600,3.216675,140.408325,-180.897217,160.499268,1

0.325562,0.016602,2.220703,-39.584351,-193.043213,107.032471,1

-0.153198,0.765625,2.072876,114.712524,-108.814697,166.907959,1

-1.354004,-0.023193,1.967773,27.005005,-125.050049,126.868896,1

-3.016724,1.188232,2.029785,-164.035034,-56.019287,95.985107,1

-3.012085,1.394531,2.011841,-17.062378,43.223877,17.005615,1

-1.784424,0.888550,1.378906,-182.101440,174.571533,51.612549,1

-1.148682,0.702881,-0.052490,-134.432983,230.296631,112.586670,1

-0.527954,0.368530,0.218750,22.671509,68.919678,-33.348389,1

-0.273071,0.119751,0.686768,-34.091187,-33.680420,-13.389893,1

-0.229492,-0.016479,0.489136,-14.804077,36.448975,7.239990,1

-0.332397,0.078491,0.340088,-44.039917,25.340576,25.062256,1

-0.251709,0.117798,0.057617,10.952759,3.551025,-14.732666,1

-0.236816,0.090210,0.243042,11.013794,-78.052979,-28.831787,1

-0.630249,0.228516,0.730347,65.884399,-111.927490,-34.996338,1

-1.247925,0.333374,1.276855,57.766724,-65.784912,13.404541,1

-1.533447,0.338623,1.048096,5.703735,-37.220459,17.066650,1

-1.139160,0.273438,0.657104,-7.174683,6.358643,-3.380127,1

-0.772705,0.161133,0.479248,3.140259,19.542236,-28.526611,1

-0.645874,0.098999,0.547974,11.990356,7.396240,-43.358154,1

-0.412476,-0.004272,0.934814,20.230103,9.105225,-51.964111,1

-0.435425,0.048950,0.842896,-26.522827,76.671143,15.296631,1

-0.551880,0.107300,0.454956,-20.968628,42.613525,13.038330,1

-0.612915,0.077148,0.468262,-16.574097,-45.216064,3.760986,1

-0.665771,-0.003784,0.542236,-42.941284,-72.437744,30.067139,0

-0.800171,0.117798,0.650879,140.530396,-15.247803,24.940186,0

-0.667847,0.292847,0.666504,52.151489,8.494873,16.578369,0

-0.583374,0.260864,0.656250,-8.944702,-1.209717,9.254150,0

-0.668213,0.252441,0.692627,-7.662964,9.410400,2.479248,0

-0.689941,0.178589,0.747559,-12.484741,-16.041260,-15.892334,0

-0.638916,0.164429,0.700195,-6.320190,-1.697998,1.624756,0

-0.641724,0.184814,0.600586,-10.043335,11.485596,0.709229,0

-0.632812,0.192871,0.556152,4.605103,-0.660400,-1.182861,0

-0.590332,0.179443,0.815430,5.032349,-34.290771,-19.005127,0

-0.499390,0.174683,0.761108,-10.287476,-2.918701,7.667236,0

-0.406128,0.248169,0.434814,-18.710327,-29.713135,13.831787,0

-0.491333,0.411865,0.356812,17.178345,-18.482666,-0.267334,0

-0.478271,0.328369,0.502319,19.497681,-106.312256,-13.939209,0

-0.574585,0.306519,0.609375,11.196899,-107.899170,-31.761475,1

-1.266357,0.648193,0.922485,26.577759,-13.905029,-38.292236,1

-2.990112,1.152954,2.215088,61.978149,52.501221,-155.906982,1

-2.606079,0.208862,3.411011,-22.860718,220.592041,-158.348389,1

-1.764404,-0.255859,3.257202,-37.936401,252.635498,-51.964111,1

-0.604370,-0.650635,2.680420,-40.560913,283.397217,23.170166,1

0.296875,0.069946,1.108398,-26.278687,327.342529,26.038818,1

0.404907,0.368042,0.644897,24.441528,199.412842,-96.885986,1

0.309692,0.834473,0.449219,-34.091187,53.050537,-175.499268,1

0.317505,0.962036,0.837524,-186.679077,-139.027100,-220.970459,1

1.045898,0.722290,0.474609,-80.661011,51.768799,-154.197998,1

1.142090,2.110596,-3.308350,-113.375854,-443.714600,-90.599365,1

-0.762695,1.252197,-2.198975,220.608521,370.799561,183.936768,1

-0.601318,-0.522461,-2.240845,173.733521,-2.796631,-37.681885,1

0.728882,-1.383789,-2.180420,77.481079,-67.921143,122.718506,1

1.307373,0.508057,1.132812,61.917114,-55.469971,127.723389,1

0.367065,1.586792,1.594238,-122.592163,-102.528076,168.372803,1

-0.430664,0.781128,1.543213,45.803833,-121.204834,146.339111,1

-0.238770,-0.343262,2.820068,33.230591,-347.584229,33.607178,1

-2.364746,0.097900,1.853638,-18.466187,-208.485107,69.678955,1

-1.787231,-0.677368,2.354248,-7.723999,-241.566162,27.808838,1

-2.062134,0.788940,1.111938,-165.133667,10.325928,44.715576,1

-1.917969,0.965820,1.153809,-100.375366,28.148193,-13.878174,1

-1.104492,0.700073,0.727905,-83.895874,77.586670,19.935303,1

-0.848633,0.264771,0.459717,-24.813843,16.490479,65.955811,1

-1.032471,0.154541,0.486816,34.512329,24.058838,5.958252,1

-0.552490,-0.112183,0.691162,8.694458,-33.436279,-21.385498,1

-0.336304,-0.167236,0.535156,-9.799194,34.556885,1.868896,1

-0.433228,-0.036133,0.400879,-13.461304,56.651611,24.757080,1

-0.609741,0.066040,0.449707,15.286255,9.105225,-4.417725,1

-0.734619,0.030884,1.003540,13.088989,-30.384521,-19.310303,1

-0.896851,0.090210,0.815552,-1.986694,22.349854,19.263916,1

-0.969238,0.136963,0.634521,-16.085815,14.415283,21.827393,1

-0.836426,0.146362,0.509155,-19.259644,14.232178,25.916748,1

-0.804443,0.179688,0.365845,-4.183960,32.359619,15.906982,1

-0.627930,0.076782,0.407715,0.515747,-25.867920,-8.507080,1

-0.586304,0.100830,0.544556,18.948364,-36.671143,-16.685791,1

-0.365723,0.066528,0.484985,9.548950,-71.644287,-15.709229,1

-0.068115,0.134644,0.349731,34.390259,-88.428955,1.746826,1

-0.256836,0.429321,0.204224,46.963501,-107.593994,6.141357,1

-1.321289,1.047974,0.397095,121.182251,-58.582764,-8.262939,1

-2.961792,1.552246,1.643311,176.113892,23.753662,-108.055420,1

-2.765259,0.912720,2.717163,80.654907,105.113525,-120.689697,1

-1.975586,0.322876,3.125732,78.640747,214.305420,-24.559326,1

-0.904785,-0.318481,2.387207,-24.020386,224.742432,-114.891357,1

0.111328,-0.072021,1.549072,-58.016968,269.725342,-95.909424,1

0.302856,0.360474,0.732788,-64.059448,224.315186,-113.853760,1

-0.126953,0.955200,0.885010,-68.209839,111.949463,-105.125732,1

0.030884,0.755249,0.954956,-83.712769,45.970459,-207.908936,1

0.246338,0.752441,0.667114,-92.318726,43.712158,-203.270264,1

1.002686,0.149414,-0.153931,-177.157593,-61.207275,-163.353271,1

-1.168823,0.196411,-2.856812,83.828735,78.013916,-122.825928,1

0.451050,0.055786,-3.997559,36.831665,160.899658,182.288818,1

0.335693,0.515991,-1.581787,202.420044,-108.143311,102.210693,1

1.107544,0.600342,0.899414,144.680786,-97.340088,170.570068,1

0.671997,1.039062,1.372314,69.851685,-37.037354,293.800049,1

-0.583496,1.107300,2.891968,79.861450,-173.389893,185.706787,1

-1.470581,0.005615,2.311279,-60.702515,-174.915771,137.305908,1

-1.914429,0.112061,2.143555,-108.432007,-232.838135,97.816162,1

-2.275513,0.159790,0.943359,-90.182495,-134.327393,27.442627,1

-2.109863,0.332275,0.162964,-161.288452,-56.385498,23.414307,1

-2.529053,1.189941,0.586426,-134.555054,29.429932,60.218506,1

-1.391235,0.861206,0.870483,-64.974976,25.279541,30.860596,1

-0.965088,0.405151,0.655029,-3.085327,38.035889,36.292725,1

-0.994873,0.404053,0.734619,12.905884,21.617432,-1.060791,1

-0.413696,0.035767,0.582397,-11.630249,-4.749756,-23.033447,1

-0.541138,0.039185,0.438110,-3.146362,29.368896,-5.760498,1

-0.575562,-0.010376,0.338989,14.920044,24.180908,-3.502197,1

-0.806274,0.152100,0.698975,40.249634,19.725342,-25.963135,0

-0.677612,0.130859,0.589722,32.864380,8.739014,-10.521240,0

-0.726074,0.103638,0.507812,-2.474976,-2.552490,-10.765381,0

-0.697144,0.070679,0.515381,-6.381226,4.954834,11.085205,0

-0.859009,0.199951,0.445801,-12.362671,11.180420,17.310791,0

-0.842163,0.176270,0.511353,5.825806,-7.740479,-6.126709,0

-0.776611,0.186035,0.560181,3.994751,-13.538818,4.127197,0

-0.746582,0.160034,0.475830,7.778931,-9.266357,0.159912,0

-0.767456,0.260254,0.579712,8.267212,-21.229248,12.977295,0

-0.804321,0.158447,0.539307,13.577271,-1.209717,-0.328369,0

-0.798706,0.176025,0.605713,4.055786,-5.970459,-0.755615,0

-0.791138,0.149414,0.570801,8.145142,1.292725,-0.999756,0

-0.812378,0.202881,0.579224,1.492310,-3.468018,-0.572510,0

-0.734253,0.198242,0.523926,0.088501,-2.857666,3.028564,0

-0.672241,0.198608,0.505249,2.468872,-10.120850,4.737549,0

-0.696411,0.222412,0.591064,4.360962,-22.388916,12.550049,0

-0.836182,0.204956,0.639282,6.069946,-14.454346,4.005127,0

-0.866699,0.181641,0.665649,0.149536,-24.403076,6.934814,0

-0.891479,0.184570,0.616455,-8.517456,-10.303955,-8.934326,0

-0.864624,0.192017,0.639526,-5.282593,-4.200439,-11.680908,0

-0.838501,0.189575,0.613525,-15.292358,-15.858154,-29.625244,0

-0.630493,0.079712,0.656250,-8.761597,-18.482666,-37.254639,0

-0.503296,0.049683,0.685913,-1.071167,3.123779,-20.836182,0

-0.464600,0.085327,0.610718,-1.193237,0.743408,4.493408,0

-0.506592,0.086426,0.677979,-6.747437,-41.920166,-0.511475,0

-0.623291,0.147949,0.779785,4.299927,-19.031982,18.226318,0

-0.721313,0.138672,0.737061,10.525513,-4.139404,20.362549,0

-0.772827,0.151489,0.735107,-2.474976,-8.350830,1.746826,0

-0.747681,0.150024,0.684448,3.933716,3.428955,7.239990,0

-0.755127,0.152344,0.661865,7.778931,6.480713,1.990967,0

-0.659546,0.102539,0.709229,7.962036,-8.656006,-6.187744,0

-0.622803,0.106323,0.749878,9.060669,-1.026611,-7.286377,0

-0.611938,0.118286,0.755005,32.131958,11.424561,0.831299,0

-1.039185,0.454102,0.631226,18.338013,3.489990,-29.747314,0

-1.195435,0.409790,0.384521,11.990356,-75.672607,-104.698486,0

-1.101685,0.449097,0.448975,38.540649,-133.656006,-175.926514,0

-0.773071,0.234863,0.715454,68.508911,-114.918213,-198.265381,0

-0.387207,0.266602,0.853638,85.110474,-109.302979,-198.204346,0

-0.184937,0.132690,0.679565,61.978149,-43.140869,-144.188232,0

0.183838,0.250732,0.876709,103.054810,-36.854248,-115.074463,0

0.493042,0.432861,1.142822,85.232544,-18.665771,-88.890381,0

0.396118,0.249146,1.205933,16.018677,3.673096,-45.738525,0

-0.001099,0.073975,0.802002,-22.128296,-3.895264,-7.835693,0

-0.014404,0.026733,0.828979,-2.780151,-30.445557,-7.713623,0

-0.106689,0.051514,0.929443,-0.765991,-2.613525,-2.647705,0

-0.130737,0.035889,1.001831,5.276489,-13.599854,-5.882568,0

-0.114258,0.095703,1.036133,2.529907,-1.270752,-5.394287,0

-0.160645,0.092163,1.012695,-0.216675,-4.993896,1.685791,0

-0.187134,0.131104,1.008423,-4.855347,-14.454346,6.507568,0

-0.110840,0.101685,1.034058,-11.325073,-1.392822,9.010010,0

-0.106812,0.063354,1.044189,-8.395386,2.696533,12.733154,0

-0.123047,0.070190,1.037109,-10.958862,23.570557,17.066650,0

-0.160767,0.031250,1.002319,-16.696167,29.490967,19.996338,0

-0.185913,0.017944,0.933105,-8.334351,25.401611,13.953857,0

-0.238403,0.026123,0.924316,-11.386108,10.570068,20.606689,0

-0.253906,0.062744,0.956177,1.370239,-1.759033,6.263428,0

-0.222656,0.072388,0.981567,-6.503296,8.861084,8.216553,0

0.044434,0.098022,1.216797,3.750610,9.654541,17.738037,0

0.812256,0.485718,1.776123,-4.672241,155.223389,93.909912,0

-0.279297,0.026855,0.685181,-168.185425,197.337646,190.589600,0

-0.963501,0.250977,0.180786,-48.495483,103.953857,106.605225,0

-1.006836,0.170410,0.206665,-41.537476,17.711182,33.546143,0

-0.834229,0.095581,0.498169,-31.832886,12.462158,13.709717,0

-0.773438,0.131104,0.650146,-42.636108,12.767334,12.244873,0

-0.635010,0.122925,0.691040,-22.738647,17.650146,38.367920,0

-0.698242,0.131592,0.593750,-21.273804,56.346436,38.673096,0

-0.715454,0.139038,0.551514,-6.564331,52.989502,30.494385,0

-0.822266,0.163574,0.605591,-10.958862,54.820557,22.987061,0

-0.790771,0.115601,0.529297,-20.175171,24.913330,1.685791,0

-0.793701,0.093872,0.467896,-20.419312,9.593506,5.653076,0

-0.724121,0.086548,0.453125,-37.142944,-2.125244,-9.727783,0

-0.660156,-0.012573,0.550171,-50.509644,-26.417236,2.113037,0

-0.647339,0.037964,0.691895,-50.692749,-13.416748,2.967529,0

-0.598877,-0.166748,0.763306,-28.536987,7.457275,-6.737061,0

-0.831421,-0.007324,0.544556,-84.017944,-16.590576,22.315674,1

-0.757324,-0.119263,0.405029,-58.016968,-51.563721,24.818115,1

-0.894287,0.116577,0.382568,-33.114624,-30.384521,70.411377,1

-0.895386,0.111694,0.611938,3.811646,-48.328857,38.123779,1

-0.892944,0.125488,0.875000,-0.216675,-33.619385,35.743408,1

-0.947876,0.162231,0.759399,6.130981,34.556885,48.133545,1

-0.759644,0.151855,0.599609,-4.367065,-7.435303,25.611572,1

-0.560547,-0.031250,0.713013,10.830688,-36.610107,-27.916260,1

-0.532471,-0.017212,0.763550,-3.878784,-23.914795,-5.943604,1

-0.506104,-0.040161,0.686401,4.666138,-23.243408,-0.267334,1

-0.514771,-0.034546,0.693726,14.981079,-5.054932,13.709717,1

-0.689453,0.109009,0.996948,18.276978,6.053467,26.343994,1

-0.675781,0.179688,0.849854,-2.963257,14.659424,25.794678,1

-0.570557,0.164062,0.677612,-11.325073,-4.627686,10.047607,1

-0.674194,0.270752,0.699829,12.478638,15.880127,15.418701,1

-0.666504,0.217529,0.642090,13.150024,12.401123,-5.333252,1

-0.541992,0.099121,0.713745,51.602173,19.053955,-11.314697,1

-0.624146,0.137695,0.835083,23.709106,-32.520752,-41.710205,1

-0.651978,0.120850,0.681763,-8.273315,-26.966553,-33.531494,1

-0.802246,0.124878,0.556030,-25.180054,-63.648682,-51.109619,1

-0.651489,0.098145,0.712524,-15.109253,-118.153076,-81.199951,1

-0.365845,-0.010132,0.941162,7.962036,-65.357666,-26.146240,1

-0.508057,0.232788,0.812866,-24.996948,3.367920,1.624756,1

-0.440063,0.384888,0.359619,-15.109253,-29.163818,-7.103271,1

-0.552856,0.603760,0.222168,32.131958,-61.756592,-38.597412,1

-1.149658,0.736206,0.574829,91.824341,28.636475,-76.744385,1

-1.466431,0.036011,1.974731,107.998657,143.260498,-39.757080,1

-2.812378,-0.208374,3.935425,77.847290,186.961670,-48.302002,1

-1.946533,-0.229004,2.889648,-71.688843,254.344482,-21.141357,1

-0.780396,-0.106201,2.132935,-34.457397,285.167236,-11.558838,1

-0.190674,0.186523,1.053223,-38.973999,254.832764,-26.024170,1

0.193970,0.234741,0.596802,-0.521851,196.910400,-59.349365,1

0.362549,0.539795,0.717407,45.742798,53.172607,-73.692627,1

0.607056,0.149536,1.200317,-140.719604,-116.199951,-98.350830,1

0.774902,0.972046,0.592285,-58.200073,69.835205,-25.535889,1

0.194824,1.089600,-0.494019,-246.859741,107.738037,-2.708740,1

0.824829,0.930786,-3.970703,-77.853394,-57.850342,-61.546631,1

-0.927490,0.582153,-3.372803,91.763306,207.103271,206.275635,1

0.864380,-0.056396,-0.997803,174.588013,-140.797119,-37.498779,1

0.941162,0.764893,-0.210571,120.510864,-43.690186,181.068115,1

0.858276,1.076904,1.367554,157.131958,44.383545,153.663330,1

-0.678345,0.228516,2.008301,-144.747925,-250.233154,35.865479,1

-0.535278,-0.310913,1.589111,-10.043335,-191.517334,205.543213,1

-1.760498,0.289795,1.151367,-2.291870,-153.797607,124.915771,1

-1.944214,0.146606,1.425903,-119.540405,-306.568604,-53.612061,1

-1.947998,0.536377,1.456665,-172.152710,-119.862061,21.400146,1

-2.008911,0.422485,1.424927,-163.485718,-175.526123,-111.351318,1

-1.481812,0.759888,1.594849,-65.402222,6.724854,-3.807373,1

-1.268799,0.873901,1.124268,-81.210327,43.101807,92.384033,1

-0.599487,0.496826,0.622437,-48.678589,46.947021,39.893799,1

-0.216187,0.319580,0.253052,-65.646362,50.792236,43.067627,1

-0.034546,0.164917,0.119629,8.877563,59.276123,18.104248,1

-0.141357,0.137329,0.354614,25.662231,-2.552490,20.606689,1

-0.517944,0.167603,0.670654,81.448364,-25.684814,1.197510,1

-0.751953,0.099976,0.968506,60.757446,-80.555420,-37.559814,1

-0.770020,0.014648,0.942139,40.066528,-55.653076,-18.760986,1

-0.891968,0.043701,0.880005,40.188599,-39.417725,-0.450439,1

-0.790039,0.154053,0.775879,-3.207397,-38.624268,-4.967041,1

-0.538208,0.171021,0.682251,14.492798,-4.749756,3.455811,0

-0.536011,0.206177,0.896973,1.126099,-19.093018,12.122803,0

-0.569824,0.253540,0.968750,-1.620483,0.682373,12.855225,0

-0.648438,0.359131,0.939209,-10.348511,12.645264,11.085205,0

-0.622681,0.327637,0.803833,-17.489624,6.175537,3.272705,0

-0.635498,0.273193,0.810425,-35.006714,-3.101807,-13.389893,0

-0.602295,0.218750,0.758911,-27.194214,3.367920,-27.061768,0

-0.456787,0.053223,0.749756,-11.141968,2.391357,-36.583252,0

-0.380615,0.015869,0.745972,-16.390991,4.283447,-37.498779,0

-0.349365,0.008545,0.836670,-7.174683,-28.797607,-12.535400,0

-0.495972,-0.056152,0.857056,-25.180054,-30.384521,-16.319580,0

-0.393188,-0.161133,0.780518,-27.743530,-55.592041,-3.074951,0

-0.488159,-0.081665,0.822754,-3.756714,-14.942627,-1.976318,0

-0.404053,-0.122681,0.691162,-11.141968,-26.661377,10.841064,0

-0.482178,0.056152,0.895142,1.553345,-21.290283,2.784424,0

-0.412476,-0.086792,0.817505,32.620239,-19.398193,26.649170,0

-0.422729,0.121094,0.778931,67.288208,-77.747803,11.024170,0

-0.274048,-0.048096,1.040527,21.389771,-82.020264,60.096436,0

-0.291504,0.189941,0.595825,-41.964722,-106.800537,128.272705,0

0.110596,0.285278,1.108276,96.524048,-133.533936,1.502686,0

0.223999,0.306274,1.111328,3.811646,-95.631104,1.014404,0

0.159912,0.302124,1.064697,16.018677,12.218018,-4.906006,0

0.117920,0.253052,0.961914,16.629028,40.965576,-30.296631,0

0.058838,0.072388,0.678711,-60.519409,36.082764,-3.807373,0

0.108154,0.199585,0.940430,-27.560425,1.109619,22.071533,0

0.480347,0.195801,0.925659,-24.142456,-37.708740,70.655518,0

0.281250,0.139038,0.874756,-27.621460,-54.615479,40.076904,0

0.296021,0.010620,0.981445,42.935181,20.640869,5.531006,0

0.595581,0.358032,1.125244,-66.622925,-26.600342,6.629639,0

0.478149,-0.132690,1.018799,43.301392,4.344482,6.873779,0

0.298218,0.164795,1.098755,30.117798,80.516357,37.757568,0

0.046997,0.205933,1.038086,-30.184937,77.586670,-18.516846,0

-0.043213,0.329224,0.773438,149.441528,49.205322,-27.122803,0

-0.077759,0.456665,1.213135,140.347290,103.587646,-19.737549,0

0.059326,0.114136,0.011719,-208.102417,-29.407959,44.959717,0

-0.116455,0.417358,0.507690,170.193481,-43.385010,7.911377,0

0.004150,0.213867,0.867920,-46.176147,5.687256,-17.662354,0

0.011719,0.230225,-0.071045,-465.975952,-64.564209,20.362549,0

-0.102539,0.196167,0.176880,95.303345,39.317627,-6.431885,0

0.001709,0.007202,0.942383,0.393677,-0.050049,0.098877,0

0.011108,0.003906,0.981934,-0.155640,-0.050049,0.037842,0

0.009644,0.000366,0.992554,0.027466,-0.172119,0.098877,0

0.006104,-0.002075,0.999023,-0.033569,-0.233154,0.037842,0

0.008789,-0.001465,1.019531,-0.033569,-0.050049,0.098877,0

0.011108,0.001465,1.015259,0.027466,-0.050049,-0.023193,0

0.007690,-0.001099,1.010620,-0.033569,0.010986,-0.023193,0

0.011108,-0.000122,1.009277,0.027466,-0.050049,-0.023193,0

0.010376,0.000122,1.007324,0.027466,0.010986,0.037842,0

0.007935,-0.002563,1.010742,-0.033569,0.010986,0.098877,0

0.006348,-0.001709,1.003418,0.149536,0.010986,0.159912,0

0.009888,0.001099,1.007202,-0.094604,0.010986,0.098877,0

0.002686,-0.002563,1.004395,-0.033569,-0.111084,0.098877,0

0.006470,-0.002441,1.003296,-0.033569,0.072021,0.098877,0

0.009277,-0.000854,1.004517,-0.094604,-0.050049,-0.023193,0

0.005737,-0.002808,0.999268,0.027466,0.010986,-0.023193,0

0.007446,-0.001343,0.997192,0.088501,-0.050049,0.098877,0

0.005981,-0.001343,1.002563,0.027466,-0.050049,0.098877,0

0.004639,-0.002441,1.000122,-0.033569,-0.050049,0.037842,0

0.006470,-0.001099,0.998169,0.027466,-0.050049,0.037842,0

0.005371,-0.002197,1.001343,0.027466,0.010986,0.037842,0

0.006470,-0.002686,1.000732,-0.094604,-0.111084,0.037842,0

0.008911,-0.001343,1.000488,-0.033569,0.010986,0.098877,0

0.005737,0.000366,0.999512,-0.033569,-0.050049,0.098877,0

0.006104,-0.002197,1.002930,0.088501,-0.050049,0.037842,0

0.006592,-0.001953,0.997559,-0.033569,-0.050049,0.098877,0

0.005859,-0.000854,1.003784,-0.033569,0.010986,0.098877,0

0.005981,-0.002563,1.003052,0.027466,-0.050049,0.098877,0

0.008545,-0.001587,1.000732,-0.033569,0.072021,0.037842,0

0.007446,-0.001221,1.002441,-0.033569,0.072021,0.037842,0

0.006958,-0.001465,1.002808,-0.094604,-0.050049,0.098877,0

0.008545,-0.000488,0.999390,-0.033569,0.010986,0.098877,0

0.007446,-0.000732,1.002441,-0.094604,0.010986,0.098877,0

0.007690,-0.002319,1.000488,0.027466,-0.050049,0.037842,0

0.009277,0.000122,1.001953,-0.033569,-0.111084,0.037842,0

0.005981,-0.002075,1.001831,-0.033569,-0.111084,0.098877,0

0.008057,-0.002197,1.002686,0.027466,-0.050049,0.037842,0

0.009521,-0.001465,1.001709,-0.033569,-0.111084,0.098877,0

0.006714,-0.001953,1.002930,-0.033569,0.010986,0.037842,0

0.006592,-0.002319,1.001343,-0.033569,-0.050049,0.037842,0

0.008911,-0.000122,1.001099,-0.033569,-0.050049,0.098877,0

0.006592,-0.002319,1.002563,-0.033569,0.010986,0.098877,0

0.005371,-0.001587,1.001953,0.088501,-0.050049,0.037842,0

0.005615,-0.001221,1.001831,-0.033569,-0.111084,0.098877,0

0.005737,-0.002075,1.000122,0.027466,-0.050049,0.098877,0

0.008789,-0.002563,1.001953,0.088501,-0.050049,0.037842,0

0.007690,-0.000732,1.000244,-0.033569,-0.050049,0.037842,0

0.007690,-0.002686,1.003296,-0.033569,-0.050049,0.098877,0

0.005493,-0.002075,0.999146,0.027466,-0.050049,0.098877,0

0.008545,-0.001221,1.002563,0.027466,-0.050049,-0.023193,0

0.005005,-0.002441,1.002197,-0.033569,-0.050049,0.098877,0

0.008301,-0.002441,1.001099,-0.033569,-0.050049,0.098877,0

0.007324,-0.001099,0.999390,-0.033569,0.010986,0.098877,0

0.003662,-0.002808,1.002075,-0.094604,0.010986,0.098877,0

0.008301,-0.001953,1.001587,0.027466,-0.050049,0.037842,0

0.007446,-0.000122,0.999756,-0.033569,-0.050049,0.098877,0

0.005737,-0.002441,0.998779,0.027466,-0.050049,0.098877,0

0.008423,-0.001831,1.001221,-0.033569,0.010986,0.098877,0

0.016113,-0.036987,1.033936,-27.011108,-3.468018,0.587158,0

0.014893,-0.008423,0.986206,4.421997,0.560303,8.338623,0

0.009521,0.005859,0.984619,2.346802,-0.111084,0.098877,0

-0.085449,0.471802,0.993652,0.515747,0.133057,-8.446045,0

0.012085,-0.020142,1.010376,-1.925659,-0.050049,1.441650,0

0.005005,-0.017456,0.989136,-1.254272,-0.172119,1.624756,0

0.005737,-0.008545,0.991577,-2.047729,0.010986,0.953369,0

0.007568,-0.008179,1.009644,-5.343628,-0.538330,-0.389404,0

0.006958,-0.009155,1.002197,-0.643921,0.010986,0.037842,0

0.008301,-0.011597,1.003784,1.126099,0.316162,0.037842,0

0.002197,-0.013428,1.009277,3.506470,0.560303,-1.793213,0

0.008057,-0.002563,1.006470,5.459595,0.621338,-0.023193,0

0.007080,0.013550,1.000732,1.309204,-0.294189,2.113037,0

-0.002563,-0.009766,1.017456,-0.216675,-0.660400,-0.145264,0

0.035034,0.039185,0.929810,15.103149,-1.453857,-0.572510,0

0.069458,-0.067383,1.023804,3.872681,0.255127,0.098877,0

-0.004517,-0.004761,1.019531,-0.033569,0.194092,0.098877,0

0.015991,0.002319,0.992310,0.027466,-0.355225,-0.023193,0

0.016724,0.002441,0.987549,-1.925659,0.133057,-0.023193,0

-0.004150,-0.012329,1.022217,-0.949097,-0.050049,-0.084229,0

0.016113,0.000854,0.993286,1.614380,-0.233154,0.037842,0

0.013550,-0.003418,0.995239,0.393677,0.194092,0.098877,0

-0.003784,-0.003418,1.014893,-0.155640,0.072021,-0.023193,0

0.015259,0.000610,0.991699,0.576782,-0.233154,-0.023193,0

0.012451,-0.002563,0.996338,-0.216675,0.072021,0.037842,0

-0.005371,-0.002930,1.010132,0.027466,0.010986,0.037842,0

0.016357,0.000000,0.997681,0.149536,-0.172119,0.037842,0

0.011108,-0.003052,1.000244,0.027466,0.194092,0.037842,0

-0.002808,-0.002197,1.012085,-0.094604,0.010986,0.037842,0

0.015137,0.004028,0.999878,0.576782,-0.233154,0.037842,0

0.008301,-0.002930,1.003540,0.576782,0.255127,-0.023193,0

-0.003418,-0.001465,1.011108,0.881958,-0.111084,0.098877,0

0.015137,-0.000488,0.996460,1.248169,-0.355225,0.098877,0

0.005371,-0.002075,1.003784,0.027466,0.194092,0.098877,0

0.001587,0.002075,1.013306,0.576782,-0.050049,0.159912,0

0.014038,0.001709,0.994751,0.271606,-0.172119,0.159912,0

0.005005,0.000732,1.005371,0.027466,0.194092,0.159912,0

-0.003784,0.005493,1.006592,-1.498413,0.010986,0.037842,0

0.017212,-0.002197,0.991333,-1.620483,-0.050049,0.037842,0

0.001831,-0.003052,1.004272,-0.033569,0.194092,0.098877,0

0.000732,-0.000732,1.011230,-0.033569,-0.355225,0.037842,0

0.017822,-0.002563,0.989380,-0.033569,-0.111084,0.037842,0

0.001587,-0.001221,1.005127,-0.033569,0.072021,0.159912,0

0.001953,-0.002441,1.003174,-0.033569,-0.172119,0.098877,0

0.014160,-0.002563,0.989624,-0.155640,-0.050049,0.098877,0

0.002563,-0.001953,1.004761,-0.033569,0.010986,0.098877,0

-0.001221,-0.001831,1.007690,-0.033569,-0.172119,-0.023193,0

0.014526,-0.002441,0.997803,0.027466,-0.050049,0.098877,0

-0.002197,0.000366,1.006470,-0.216675,0.133057,-0.023193,0

0.002075,-0.002686,1.005127,-0.155640,-0.172119,0.159912,0

0.015747,-0.003052,0.995361,-1.559448,-0.050049,0.159912,0

-0.000854,0.000977,1.005493,-0.277710,0.010986,0.098877,0

0.052734,0.004761,0.973999,-1.132202,-0.111084,0.281982,0

0.001709,-0.001709,0.996338,0.210571,0.194092,3.516846,0

0.021729,-0.007324,1.031982,-6.503296,2.818604,7.056885,0

-0.001831,-0.007202,1.005371,0.088501,2.391357,3.760986,0

0.043213,-0.033569,1.007935,0.271606,5.443115,11.146240,0

0.029175,0.057495,1.053833,2.102661,1.475830,15.296631,0

-0.063354,-0.005859,1.194336,-5.465698,21.556396,12.305908,0

-0.088135,0.031616,1.241943,12.478638,29.246826,40.809326,0

-0.178223,-0.012817,1.308960,6.130981,36.143799,33.485107,0

-0.200806,0.204834,1.195312,-1.315308,37.791748,-0.328369,0

-0.228638,0.251343,1.169556,24.197388,50.914307,42.518311,0

-0.283569,0.326172,1.071045,58.010864,60.069580,12.489014,0

-0.372681,0.359497,1.031494,55.630493,43.284912,-26.634521,0

-0.271973,0.450928,0.847534,89.505005,36.937256,-4.478760,0

-0.217163,0.294678,0.735840,38.479614,15.086670,-53.245850,0

-0.310059,0.233887,0.752075,80.776978,9.898682,4.188232,0

-0.090088,0.086670,0.692871,25.173950,-27.027588,5.958252,0

-0.025269,-0.117798,0.555298,0.149536,-20.191650,6.019287,0

0.152710,0.258057,0.452148,-91.342163,-32.520752,-50.499268,0

-0.089233,0.135986,0.911133,-12.301636,-47.108154,9.132080,0

0.398193,-0.213867,1.295410,-19.137573,-101.185303,10.413818,0

-0.217896,0.409302,0.769165,-33.724976,-18.909912,-33.531494,0

0.098267,0.233765,0.937256,-63.143921,-59.742432,-25.352783,0

0.016968,0.042236,1.049316,-29.330444,-93.128662,-42.686768,0

0.201294,-0.283691,1.288452,-120.639038,-94.593506,-4.295654,0

-0.000366,-0.121338,0.968994,-53.805542,-47.169189,-69.664307,0

-0.147095,0.048706,1.361572,71.682739,-14.027100,-28.526611,0

-0.074097,0.096069,0.966431,-33.053589,-12.318115,-41.221924,0

-0.156738,0.228149,0.590454,40.127563,37.913818,-8.385010,0

0.092529,0.112061,0.621948,69.668579,-10.731201,-62.279053,0

0.126221,0.087036,0.553467,76.504517,-16.041260,-31.151123,0

0.083374,-0.095703,0.687256,1.309204,-29.102783,0.892334,0

0.082764,0.484131,1.283691,41.348267,-48.756104,-38.597412,1

-0.334595,1.192871,3.999512,92.312622,-21.717529,-67.406006,1

-0.405518,1.295166,3.999512,25.357056,189.097900,-35.606689,1

-0.065674,1.044434,3.028931,15.530396,232.860107,-85.533447,1

0.524536,0.325928,1.200073,12.600708,305.369873,-82.115479,1

0.889160,0.199951,1.020874,27.066040,317.149658,-104.454346,1

0.942017,-0.000488,0.941650,8.511353,310.618896,-109.764404,1

0.855469,0.094849,0.918579,56.546021,319.713135,-114.036865,1

0.694580,0.297729,0.908936,54.226685,314.036865,-137.474365,1

0.725220,0.085327,0.319702,93.350220,256.480713,-167.930908,1

1.148071,-0.932983,-1.787109,38.479614,195.811768,-86.448975,1

1.473877,-1.618774,-2.678589,-56.430054,-33.070068,69.190674,1

1.108765,-0.771118,-2.010620,-107.333374,-156.422119,184.791260,1

0.894775,0.601074,0.155151,-191.622925,-369.007568,236.304932,1

0.879761,0.447388,1.593262,-166.903687,-377.735596,97.938232,1

0.835693,0.260376,1.320923,-110.995483,-357.716064,112.281494,1

0.859375,-0.067505,1.209595,-96.224976,-350.819092,11.085205,1

0.678223,0.056030,1.398193,-2.352905,-312.122803,33.668213,1

0.261963,0.013794,1.523315,-40.988159,-279.835205,3.516846,0

0.030762,0.465210,1.803345,-4.122925,-144.031982,1.380615,0

0.219604,0.824951,2.582275,100.552368,-188.404541,-15.037842,0

0.759521,1.447632,2.339722,48.611450,-53.150635,7.301025,0

0.576782,1.335449,2.157349,146.878052,-75.550537,-23.643799,0

0.202148,0.815918,1.470459,-10.470581,-30.140381,-8.568115,0

0.068970,0.260498,0.898560,-13.766479,-8.594971,-15.587158,0

-0.009888,0.226685,0.510742,-18.038940,70.079346,11.939697,0

-0.133789,0.163208,0.314331,-40.316772,80.028076,12.000732,0

-0.310181,0.522705,0.718262,-78.097534,86.253662,-1.304932,1

-0.183594,1.658813,2.075439,-14.254761,108.531494,-38.963623,1

0.102905,2.036987,2.898682,38.418579,158.885498,-62.340088,1

0.335938,1.557617,2.963623,56.301880,158.519287,-124.840088,1

0.048584,0.551514,1.630127,-19.320679,221.080322,-78.453369,1

0.319580,0.415283,1.319092,16.201782,285.899658,-112.938232,1

0.808960,0.218750,1.070312,-6.564331,289.439697,-131.431885,1

0.802246,0.278564,1.084473,19.009399,288.951416,-139.976807,1

0.786499,0.413818,1.170898,98.294067,349.315186,-152.366943,1

0.597168,0.573975,0.698608,92.495728,355.601807,-188.438721,1

1.072388,-0.369141,-0.839233,62.710571,239.085693,-180.015869,1

1.789795,-1.507080,-2.311523,-45.443726,58.909912,-82.664795,1

1.959839,-1.401245,-2.615234,-80.783081,-76.527100,101.600342,1

1.264038,0.029175,-0.823975,-139.254761,-259.998779,189.368896,1

0.707642,0.589722,1.348755,-166.659546,-303.272705,196.693115,1

0.328369,0.224487,1.688721,-201.205444,-323.963623,129.920654,1

0.236938,0.099487,1.309204,-99.154663,-313.526611,79.139404,1

0.338257,0.100952,0.882324,-82.919312,-359.669189,61.011963,1

0.723877,0.091431,0.726318,6.314087,-370.533447,-1.365967,0

0.144775,0.631348,1.669556,23.098755,-302.052002,55.762939,0

0.268677,1.153198,2.125610,-9.677124,-223.927002,31.593018,0

0.392090,1.693848,2.965576,91.336060,-172.718506,75.172119,0

0.948853,2.052124,2.005371,83.523560,8.922119,54.725342,0

0.449097,1.623291,1.971313,62.832642,-53.638916,33.057861,0

-0.166504,0.790283,0.818481,-20.846558,2.269287,4.188232,0

-0.180664,0.287964,0.513184,24.319458,32.969971,-35.362549,0

0.049805,0.159302,0.405273,19.009399,63.304443,-17.113037,0

0.037231,0.250244,0.291016,5.520630,94.615479,4.554443,0

0.176392,0.383911,0.335449,-13.705444,74.656982,-14.488525,0

0.043335,0.856201,0.366943,-48.861694,57.933350,-56.907959,1

-0.088989,2.095703,1.492188,-21.090698,11.790771,-49.278564,1

-0.109131,2.747803,3.036743,14.309692,35.472412,-125.084229,1

-0.446045,1.655029,2.176392,-5.160522,120.006104,-112.999268,1

-0.506348,0.715698,1.450928,-3.268433,166.820068,-119.468994,1

0.308838,0.506958,1.143311,60.208130,279.307861,-118.309326,1

0.569458,0.613403,1.343506,82.302856,281.138916,-161.033936,1

0.889160,0.600098,1.348022,83.828735,299.998779,-203.758545,1

0.601074,0.999146,1.357910,114.590454,314.708252,-212.364502,1

0.993652,0.419434,0.743896,52.639771,206.798096,-274.254150,1

1.180786,-0.604126,-0.754150,61.062622,252.879639,-186.851807,1

1.879150,-1.867432,-2.398682,-95.248413,-33.558350,-95.787354,1

1.607056,-1.340942,-2.605957,-111.056519,-94.471436,134.437256,1

1.280029,-0.050781,-0.530640,-187.960815,-428.150635,220.985107,1

1.249023,0.633545,1.805908,-47.274780,-364.857178,170.631104,1

0.639893,0.427368,1.318726,-122.531128,-369.862061,147.559814,1

0.835815,0.054810,1.208008,-74.923706,-376.636963,91.651611,1

0.668579,0.110718,1.048584,-65.585327,-345.509033,38.551025,0

0.606445,0.196533,1.446533,-47.946167,-324.451904,24.757080,0

0.213867,0.313599,1.801147,-42.514038,-224.354248,-20.164795,0

0.912720,1.091309,2.833252,109.219360,-202.747803,78.529053,0

0.958862,1.699951,2.692261,180.874634,-44.178467,65.284424,0

0.747925,1.629517,2.386353,102.261353,-32.093506,37.818604,0

0.034546,0.651611,1.242310,18.582153,30.406494,-13.817139,0

-0.051514,0.400391,0.637207,8.816528,89.488525,33.790283,0

-0.282837,0.261475,0.016235,11.257935,147.410889,1.807861,0

0.174194,0.169434,0.317993,25.479126,41.148682,-65.513916,0

0.274048,0.459961,0.458252,-17.733765,75.633545,-41.710205,0

0.103516,1.094238,0.558228,-16.268921,24.852295,-62.828369,1

0.022827,2.336914,1.682251,68.020630,63.548584,-64.537354,1

-0.048096,2.871948,2.920166,168.118286,126.475830,-97.008057,1

-0.359985,1.765015,1.840332,22.732544,126.353760,-117.393799,1

-0.166016,0.809570,1.428955,85.415649,211.009521,-162.254639,1

0.482056,0.580933,1.162598,45.681763,253.245850,-203.758545,1

0.768433,0.574463,1.224121,101.467896,292.125244,-240.684814,1

0.650391,0.787598,1.148804,90.908813,290.599365,-255.333252,1

0.677856,0.933105,1.112793,116.726685,257.274170,-281.883545,1

1.031860,0.208740,0.122192,107.571411,220.714111,-285.728760,1

2.069824,-1.664551,-1.604736,-15.170288,47.923584,-189.110107,1

2.180420,-2.014282,-2.179932,-30.123901,-23.426514,54.176025,1

1.661377,-1.171143,-1.964355,-160.494995,-213.856201,175.697021,1

1.491211,0.575439,0.548340,-144.625854,-444.691162,258.216553,1

1.162109,0.932861,1.424683,-53.317261,-299.793701,219.764404,1

0.976196,0.800781,1.944580,-58.139038,-415.089111,158.912354,1

0.909058,0.485474,1.758423,-6.747437,-346.973877,127.784424,1

0.665771,0.475952,1.765015,-24.447632,-313.587646,108.924561,1

0.171997,0.494141,1.833984,-17.001343,-247.486572,103.492432,0

-0.154297,0.721436,1.367432,-24.935913,-103.748779,83.411865,0

0.178467,1.532471,2.166504,49.465942,-126.453857,92.200928,0

0.919922,2.244141,2.369629,96.951294,-103.138428,34.156494,0

0.472046,1.468994,1.951050,44.216919,-86.536865,-4.112549,0

0.109985,0.631592,1.333496,37.258911,-31.971436,12.244873,0

-0.142212,0.350342,0.580078,11.196899,95.714111,36.475830,0

-0.162598,0.168945,0.050171,-2.780151,113.658447,34.888916,0

-0.157227,0.142212,0.049805,-9.188843,82.652588,-11.925049,0

0.071167,0.176270,0.197388,-33.236694,46.336670,-8.323975,0

0.149292,1.392090,0.589478,-41.110229,44.261475,-26.878662,1

0.353516,2.541138,2.232666,26.577759,5.809326,-54.649658,1

0.403564,2.761230,3.033936,70.278931,125.255127,-111.046143,1

-0.002197,1.520142,2.029175,36.953735,165.294189,-102.745361,1

-0.009033,0.723755,1.468750,87.368774,237.864990,-141.624756,1

0.580811,0.403809,1.067261,59.109497,289.073486,-171.593018,1

0.637207,0.645264,1.221558,95.547485,296.824951,-230.186768,1

0.720459,0.702515,1.259155,68.386841,276.378174,-254.844971,1

0.881958,0.535156,0.988647,90.786743,279.674072,-292.320557,1

1.031982,-0.045776,0.066772,50.137329,249.339600,-255.821533,1

1.576782,-0.977295,-1.352295,73.208618,136.912842,-187.950439,1

1.862305,-1.552246,-2.221313,-65.158081,-59.925537,43.739014,1

1.606079,-0.907349,-2.161377,-131.747437,-231.312256,183.936768,1

1.560547,0.388550,-0.277466,-112.460327,-473.865967,253.760986,1

1.357422,0.947021,1.787231,25.784302,-357.227783,199.134521,1

1.031128,0.995361,2.004883,37.686157,-408.009033,187.598877,1

1.213379,0.400513,1.594482,-17.611694,-380.482178,133.216553,1

0.842407,0.482178,1.580566,34.939575,-257.618408,117.103271,1

0.167358,0.508301,1.234253,41.165161,-214.039307,148.231201,0

0.368896,1.033081,1.564941,-9.677124,-138.721924,88.416748,0

0.573120,2.227051,2.468018,99.453735,-108.997803,125.770264,0

0.997681,2.163086,2.137329,101.223755,-41.553955,39.100342,0

0.554199,1.819946,1.763794,49.893188,2.635498,33.546143,0

0.145386,0.672852,0.911011,18.093872,30.162354,-23.948975,0

-0.025391,0.375122,0.492554,18.460083,101.329346,-2.464600,0

-0.019775,0.123657,0.124878,-7.540894,105.601807,-7.347412,0

-0.101074,0.145020,-0.032349,-14.620972,84.666748,11.268311,0

-0.017212,0.331421,-0.029907,-44.894409,24.547119,-33.531494,0

0.455322,0.493652,0.223267,-15.902710,-8.106689,-48.546143,0

1.001831,1.872192,1.168213,-36.227417,-55.042725,-14.122314,1

0.524536,3.039673,2.793945,76.443481,-15.186768,-61.424561,1

0.297852,2.311157,2.798218,-32.870483,42.369385,-138.328857,1

-0.064819,1.283081,1.659058,-23.837280,171.336670,-147.362061,1

0.593018,0.656494,1.226440,35.610962,301.036377,-193.809814,1

0.808960,0.589111,1.172607,98.904419,333.934326,-209.556885,1

0.934082,0.692627,1.150146,41.104126,304.942627,-249.351807,1

0.712646,0.916260,1.355469,71.865845,300.609131,-269.615479,1

0.781616,0.798950,1.015869,34.329224,295.848389,-297.386475,1

0.967651,0.067383,-0.115112,114.285278,296.702881,-254.478760,1

2.141724,-1.589722,-1.747437,-42.758179,65.440674,-169.212646,1

2.461304,-1.762939,-2.404541,-38.119507,-7.435303,39.771729,1

1.899536,-0.832153,-1.782227,-158.297729,-300.281982,182.044678,1

1.479736,0.685303,1.021362,-101.351929,-466.968994,258.643799,1

1.382080,0.534302,1.916260,-13.766479,-388.905029,221.107178,1

0.957153,0.517212,1.707520,-25.729370,-364.063721,192.237549,1

0.959473,0.303955,1.342773,-51.486206,-381.336670,131.019287,1

1.300903,0.177002,1.287964,-20.053101,-382.252197,47.767334,1

0.540039,0.443237,1.921997,10.708618,-276.539307,110.755615,0

0.990601,1.499023,2.180176,30.056763,-191.578369,145.728760,0

0.518677,1.906982,2.353149,77.725220,-99.415283,86.097412,0

1.270630,1.839233,2.603394,91.885376,-88.184814,40.565186,0

0.641113,1.020020,1.535522,-1.010132,22.716064,6.751709,0

0.334839,0.588867,0.904297,21.939087,54.271240,7.178955,0

0.121582,0.237427,0.552002,2.590942,74.595947,0.892334,0

0.110718,0.172852,0.000732,1.553345,109.508057,32.325439,0

0.170898,0.156982,0.078369,23.709106,57.078857,-1.304932,0

0.421509,0.158081,0.174927,9.915161,27.537842,-6.248779,0

0.689575,0.563721,0.388794,-11.935425,-2.796631,-37.803955,0

1.199097,1.009155,0.734375,-34.030151,-58.948975,-23.399658,0

0.865234,2.660156,2.186279,97.561646,-53.577881,-17.296143,1

0.113647,2.266602,2.740234,-20.419312,-22.510986,-120.689697,1

-0.121826,1.351807,2.102417,-33.602905,128.489990,-127.464600,1

0.276489,0.972778,1.801147,-16.146851,263.988037,-171.715088,1

1.058960,0.758789,1.569458,44.888306,353.953857,-215.233154,1

1.182861,0.953125,1.603638,40.676880,358.653564,-231.529541,1

1.187988,1.205688,1.691284,47.085571,364.573975,-282.982178,1

1.195679,1.323486,1.572388,18.948364,352.122803,-330.894775,1

1.496338,0.023804,-0.316650,41.348267,326.365967,-300.499268,1

2.376465,-1.731812,-2.293213,-45.748901,120.921631,-144.920654,1

1.975952,-1.199707,-2.464355,-40.560913,-46.314697,95.924072,1

1.762329,-0.570679,-1.619873,-62.899780,-273.548584,207.801514,1

1.519775,1.004761,1.312988,-27.865601,-431.873779,295.692139,1

1.566895,0.928589,1.736084,-60.824585,-430.531006,272.987061,1

1.099976,0.697144,1.979370,-58.566284,-378.834229,179.847412,1

1.098755,0.516357,1.862305,-29.330444,-396.656494,167.762451,1

0.749878,0.215088,1.352417,-70.285034,-349.476318,82.191162,1

0.300293,0.699219,1.969727,49.649048,-193.348389,102.882080,0

0.604858,1.258789,2.062622,36.099243,-168.201904,97.327881,0

1.351685,2.080811,2.280396,143.154907,-75.184326,19.263916,0

1.458862,1.982666,2.321533,104.458618,-8.472900,47.034912,0

0.521240,0.897095,0.873047,15.835571,44.993896,48.316650,0

0.041992,0.361572,0.474609,35.000610,41.759033,21.522217,0

-0.135620,0.116089,0.230957,40.554810,60.069580,19.324951,0

-0.130005,0.114258,0.186157,30.239868,56.346436,-3.013916,0

0.052368,0.063965,0.157959,1.370239,31.199951,-31.456299,0

0.281006,0.336792,0.431641,-9.799194,25.218506,-46.043701,0

0.735718,1.364746,0.802490,-11.569214,46.275635,-14.061279,1

0.699463,3.109985,2.410278,30.545044,16.978760,-97.984619,1

0.695923,2.719849,2.523926,-64.852905,14.415283,-150.169678,1

0.059204,1.762939,1.850464,-1.559448,193.919678,-123.619385,1

0.161133,1.004028,1.414917,21.328735,264.659424,-170.128174,1

0.738037,0.724487,1.358765,116.055298,344.127197,-195.030518,1

0.938843,0.951904,1.639404,76.016235,295.421143,-252.098389,1

0.924683,1.057495,1.561890,130.093384,357.615967,-261.680908,1

0.891235,1.131592,1.187134,113.369751,308.238525,-312.950439,1

1.434692,0.265381,0.058716,68.203735,199.473877,-324.364014,1

2.153687,-1.453979,-1.354370,-6.625366,47.801514,-204.124756,1

2.515137,-1.669312,-2.120850,-111.788940,-88.734131,20.057373,1

1.940063,-0.778809,-1.756226,-51.119995,-219.715576,249.244385,1

1.827148,1.075684,1.221924,-41.598511,-495.167236,319.373779,1

1.382568,1.127319,1.995483,-6.625366,-371.265869,275.550537,1

1.008423,0.891235,1.922363,-27.377319,-371.448975,218.726807,1

1.258545,0.498657,1.749634,-0.216675,-388.050537,171.790771,1

0.895630,0.514648,1.348022,-21.884155,-294.727783,193.519287,0

0.668457,0.975708,1.831787,10.403442,-235.706787,161.781006,0

0.874023,1.956909,2.101807,51.663208,-175.953369,120.826416,0

1.221313,2.390259,2.110718,72.415161,-82.142334,57.593994,0

0.967896,1.937622,1.935303,121.426392,-27.821045,48.927002,0

0.439331,0.962036,1.035522,83.584595,53.294678,23.109131,0

0.059814,0.442261,0.705200,21.939087,43.284912,-3.441162,0

-0.235962,0.444824,0.227417,-17.916870,107.005615,18.104248,0

-0.069458,0.092407,0.138306,-55.331421,2.391357,-86.754150,0

0.327637,-0.025879,0.326782,-24.020386,4.893799,-72.410889,0

0.572876,0.977661,0.720825,-38.302612,74.840088,-46.043701,0

1.280273,2.432739,1.774414,21.755981,14.903564,-38.048096,1

0.599731,2.947021,2.503052,-18.161011,68.797607,-100.426025,1

0.071899,1.992920,1.763184,33.779907,156.505127,-124.534912,1

0.058228,1.208252,1.430054,18.399048,211.864014,-182.518311,1

0.808716,0.799072,1.399536,117.153931,304.210205,-230.919189,1

0.929565,1.005859,1.556396,63.259888,291.453857,-258.385010,1

1.075073,1.100830,1.561157,156.765747,344.005127,-304.405518,1

0.915161,1.251465,1.332520,64.541626,301.707764,-320.396729,1

1.391357,0.103882,0.378052,91.702271,245.006104,-314.659424,1

2.115234,-1.341064,-1.558350,-46.054077,90.098877,-248.680420,1

2.739014,-2.003906,-2.405273,-53.195190,-27.332764,-35.606689,1

2.126709,-0.787231,-1.901367,-61.190796,-218.616943,236.854248,1

2.328979,1.111084,0.853882,-41.110229,-515.003662,275.794678,1

1.846680,1.633789,2.348877,48.550415,-399.952393,345.985107,1

1.105591,1.192261,2.310181,-13.156128,-360.584717,256.507568,1

1.161621,0.774658,1.861084,-21.762085,-372.303467,251.136475,1

0.480957,0.697754,1.823608,-55.392456,-334.949951,145.057373,0

0.034546,0.896851,1.569336,-31.710815,-172.291260,131.507568,0

0.526489,1.832031,2.102173,115.444946,-119.495850,123.756104,0

1.192261,2.553833,2.108643,126.370239,-39.478760,82.801514,0

1.099854,1.950073,1.920532,117.214966,-31.239014,40.076904,0

0.111938,1.203491,0.947876,37.014771,45.787354,23.048096,0

0.001221,0.511963,0.564209,74.551392,78.135986,-11.436768,0

-0.074341,0.068970,0.006592,-10.287476,99.742432,12.122803,0

-0.183472,0.116455,-0.036377,40.066528,77.952881,30.433350,0

0.031494,0.081787,0.036987,6.436157,46.580811,-25.352783,0

0.262451,0.540405,0.312378,9.365845,20.885010,-11.131592,0

0.968994,1.661743,0.967285,-57.040405,-9.754639,-37.926025,0

1.308350,2.647705,2.079224,7.534790,-66.334229,-71.678467,1

0.722778,2.467773,2.419922,-47.518921,28.697510,-97.496338,1

-0.258179,1.814697,1.423096,-16.024780,161.387939,-125.450439,1

-0.047119,1.236694,1.369873,61.489868,227.000732,-192.894287,1

0.914429,0.878174,1.630981,101.773071,276.195068,-254.661865,1

1.140503,1.004272,1.757446,117.459106,328.258057,-287.071533,1

1.058472,1.256836,1.688354,132.778931,355.968018,-302.208252,1

1.119507,1.112427,1.200806,129.727173,304.210205,-341.087646,1

1.379395,0.181519,0.057861,86.697388,214.793701,-325.706787,1

2.566040,-1.900269,-1.859741,-38.973999,75.084229,-217.796631,1

2.692505,-1.973877,-2.569580,-76.510620,-73.841553,74.927979,1

2.081055,-0.612549,-1.049805,-81.454468,-341.785889,274.024658,1

1.809570,1.238403,1.630127,-28.353882,-442.982178,300.758057,1

1.518799,1.186523,1.981445,-12.667847,-388.966064,311.988525,1

1.082397,1.029541,1.847900,-37.142944,-347.950439,203.712158,1

1.115479,0.643311,1.505371,-74.679565,-377.308350,176.185303,1

0.554688,0.717773,1.966797,23.770142,-262.379150,147.010498,1

0.097412,1.066772,1.564331,-53.317261,-199.146729,135.657959,0

0.365479,1.855103,2.359741,126.065063,-91.358643,160.438232,0

1.251587,2.208862,2.235718,47.573853,-77.015381,43.189697,0

0.700684,1.748535,1.881226,41.104126,-11.768799,27.503662,0

0.203369,0.861084,1.038208,-11.569214,14.476318,-9.971924,0

0.043701,0.260742,0.565796,3.079224,51.280518,-15.831299,0

0.030273,0.097534,0.184814,22.671509,114.757080,21.217041,0

0.272217,0.167725,0.126709,42.874146,82.286377,12.611084,0

0.771973,0.360840,0.304199,40.371704,27.354736,-2.525635,0

0.456543,0.228638,0.438110,57.400513,-22.999268,-11.741943,0

0.225342,0.387207,0.401733,18.276978,13.927002,-8.934326,0

1.206543,0.776611,0.649292,-41.842651,-30.628662,-24.559326,0

1.040771,2.563477,1.615234,69.241333,-3.773193,74.805908,1

0.105835,2.895508,1.833740,-13.888550,-26.966553,-39.146729,1

-0.847046,2.098633,1.412720,-18.038940,93.272705,-98.411865,1

-0.226196,1.494385,1.417480,27.188110,199.718018,-177.391357,1

0.852661,1.109619,1.743652,131.619263,300.364990,-222.679443,1

1.223511,1.096680,1.887085,117.703247,323.070068,-274.254150,1

1.199219,1.436890,2.313232,180.081177,357.310791,-345.421143,1

1.336426,1.138306,1.715576,149.868774,341.380615,-344.627686,1

1.597290,0.047607,0.058838,177.517700,270.762939,-337.913818,1

2.609619,-1.492554,-1.354126,-106.295776,-15.247803,-275.718994,1

2.765259,-2.095581,-2.870605,-32.077026,-66.151123,60.767822,1

1.961670,0.170654,-0.494751,-34.518433,-398.609619,301.185303,1

1.625244,1.262207,1.840576,24.807739,-415.516357,278.907471,1

1.085815,1.381226,2.230591,70.523071,-323.353271,313.087158,1

1.050415,0.695190,1.577515,-28.842163,-316.456299,295.570068,1

0.784424,0.802856,1.438965,-71.688843,-278.858643,217.567139,1

0.642700,0.952026,1.634766,-47.885132,-289.112549,272.987061,0

0.767822,1.845093,1.627319,15.042114,-105.396729,184.974365,0

0.834351,2.179688,2.093506,45.376587,-58.338623,126.075439,0

1.310669,2.628052,1.968506,128.506470,-15.736084,107.947998,0

0.678467,1.349976,1.301514,-2.352905,-15.247803,-29.564209,0

0.263428,0.611816,0.766113,-14.437866,38.280029,5.592041,0

-0.045288,0.252075,0.187744,28.408813,112.315674,-8.385010,0

-0.048218,0.081421,-0.196045,21.450806,111.705322,13.831787,0

-0.064941,0.179443,-0.134033,39.089966,45.726318,-24.254150,0

0.307617,0.306763,0.227173,16.690063,8.677979,-44.273682,0

0.920166,0.962280,0.478271,-30.245972,-5.054932,-56.175537,0

1.218506,2.342651,1.397949,1.126099,-64.136963,-34.935303,1

0.467773,3.393799,2.803711,32.192993,0.072021,-124.840088,1

-0.329834,2.048340,1.453125,-4.550171,120.067139,-134.056396,1

-0.214844,1.206299,1.226685,115.628052,211.619873,-194.481201,1

0.366089,0.873047,1.396484,240.567017,295.054932,-245.750732,1

0.630981,1.119629,1.629883,149.197388,247.752686,-297.264404,1

0.836182,1.064453,1.597534,179.165649,271.800537,-317.039795,1

0.815674,1.262207,1.345581,140.652466,246.837158,-344.505615,1

1.250732,0.245239,0.224976,134.793091,226.756592,-333.275146,1

2.205200,-1.472778,-1.136475,8.511353,13.927002,-230.736084,1

2.927246,-2.215454,-2.036621,-55.819702,-54.188232,70.716553,1

2.114136,-0.571655,-1.401001,-211.581421,-343.128662,291.968994,1

1.782715,1.153564,1.336914,-71.688843,-404.774170,307.227783,1

1.453979,1.192017,2.194458,-11.386108,-378.406982,309.669189,1

0.856689,0.789795,1.714478,-100.924683,-349.293213,183.936768,1

1.088867,0.440918,1.595459,-72.726440,-362.537842,198.890381,1

0.784912,0.466797,1.562378,-75.595093,-319.569092,158.668213,0

0.400024,0.984619,1.476929,-18.588257,-190.113525,170.692139,0

0.718384,1.942383,2.103516,114.956665,-140.003662,127.174072,0

1.288940,2.338013,2.047363,35.122681,-85.926514,42.579346,0

1.009399,1.779419,1.869995,43.179321,-41.614990,16.334229,0

0.568481,0.952393,1.083374,18.338013,37.974854,23.475342,0

-0.231079,0.637573,0.540161,9.548950,69.652100,9.315186,0

-0.054077,0.058960,0.251465,1.370239,70.140381,-33.714600,0

0.013306,0.060425,0.156250,25.662231,111.278076,6.141357,0

0.549561,0.334106,0.036743,5.703735,52.073975,-20.592041,0

0.055542,0.692749,0.921143,53.799438,-12.684326,-23.643799,0

0.720947,1.779907,0.410889,-10.409546,40.843506,-31.395264,1

0.762939,3.965576,2.013428,242.947388,64.586182,-119.285889,1

-0.092896,3.177856,1.377686,38.235474,83.079834,-180.015869,1

0.042358,1.931030,1.081299,7.168579,108.470459,-256.492920,1

0.875488,1.215210,1.244629,22.915649,201.549072,-299.583740,1

1.204956,0.915771,1.201416,70.462036,266.185303,-326.622314,1

0.964478,1.265137,1.522583,89.321899,283.397217,-334.617920,1

1.048462,1.098755,1.132568,74.612427,257.762451,-360.313721,1

1.380005,0.182739,0.343872,98.110962,212.596436,-336.632080,1

2.228271,-1.512329,-0.847046,4.544067,88.756104,-239.464111,1

2.440796,-2.002075,-2.191284,-95.126343,-43.690186,48.560791,1

2.199585,-0.942017,-1.680298,-56.246948,-232.532959,282.691650,1

1.688110,1.328735,1.429688,-72.238159,-457.996826,375.404053,1

1.574097,1.094482,1.866821,-35.006714,-370.350342,354.041748,1

0.960327,1.075317,1.979492,-58.810425,-324.268799,268.043213,1

1.090820,0.710571,1.671875,-95.126343,-328.297119,270.728760,1

0.697754,0.838867,1.627808,-44.406128,-277.271729,194.678955,1

0.109619,1.349243,1.543335,-78.585815,-141.468506,229.407959,0

0.659790,1.879150,1.727905,15.347290,-112.110596,143.836670,0

1.076172,2.165527,1.687988,65.029907,-68.104248,15.845947,0

1.208252,1.961548,2.052734,93.472290,-82.447510,37.879639,0

0.554443,0.972778,1.174805,-13.339233,-1.209717,-11.680908,0

-0.016846,0.530518,0.463867,45.071411,92.540283,5.286865,0

-0.095581,0.086426,0.014648,50.442505,114.268799,2.418213,0

-0.161987,0.212036,-0.025635,59.170532,95.714111,27.869873,0

-0.009155,0.222534,0.080688,29.995728,51.158447,-32.432861,0

0.414551,0.733521,0.416260,10.647583,29.613037,-26.451416,0

1.194824,1.862549,1.009277,-44.772339,-22.816162,-46.287842,1

0.934814,2.898682,2.169678,31.582642,-3.162842,-74.302979,1

0.387939,2.133545,1.764404,-51.791382,28.087158,-107.261963,1

-0.345215,1.659424,1.306030,18.826294,190.684814,-97.862549,1

0.170410,1.239502,1.069946,74.490356,266.734619,-175.133057,1

0.785645,0.851440,1.424683,99.575806,267.894287,-245.872803,1

1.045654,0.812744,1.779053,130.276489,302.135010,-272.667236,1

1.110229,0.869873,1.612915,128.994751,333.873291,-301.658936,1

1.282349,0.000977,0.265015,93.594360,279.246826,-286.033936,1

1.785645,-0.982666,-1.409302,39.028931,146.800537,-231.102295,1

2.213135,-1.173950,-2.593018,-122.164917,-115.345459,14.686279,1

1.241943,0.079956,-1.781738,-145.541382,-358.448486,165.565186,1

1.909302,0.125488,1.166992,12.417603,-495.655518,105.384521,1

1.562744,0.283691,2.209229,25.540161,-449.512939,166.785889,1

1.298706,0.155151,1.838867,35.733032,-398.975830,90.736084,1

0.992676,0.151855,1.731934,49.954224,-326.527100,141.212158,1

0.708984,0.254150,1.192505,9.365845,-302.357178,109.351807,0

0.926025,1.114868,1.651245,53.921509,-188.282471,80.543213,0

0.967285,2.152466,1.952881,187.527466,-132.008057,125.404053,0

1.590820,2.553955,2.246094,201.016235,-58.460693,58.448486,0

0.828369,1.438232,1.337646,43.362427,45.482178,48.865967,0

0.285645,0.767822,0.683228,69.729614,86.192627,45.570068,0

-0.036743,0.441650,0.417603,75.833130,110.972900,22.010498,0

0.044800,0.253296,0.214233,69.058228,118.663330,-8.934326,0

0.112793,0.217407,0.062866,53.433228,115.794678,-17.967529,0

0.538574,0.296143,0.212036,13.333130,50.181885,-85.838623,0

0.610840,0.535645,0.387573,12.539673,33.885498,-66.673584,0

1.184814,1.114868,0.443359,-36.410522,12.218018,-71.129150,1

0.823242,2.814331,1.354370,51.174927,-35.023193,25.245361,1

-0.416992,3.391479,1.372925,51.846313,-17.933350,-40.367432,1

-0.557373,2.579224,1.342896,-29.696655,30.284424,-140.526123,1

0.102417,1.703613,1.324951,42.691040,182.811279,-194.237061,1

0.924072,1.120972,1.067749,136.990356,303.599854,-263.023682,1

0.911865,0.650391,1.416260,108.486938,213.939209,-288.353271,1

0.606079,0.119385,0.307373,112.759399,250.926514,-256.309814,1

0.186035,-0.564819,-0.546143,214.321899,163.768311,-232.078857,1

0.649414,-0.205811,-0.011475,183.926392,2.757568,-71.251221,1

0.049683,0.682617,0.776855,60.879517,-40.760498,-44.334717,1

0.266846,-0.253418,0.009277,-92.379761,50.609131,-88.341064,1

0.403076,-0.127563,-0.530151,-126.376343,72.886963,0.648193,1

0.087402,-0.565430,-0.507324,-181.857300,-90.748291,93.299561,1

0.175415,0.067871,0.110840,-168.795776,-283.985596,189.002686,1

0.266968,0.491699,0.640503,-100.680542,-265.736084,225.074463,1

0.336914,0.431641,0.325928,-56.002808,-297.230225,199.805908,1

0.038696,0.494995,0.479370,7.656860,-196.278076,190.467529,1

0.236816,2.469238,1.600342,136.196899,-100.941162,361.488037,1

0.347534,3.000122,1.006592,-48.007202,-75.489502,210.059814,0

0.356812,3.262207,1.517822,5.764771,-53.699951,138.770752,0

0.505615,2.018433,1.357910,-85.360718,-120.533447,-6.737061,0

0.201172,0.786377,0.698853,-33.114624,22.899170,-11.619873,0

0.007568,0.233398,0.193115,-19.992065,75.145264,3.883057,0

0.014648,0.199463,-0.085449,-12.667847,85.887451,14.075928,0

0.191406,0.145752,-0.239502,15.225220,53.843994,8.338623,0

0.241455,0.347656,0.059204,36.404419,-13.721924,9.193115,0

0.207153,0.324951,0.235352,8.328247,-50.831299,-11.986084,0

0.518677,0.746948,0.413452,-2.658081,-18.177490,-19.859619,0

1.031128,2.007202,1.287842,47.024536,-48.389893,-2.464600,1

0.113892,3.997437,1.522339,-4.183960,8.006592,-24.925537,1

-0.530029,3.506470,0.610596,-34.030151,-22.816162,-154.869385,1

-0.539062,2.422607,1.104492,-1.925659,49.144287,-225.120850,1

0.393555,1.528320,1.479614,64.785767,171.214600,-264.427490,1

0.973511,1.012939,1.845093,94.509888,226.634521,-279.320068,1

0.963135,0.781372,1.769531,129.971313,296.275635,-242.760010,1

0.546143,1.241455,1.788086,237.942505,308.055420,-241.844482,1

0.689453,1.620972,1.797485,287.258911,246.898193,-298.912354,1

1.202393,0.510254,0.687134,199.307251,129.283447,-336.815186,1

2.730591,-1.876953,-0.442627,20.535278,78.013916,-257.042236,1

3.365112,-3.077148,-1.839233,-42.147827,-33.436279,-8.629150,1

2.120361,-1.248657,-1.129517,-234.225464,-227.894287,227.698975,1

1.517334,0.112061,0.258423,-241.305542,-269.886475,309.180908,1

1.125854,0.483643,1.688721,-323.092651,-426.868896,220.802002,1

1.106934,0.290161,2.000122,-113.681030,-353.138428,139.259033,1

0.961304,0.181274,1.530884,-157.443237,-393.360596,43.922119,1

1.251587,-0.053345,1.417969,-27.926636,-355.091553,66.016846,1

0.966919,0.151245,2.068359,61.611938,-291.553955,94.337158,1

0.771118,1.156250,2.038330,20.352173,-216.236572,184.302979,1

0.545288,2.714478,3.175171,194.058228,-74.757080,118.079834,1

0.261475,2.625854,2.010132,111.660767,39.195557,106.422119,1

0.413574,2.073730,1.712158,128.750610,78.441162,39.283447,1

0.381958,0.825928,0.920288,-8.334351,73.375244,13.343506,1

0.248291,0.312378,0.217285,73.086548,155.162354,18.470459,0

0.239746,-0.043457,-0.017700,34.268188,112.132568,2.784424,0

0.371460,-0.019653,0.015381,32.742310,52.379150,-9.483643,0

0.711060,0.314087,0.208740,11.685181,-56.873779,-41.466064,0

0.269165,0.179565,0.400879,-11.447144,-114.918213,-56.297607,0

0.410034,0.291870,0.298462,-59.359741,-78.175049,-72.227783,0

0.948975,1.597534,0.683228,3.567505,-79.700928,-32.249756,1

0.667114,2.884888,1.452515,58.743286,-172.169189,-18.944092,1

-0.510498,3.051270,1.400269,-25.241089,-178.577881,-96.336670,1

-0.809937,2.070068,1.362183,-163.058472,-172.596436,-263.634033,1

-0.396606,1.442139,1.326172,-164.340210,-4.322510,-249.046631,1

0.347046,1.734863,1.307739,-125.338745,158.763428,-257.469482,1

1.389893,1.506958,1.521118,-93.295288,260.814209,-265.648193,1

1.627319,1.864502,1.797241,-61.251831,328.563232,-299.339600,1

1.410889,2.299927,1.800171,-20.053101,347.056885,-326.011963,1

1.780640,0.392700,-0.024048,14.553833,291.575928,-342.918701,1

1.828003,-1.641846,-1.339478,-43.551636,95.714111,-169.090576,1

1.577759,-2.414917,-2.011719,-27.926636,5.565186,32.142334,1

1.200562,-1.129761,-0.410522,-126.742554,-228.443604,242.835693,1

1.481201,-0.025146,0.776978,-74.313354,-268.604736,277.625732,1

1.142456,0.751709,1.460083,93.411255,-207.081299,319.251709,1

0.787231,1.078613,1.458984,2.346802,-166.737061,288.856201,1

0.769287,1.698486,1.177856,5.825806,-134.449463,361.610107,1

0.114990,2.071045,1.127930,-0.216675,-87.147217,276.527100,1

-0.175537,2.481812,0.628540,-1.315308,30.040283,180.701904,1

-0.115112,2.924316,0.458252,-20.724487,-1.881104,178.382568,1

-0.178711,2.828857,0.668945,55.508423,61.473389,138.709717,1

-0.299683,2.039185,0.413330,22.183228,18.382568,47.889404,1

-0.071899,0.811768,0.427734,-0.765991,-8.411865,-15.037842,1

-0.070190,0.458862,0.132812,-4.489136,90.709229,30.799561,0

-0.039673,0.191284,-0.004639,-9.738159,56.529541,-8.934326,0

0.102173,0.180420,0.057861,9.915161,41.270752,-6.614990,0

0.133911,0.313599,0.190918,18.154907,17.344971,-20.103760,0

0.521118,0.498169,0.283081,1.126099,-14.576416,-36.644287,0

0.763672,0.926758,0.556519,14.797974,-40.821533,-36.644287,0

0.975098,2.002563,1.343140,49.710083,-46.558838,3.760986,0

0.275146,2.730713,0.837402,-2.963257,-77.320557,11.146240,1

-1.180420,2.717041,0.228638,-50.997925,-58.643799,-11.864014,1

-1.292480,2.142334,0.655640,1.980591,25.157471,-151.451416,1

-0.376953,1.610352,0.986206,24.319458,139.171143,-222.435303,1

0.605957,1.327881,1.567505,97.378540,240.001221,-259.239502,1

0.971069,1.147827,1.821045,111.477661,270.091553,-300.133057,1

0.681274,1.676270,1.888184,86.697388,306.407471,-283.897705,1

0.556519,1.152954,0.655396,192.349243,312.144775,-336.387939,1

1.193115,-0.570190,-0.584473,155.911255,192.454834,-282.615967,1

1.820557,-1.793457,-1.169434,47.512817,34.251709,-46.165771,1

1.956177,-1.662354,-1.554688,-69.674683,-46.375732,46.790771,1

1.456421,-0.395874,-0.623535,-195.956421,-262.135010,194.984131,1

1.305786,0.334106,0.944824,-225.863647,-421.802979,208.350830,1

1.175659,0.498047,1.643066,-24.630737,-334.034424,185.584717,1

1.123535,0.224243,1.307617,-99.520874,-413.013916,124.549561,1

0.213013,0.793579,2.672485,13.211060,-271.351318,162.208252,1

-1.180786,1.048584,1.579468,-49.105835,-183.765869,125.770264,1

-1.548584,1.697632,1.796509,42.874146,-31.239014,55.885010,1

-0.780884,1.458130,1.138184,70.889282,39.683838,46.546631,1

-0.036011,2.182983,1.483765,2.285767,6.724854,41.297607,0

0.422363,1.894897,1.726440,-51.974487,-72.498779,-7.408447,0

0.609253,0.686035,1.053101,-46.115112,-52.418213,-12.291260,0

0.107910,0.044678,0.195190,-36.044312,0.194092,34.156494,0

-0.007324,-0.070190,-0.010986,-1.620483,5.992432,30.799561,0

-0.015747,-0.073975,-0.085815,-8.456421,20.091553,26.649170,0

0.060303,-0.115601,-0.144165,-6.198120,-28.675537,29.090576,0

0.028198,0.115967,0.085205,12.356567,-11.524658,27.137451,0

0.135010,0.393066,0.249634,9.915161,-49.854736,26.527100,0

0.659058,1.396484,1.097290,2.102661,-69.080811,28.602295,0

1.038818,2.853516,2.436157,114.163208,-107.349854,58.875732,1

-0.344849,3.697266,3.288574,67.410278,-9.266357,-11.925049,1

-0.764771,2.322754,2.010376,-19.625854,104.503174,-64.842529,1

0.020874,1.668823,1.775146,33.352661,268.016357,-138.328857,1

1.175049,1.198242,1.607422,27.188110,309.520264,-203.941650,1

1.426392,0.482178,1.161621,66.860962,303.477783,-210.045166,1

1.327515,0.490601,1.410400,94.021606,272.471924,-204.979248,1

1.121704,1.012085,1.649536,147.183228,285.594482,-255.699463,1

1.368408,0.085449,0.364990,28.897095,253.673096,-302.757568,1

1.497070,-1.529785,-1.550415,94.754028,149.852295,-166.588135,1

1.604004,-2.295654,-2.498901,-22.311401,-39.783936,23.841553,1

1.410278,-1.036133,-1.609497,-84.445190,-152.515869,163.306885,1

1.304688,0.401855,0.339844,-139.987183,-336.719971,231.116943,1

1.298340,0.868530,2.039551,-23.410034,-322.315674,223.426514,1

0.849121,0.671387,1.728638,-117.770386,-364.918213,146.094971,1

0.799683,0.572144,1.709595,28.225708,-261.402588,177.955322,1

0.159180,0.740112,1.465698,-27.804565,-251.148682,139.686279,1

-0.614014,1.176514,1.205322,-37.997437,-158.619385,128.272705,1

0.015259,1.395996,1.592773,-14.437866,-172.901611,26.099854,1

-0.620850,2.091797,2.117554,81.021118,41.820068,87.928467,1

0.581909,2.335815,1.725708,74.002075,-33.680420,2.662354,0

0.897705,1.914062,1.888916,-52.279663,-24.281006,48.804932,0

0.148315,1.146851,1.228271,0.027466,19.603271,21.400146,0

-0.371460,0.458008,0.652588,-32.077026,52.989502,-4.722900,0

-0.295654,0.200562,0.062866,-44.100952,109.996338,-23.521729,0

0.088135,-0.112793,0.040161,-14.132690,102.916260,-56.846924,0

0.304565,-0.040771,0.234131,9.426880,107.371826,-36.583252,0

0.395264,-0.107422,0.032471,-19.259644,100.596924,-35.728760,0

0.706177,0.091431,0.067627,-2.291870,50.364990,14.197998,0

1.023560,0.487305,0.380737,8.877563,-71.278076,32.386475,0

1.667603,1.440186,1.215698,-16.268921,-207.325439,21.583252,0

1.446289,1.705200,1.929810,-27.011108,-312.489014,65.162354,0

-0.591797,2.638672,3.342651,94.815063,-172.901611,3.211670,1

-1.709473,1.631714,3.460083,-71.139526,-13.782959,-75.462646,1

-0.424194,1.752197,2.818359,-66.683960,249.156494,-88.463135,1

1.465820,1.298340,1.891235,-23.959351,393.809814,-159.935303,1

1.973022,0.905396,1.744751,-6.869507,407.969971,-186.241455,1

2.005005,0.478027,1.762939,26.577759,397.288818,-214.927979,1

1.561890,0.582642,1.677490,95.547485,405.162354,-177.025146,1

1.264038,-0.078247,0.262451,129.421997,326.671143,-161.400146,1

1.256714,-1.093628,-1.674072,133.084106,200.084229,-147.850342,1

1.735718,-2.041138,-3.231567,-71.627808,7.945557,35.682373,1

1.094482,-0.451538,-1.158569,-130.953979,-248.096924,153.358154,1

1.370972,0.148315,0.829956,-120.333862,-370.411377,176.002197,1

1.028076,0.524780,1.656616,-95.248413,-332.020264,154.761963,1

1.004883,0.269409,1.563477,-96.957397,-375.111084,90.186768,1

1.122070,0.167725,1.189453,-48.739624,-351.307373,88.721924,1

1.055542,0.460083,1.900513,50.503540,-324.451904,54.420166,1

0.086548,0.981567,1.795654,-45.809937,-205.372314,79.322510,1

-0.074463,1.914551,2.427246,87.124634,-157.520752,40.260010,1

0.044800,2.314453,3.183228,79.373169,-77.747803,58.692627,1

0.181274,1.608765,2.275024,30.667114,53.355713,-28.892822,0

0.503540,0.917603,1.611816,-58.139038,113.292236,-23.826904,0

0.320557,0.433716,0.974243,-71.200562,96.446533,2.723389,0

0.427856,0.177979,0.652832,-34.213257,128.856201,-2.037354,0

0.431274,0.159424,0.446777,-15.109253,143.504639,-11.558838,0

0.499634,0.119873,0.331177,-41.415405,122.630615,-22.239990,0

0.391113,0.110352,0.261719,-53.134155,72.642822,-11.192627,0

0.494141,0.119629,0.267944,-61.190796,28.209229,-18.394775,0

0.286499,0.162598,0.710571,-89.511108,-101.124268,-61.485596,0

0.282104,-0.170166,1.119995,-72.055054,-128.773193,-16.685791,0

-0.386230,0.616455,1.321899,-63.571167,-66.334229,57.166748,0

-0.196899,0.288940,1.292358,-67.355347,-77.991943,-51.536865,0

-0.331543,0.430420,1.412964,-33.847046,-23.731689,-33.470459,0

-0.049561,0.065186,1.179077,-2.536011,0.865479,-55.260010,0

-0.115234,0.308838,1.307861,15.347290,19.420166,-36.522217,0

0.101807,0.021240,1.166870,-2.474976,40.904541,-68.016357,0

0.054321,-0.176392,1.010010,-7.479858,21.922607,-78.453369,0

-0.098999,-0.264648,0.695801,22.793579,24.974365,-25.718994,0

-0.109619,-0.255249,0.887329,40.798950,22.960205,-23.948975,0

-0.177856,-0.235474,0.791382,23.098755,15.330811,2.967529,0

0.031250,-0.215088,0.924316,15.896606,15.513916,28.419189,0

-0.033081,-0.096802,0.839722,-5.526733,8.189697,29.029541,0

0.044067,-0.180908,0.916870,-25.729370,-23.609619,35.438232,0

0.146851,-0.166992,1.048462,-7.785034,-22.388916,68.153076,0

-0.042114,0.003418,0.884155,3.750610,-11.036377,87.440186,0

0.158203,0.018921,1.144165,19.558716,-30.628662,101.722412,0

0.295654,0.167969,1.311890,26.150513,-0.416260,86.646729,0

0.179443,0.157227,0.822998,20.962524,23.448486,79.200439,0

0.236572,0.170288,0.839722,32.437134,18.931885,74.500732,0

0.232422,0.269531,0.859741,21.755981,13.377686,77.430420,0

0.209961,0.304077,0.801270,33.901978,3.734131,58.448486,0

0.181030,0.325562,0.902222,30.850220,-22.327881,46.424561,0

0.265503,0.323608,0.958862,21.878052,-33.802490,26.954346,0

0.269775,0.259888,1.008545,27.432251,-39.539795,15.296631,0

0.260864,0.288330,1.077881,24.502563,-37.830811,17.677002,0

0.219482,0.286865,1.017456,23.892212,-25.684814,21.156006,0

0.233398,0.306885,1.003662,23.892212,-7.984619,25.367432,0

0.231934,0.317505,0.951050,20.718384,-1.820068,20.118408,0

0.273315,0.360596,0.932861,15.896606,3.123779,15.723877,0

0.280396,0.332397,0.872437,11.318970,3.184814,8.094482,0

0.355713,0.351685,0.940308,16.751099,4.527588,11.390381,0

0.342529,0.414917,0.876831,18.582153,14.781494,12.855225,0

0.333862,0.377563,0.787842,13.516235,10.692139,9.132080,0

0.311523,0.418945,0.833374,12.173462,7.579346,0.159912,0

