ax,ay,az,rx,ry,rz,label
0.020996,-0.021729,1.001465,-0.109863,0.017090,0.031128,0

0.022461,-0.022339,1.000488,-0.048828,-0.104980,0.031128,0

0.018066,-0.023804,0.997192,-0.109863,-0.104980,0.031128,0

0.019165,-0.025635,1.001465,-0.048828,0.200195,0.031128,0

0.024536,-0.021729,1.002808,0.012207,0.017090,0.031128,0

0.023560,-0.023315,1.000488,-0.048828,0.017090,-0.029907,0

0.023438,-0.023560,1.002686,-0.048828,0.017090,0.092163,0

0.017822,-0.025635,0.998779,0.073242,-0.227051,-0.029907,0

0.016968,-0.023560,1.002930,-0.048828,0.017090,0.031128,0

0.022583,-0.022827,1.003296,-0.048828,0.078125,0.031128,0

0.021973,-0.023926,0.999878,0.073242,0.017090,0.092163,0

0.017578,-0.025513,1.003784,-0.048828,-0.043945,-0.029907,0

0.022461,-0.025024,1.002441,0.012207,0.017090,0.031128,0

0.024536,-0.023682,1.002563,-0.048828,0.017090,-0.029907,0

0.020996,-0.022949,1.002930,-0.048828,0.017090,-0.090942,0

0.024414,-0.022461,1.004150,-0.109863,0.017090,0.092163,0

0.019409,-0.022705,1.004395,-0.048828,0.017090,0.031128,0

0.022583,-0.025024,1.001465,-0.109863,0.017090,0.031128,0

0.024658,-0.023438,1.003052,-0.109863,-0.043945,-0.029907,0

0.024780,-0.020020,1.005127,-0.231934,0.078125,0.031128,0

0.020264,-0.023438,0.999268,-0.476074,0.017090,-0.029907,0

0.021362,-0.027832,1.001343,-0.415039,0.078125,0.031128,0

0.021606,-0.027466,1.001343,-0.109863,0.017090,0.031128,0

0.022583,-0.022705,1.002686,-0.109863,0.017090,0.092163,0

0.022705,-0.027466,1.000610,0.012207,0.017090,0.031128,0

0.023315,-0.024170,1.002563,0.073242,0.017090,0.031128,0

0.018799,-0.024902,1.004395,-0.048828,0.017090,0.092163,0

0.020630,-0.024536,0.999878,0.012207,-0.043945,-0.029907,0

0.020996,-0.026123,1.003296,0.012207,0.017090,0.031128,0

0.024658,-0.025146,1.003906,-0.048828,-0.043945,0.031128,0

0.020020,-0.022461,1.001709,-0.048828,-0.043945,0.031128,0

0.020264,-0.026123,1.002441,0.012207,0.078125,-0.029907,0

0.020996,-0.026489,0.998657,0.012207,0.017090,0.031128,0

0.021973,-0.025879,1.003662,0.012207,0.017090,-0.029907,0

0.023804,-0.023926,1.005005,-0.048828,0.078125,-0.029907,0

0.020874,-0.026611,1.001099,-0.048828,0.078125,-0.029907,0

0.021606,-0.025024,1.002563,0.012207,0.017090,-0.029907,0

0.023560,-0.024048,1.004883,-0.048828,-0.043945,0.092163,0

0.021606,-0.023438,0.992554,2.209473,0.078125,0.031128,0

-0.134033,-0.924438,1.009155,-2.001953,0.139160,14.618530,0

0.640991,2.598633,1.030029,-5.969238,-1.142578,134.491577,0

0.145020,-0.026001,1.017090,-6.518555,2.946777,-1.494751,0

0.052368,-0.206909,0.968018,-20.312500,9.477539,26.825562,0

-0.060791,-0.112305,1.160034,-100.451660,-4.865723,126.068726,0

-0.097412,-0.386963,1.021118,-256.640625,-16.340332,112.946167,0

0.043823,-0.350708,0.754150,-183.947754,-3.217773,74.860229,0

-0.165039,-0.622070,0.883789,-152.758789,-31.232910,39.398804,0

0.004761,-0.765015,0.742920,-183.764648,-35.078125,66.071167,0

-0.171753,-0.866211,0.543091,-102.832031,10.637207,42.206421,0

-0.376587,-1.085815,0.583252,-28.674316,14.970703,-15.410767,0

-0.161255,-0.877686,0.444946,-98.620605,-16.218262,30.609741,0

-0.287720,-0.886108,0.432739,96.203613,-10.480957,4.181519,0

-0.147095,-0.701294,0.344604,80.883789,-10.847168,-2.410278,0

-0.090088,-0.913696,0.499634,89.001465,14.360352,6.195679,0

-0.086548,-0.649658,0.533936,66.784668,2.824707,-7.964478,0

-0.024902,-0.643188,0.717285,192.211914,24.980469,10.529175,0

-0.103394,-0.339844,0.692017,221.691895,3.923340,-6.865845,0

-0.112305,-0.508789,1.232300,96.813965,-143.842773,-5.095825,0

-0.070068,-0.077637,1.147827,190.441895,-96.845703,-84.807739,0

0.327393,0.027100,1.204102,57.690430,-30.134277,-72.295532,0

0.138184,0.142944,0.974243,109.204102,-32.514648,-200.591431,0

-0.138916,0.044800,1.111938,103.710938,-10.664062,-99.212036,0

0.098145,0.296143,0.622803,-17.199707,48.356934,-155.303345,0

0.050171,0.281128,1.018311,-58.032227,22.111816,-134.429321,0

-0.014160,0.229370,0.894165,-306.323242,-2.668457,-121.306763,0

0.168213,-0.327026,0.869751,-281.787109,-29.890137,-101.043091,0

0.256470,-0.518799,0.790283,-284.106445,-12.495117,-127.715454,0

0.024414,-0.679688,0.505737,-236.315918,-26.838379,-67.351685,0

0.210449,-0.889282,0.513428,-226.672363,12.651367,-40.435181,0

-0.068115,-0.962036,0.141846,-177.844238,28.398438,-40.191040,0

0.224365,-0.987793,0.044922,-41.918945,22.600098,-48.186646,0

0.182251,-1.169312,0.265503,203.747559,63.737793,25.055542,0

0.323120,-1.034790,0.707275,178.479004,60.625000,66.498413,0

0.144287,-0.721924,0.774780,385.693359,151.811523,60.272827,0

-0.228394,-0.102051,0.921631,299.816895,179.948730,14.923706,0

-0.163452,-0.012207,1.039429,247.143555,84.245605,63.019409,0

-0.215820,0.188721,0.906006,276.745605,134.660645,-2.471313,0

-0.428711,0.416870,0.656006,173.046875,221.879883,-35.918579,0

-0.643433,0.550781,0.536255,146.435547,155.717773,27.680054,0

-0.688599,0.652222,0.276489,180.249023,120.561523,35.919800,0

-0.656982,0.692627,0.152832,94.006348,72.038574,51.239624,0

-0.708374,0.776245,-0.176880,52.807617,31.999512,129.242554,0

-0.582397,0.496460,-0.131348,140.820312,18.510742,172.943726,0

-0.348999,0.814575,-0.310791,45.239258,71.550293,256.683960,0

0.002808,0.124146,-0.060303,53.173828,155.412598,159.210815,0

-0.059692,0.905762,-0.266113,-38.317871,36.333008,105.682983,0

0.430786,0.598877,-0.168335,-71.093750,151.262207,79.559937,0

0.045898,0.939575,-0.186646,43.408203,128.557129,-50.689087,0

0.212524,0.964722,-0.204468,24.609375,134.416504,-109.893188,0

-0.287354,0.572510,-0.074585,64.526367,-28.242188,-274.810181,0

-0.473999,1.403564,-0.591187,35.961914,-101.972656,-143.584595,0

-0.527222,0.337769,-0.403442,-64.318848,-77.680664,-271.087036,0

-1.044922,1.471924,0.078613,16.918945,-26.166992,-191.130981,0

-0.671143,0.379761,-0.589600,-0.048828,-83.662109,-103.301392,0

-1.100830,0.670654,0.332031,33.337402,-22.687988,-227.507935,0

-0.968994,0.650269,0.174561,-34.716797,-117.475586,-114.043579,0

-1.119507,0.339600,0.075684,-14.086914,-196.455078,-116.790161,0

-0.978027,0.262085,0.244629,-41.918945,-159.284668,-60.454712,0

-0.876465,0.215576,0.324707,-23.913574,-189.741211,-24.993286,0

-0.701050,0.059937,0.387329,25.769043,-196.882324,-0.396118,0

-0.634033,0.029053,0.550049,14.599609,-216.352539,54.291382,0

-0.297241,-0.458618,0.190063,-34.838867,-118.757324,-22.918091,0

-0.149536,-0.084473,0.950684,-36.914062,-131.757812,15.411987,0

0.020752,-0.325073,0.762695,42.126465,-89.155273,28.656616,0

-0.055176,0.153564,1.145752,79.724121,-48.688965,-9.856567,0

-0.067993,0.005615,0.900024,136.608887,3.801270,-84.563599,0

0.036743,0.287842,1.357788,74.230957,-33.613281,-21.148071,0

0.015747,0.413330,1.200684,142.041016,52.568359,-80.901489,0

-0.202515,0.705566,0.806885,212.353516,44.206543,-134.185181,0

-0.237061,0.630615,0.775024,150.769043,39.079590,-144.622192,0

-0.388184,1.025513,0.669189,196.484375,16.862793,-205.718384,0

-0.428101,0.648926,0.355713,174.389648,13.505859,-239.470825,0

-0.479370,0.573242,0.267212,32.116699,-60.590820,-149.321899,0

-0.448608,0.377930,0.085205,28.271484,-73.652344,-153.472290,0

-0.484741,0.267212,0.218994,-21.228027,-96.906738,-122.588501,0

-0.409180,0.202637,0.425415,84.912109,-173.322754,-128.875122,0

-0.373535,0.135986,0.614380,106.945801,-139.020996,-84.563599,0

-0.013916,0.296021,0.627075,73.010254,-180.830078,-68.572388,0

0.000000,0.171387,0.854614,18.994141,-188.093262,-21.636353,0

0.217163,0.211304,1.067749,31.384277,-177.839355,5.890503,0

0.672852,0.249634,1.534058,-26.477051,-161.481934,81.207886,0

0.889404,-0.211060,1.596436,88.879395,47.136230,113.678589,0

0.675659,0.211914,1.159668,28.393555,108.842773,254.120483,0

0.655396,0.284180,1.215210,81.494141,195.756836,249.298706,0

0.379517,0.677368,0.467041,130.261230,263.627930,245.575562,0

0.220459,0.690430,0.422607,96.875000,208.208008,225.800171,0

0.256348,0.873535,0.226562,143.017578,192.338867,217.804565,0

0.194214,1.083740,0.181519,120.434570,156.633301,143.646851,0

0.250732,0.962158,-0.014404,154.553223,139.787598,126.129761,0

0.262939,1.158936,-0.131836,200.939941,102.189941,103.119507,0

0.219849,1.085449,-0.358032,249.523926,94.865723,56.793823,0

0.213623,1.245117,-0.871216,230.603027,35.173340,-1.677856,0

0.277222,1.100342,-0.663696,171.948242,-31.171875,-107.024536,0

0.011230,0.894897,-0.984375,-6.518555,-140.180664,-246.917114,0

0.019409,0.732422,-0.708130,140.332031,-311.994629,-193.572388,0

-0.349731,0.710571,-0.627808,48.901367,-359.479980,-140.227661,0

-0.352783,0.354858,-0.329346,99.621582,-419.294434,-166.106567,0

-0.300781,0.105835,-0.128052,12.219238,-396.711426,-79.375610,0

0.072632,0.024780,0.364624,0.012207,-361.799316,42.511597,0

0.057129,-0.119995,0.347778,-7.556152,-298.627930,86.945190,0

0.740601,0.354370,0.919434,42.492676,-272.077637,95.307007,0

0.758301,0.414307,0.573608,92.358398,-250.959473,67.841187,0

1.197998,0.678223,0.940308,114.636230,-145.856934,-9.490356,0

1.218140,0.556396,0.583984,127.087402,-115.949707,17.792358,0

1.386841,0.688354,0.603638,157.727051,-64.741211,51.605835,0

1.082275,1.046753,0.367554,188.671875,12.346191,-24.321899,0

1.092163,0.795166,0.310791,83.874512,60.991211,6.317749,0

0.821167,1.042114,0.246216,103.894043,169.206543,-23.345337,0

1.049072,0.614624,0.219482,59.338379,191.118164,5.524292,0

0.638306,0.820190,0.124390,44.201660,268.754883,-45.745239,0

0.337524,0.938354,0.185913,5.017090,261.186523,-83.526001,0

0.143311,0.729980,0.125854,-13.354492,224.199219,-29.265747,0

0.024536,1.019897,0.305786,-26.354980,209.978027,-43.547974,0

-0.313477,0.756714,0.091187,-11.096191,232.561035,-83.587036,0

-0.488892,1.002930,0.140137,-33.129883,175.249023,-34.819946,0

-0.934326,0.936157,-0.025024,-99.780273,183.916016,-79.131470,0

-1.232544,0.635376,-0.248779,-77.990723,49.577637,-60.393677,0

-0.934326,0.511475,-0.239136,-89.099121,-65.900879,-97.380981,0

-0.666992,0.157349,-0.306885,-32.641602,-117.841797,-168.914185,0

-0.334229,0.192993,-0.036743,15.942383,-146.345215,-114.714966,0

-0.417969,0.136475,0.083374,38.830566,-172.285156,-40.191040,0

-0.261230,0.287231,0.177490,28.820801,-209.821777,-24.321899,0

0.726196,0.383545,0.595215,-163.562012,-230.695801,-39.519653,0

0.159302,0.185303,0.743042,-26.354980,15.092773,-122.832642,0

0.517334,-0.277954,1.553345,127.880859,36.943359,-76.079712,0

0.102051,-0.071655,1.489502,-99.902344,71.916504,-20.171509,0

0.677368,-1.104980,2.712646,101.757812,-153.791504,-14.739380,0

0.312744,0.862061,1.931274,-31.726074,58.122559,126.740112,0

0.036499,-0.008057,1.413696,-27.941895,6.364746,71.564331,0

-0.227539,-0.064453,1.328491,-30.932617,13.261719,119.843140,0

0.241577,0.034790,1.133545,121.533203,40.056152,110.443726,0

0.018066,0.335205,1.252930,-36.486816,33.464355,112.885132,0

0.150635,0.203735,0.867676,-21.228027,33.769531,113.434448,0

-0.082886,0.317261,0.815796,-10.119629,77.592773,123.200073,0

0.225098,0.212280,0.510010,-62.731934,65.141602,120.880737,0

-0.208984,0.443604,0.697632,44.445801,52.446289,170.258179,0

0.001587,0.132812,0.684814,-53.515625,106.767578,160.492554,0

-0.268677,0.874390,0.601562,164.440918,241.594238,232.819214,0

-0.653198,1.370605,-0.321655,268.872070,190.996094,104.828491,0

-0.621216,1.355835,-1.125977,526.074219,81.682129,16.937866,0

0.258667,0.738647,-0.630249,-112.048340,-92.390137,-28.777466,0

0.037720,0.961060,-0.629517,-66.149902,-331.098633,-91.582642,0

0.617798,0.340942,0.079102,-220.141602,-377.424316,-155.913696,0

0.593628,0.513062,0.220215,-115.832520,-279.523926,-213.652954,0

1.042358,-0.013184,0.728882,11.486816,-219.465332,-214.690552,0

1.037720,0.248657,1.206299,75.024414,-180.219727,-197.234497,0

0.805542,0.360229,1.598267,89.611816,-160.993652,-160.430298,0

0.507324,0.714966,1.900146,118.237305,-135.786133,-98.845825,0

0.743164,0.539307,2.038330,85.400391,-132.551270,-75.530396,0

0.701294,0.806885,1.942993,105.847168,76.677246,-113.616333,0

0.816772,0.870483,1.590088,-143.908691,120.439453,-15.288696,0

0.724487,0.763062,1.225952,-50.585938,301.286621,-59.234009,0

0.606567,0.831909,0.750854,-98.498535,392.656250,-111.663208,0

0.632324,0.595947,0.048706,27.722168,584.916992,-213.103638,0

0.428955,0.618286,-0.572510,-130.664062,433.000488,-191.069946,0

0.136719,0.123901,-1.505371,-140.673828,252.641602,-178.801880,0

0.112427,-0.258057,-2.039795,-155.871582,54.399414,-82.915649,0

0.063843,-0.275879,-1.916504,-31.848145,-68.708496,-1.372681,0

0.092407,-0.191772,-1.141235,53.112793,-247.358398,77.240601,0

0.137939,0.379883,-0.534668,-20.068359,-485.273438,123.505249,0

0.291626,0.527100,0.040405,-21.594238,-539.777832,45.380249,0

0.761353,0.214111,0.473389,-20.556641,-550.397949,1.007690,0

1.093872,0.322144,0.982788,-2.612305,-450.117188,-68.694458,0

1.007935,0.510010,0.895508,102.612305,-197.492676,-12.725220,0

1.155518,0.637939,0.896118,90.405273,-165.876465,-53.496704,0

1.221313,0.761841,0.840210,103.955078,-122.602539,-14.983521,0

1.159546,0.571167,0.834106,54.760742,-119.001465,3.082886,0

1.159546,0.670776,0.712524,22.961426,-87.629395,-6.865845,0

0.989014,0.620117,0.849121,55.676270,-42.890625,20.905151,0

0.789307,0.506104,0.722900,-27.331543,-41.059570,15.350952,0

0.721436,0.818359,1.102783,10.021973,-24.213867,7.416382,0

1.051758,1.059570,1.380127,-15.002441,50.249023,-43.364868,0

1.248291,0.861328,1.197144,-54.675293,150.102539,-82.793579,0

1.258301,0.952148,1.107544,-59.558105,208.757324,-62.590942,0

1.237793,0.964600,1.040039,-15.612793,335.161133,-123.870239,0

1.085205,0.736328,0.852295,-3.710938,392.290039,-161.528931,0

0.901123,0.858276,0.654297,-32.092285,404.619141,-188.811646,0

0.715454,0.607300,0.389282,-21.472168,445.390625,-170.195923,0

0.483032,0.746460,-0.093140,-92.028809,443.498535,-188.262329,0

0.253540,0.341919,-1.034424,-114.184570,321.733398,-216.826782,0

0.041138,-0.204468,-2.075806,-226.000977,28.947754,-134.002075,0

-0.078613,-0.335693,-2.021973,-56.933594,-3.583984,-69.732056,0

-0.047363,-0.238770,-1.497070,43.103027,-145.979004,1.068726,0

-0.115601,-0.042725,-0.830811,90.039062,-199.628906,63.324585,0

-0.007568,0.059204,-0.556396,20.642090,-324.140625,84.381714,0

0.081177,0.365112,-0.082886,59.216309,-371.809082,84.808960,0

0.431763,0.436523,0.358887,38.342285,-420.393066,60.333862,0

0.597046,0.273193,0.693848,-11.523438,-405.683594,32.807007,0

0.800415,0.777710,0.986694,78.808594,-299.787598,36.286011,0

1.369019,0.628540,0.864868,76.123047,-241.560059,54.230347,0

1.320923,0.863403,1.302734,100.109863,-233.015137,63.812866,0

0.986206,0.740967,0.581787,60.681152,-48.994141,20.172729,0

1.246216,0.570801,0.908569,118.481445,-150.312500,27.252808,0

0.943726,0.855225,0.893799,124.218750,-61.506348,61.005249,0

0.822998,0.681519,0.858643,94.494629,-21.345215,38.605347,0

0.760132,0.849854,0.924316,-44.482422,-38.557129,8.637085,0

0.904297,0.622314,0.627441,-27.697754,20.463867,-5.950317,0

0.991211,0.573364,0.703857,-56.140137,17.045898,-12.603149,0

1.239380,0.714722,0.912598,-50.769043,62.089844,-29.082642,0

1.464966,0.733765,1.153564,-26.171875,151.689453,-60.332642,0

1.405151,0.701050,0.959473,-54.309082,238.298340,-51.116333,0

1.243652,0.825317,1.043945,-53.210449,254.838867,-58.989868,0

1.155273,0.577026,0.956055,-40.942383,322.038574,-80.901489,0

0.901489,0.813477,0.697021,-32.458496,391.130371,-105.620728,0

0.721802,0.453857,0.632568,-24.890137,375.444336,-111.296997,0

0.438110,0.610352,0.134888,-95.446777,405.534668,-117.095337,0

0.113892,0.539185,-0.476318,-69.628906,409.746094,-158.660278,0

-0.251953,-0.033325,-1.732178,-200.732422,121.599121,-136.687622,0

-0.409790,-0.176392,-1.741699,-129.138184,21.318359,-89.324341,0

-0.308960,-0.246948,-1.802979,-6.335449,-78.474121,-26.580200,0

-0.148682,-0.119995,-1.159668,81.066895,-178.022461,29.205933,0

-0.011597,0.204590,-0.752930,112.683105,-269.636230,58.991089,0

0.269897,0.442993,-0.299072,104.321289,-375.532227,53.131714,0

0.575439,0.870972,0.132568,90.649414,-434.553223,5.524292,0

1.112549,0.582764,0.656738,68.066406,-504.621582,-68.938599,0

1.203613,0.848999,1.100586,69.836426,-344.282227,-42.449341,0

1.485352,0.371704,1.054443,158.398438,-174.909668,-74.187622,0

1.226074,1.054077,0.853760,134.106445,-134.809570,-16.997681,0

1.232300,0.646484,1.228271,146.862793,-110.944824,-10.955200,0

0.831665,0.737793,0.927490,22.839355,-41.120605,-21.026001,0

0.935913,0.641113,1.274170,35.534668,-12.189941,-24.627075,0

0.610107,0.785278,1.170044,7.580566,61.296387,37.445679,0

0.346436,0.734009,1.100586,-17.138672,83.146973,67.597046,0

0.462646,0.394531,0.890015,-28.552246,94.987793,93.842163,0

0.499268,0.427124,0.864136,-44.543457,87.236328,28.107300,0

0.614136,0.501953,0.842896,-71.887207,99.687500,44.953003,0

0.480957,0.276855,0.834717,-56.201172,62.211914,22.369995,0

0.470947,0.409302,0.800659,-84.521484,56.779785,47.455444,0

0.308960,0.166260,0.736572,79.663086,54.216309,26.825562,0

0.198608,0.398315,0.712402,48.107910,98.771973,16.693726,0

0.197266,0.437134,0.800293,-76.159668,11.613770,15.961304,0

0.089111,0.298828,0.715088,-33.129883,46.159668,65.521851,0

0.101196,0.265747,0.723999,-19.396973,33.220215,11.139526,0

0.164429,0.333130,0.918335,-16.589355,-9.809570,53.681030,0

0.126587,0.333984,0.921997,-6.701660,-13.349609,-3.447876,0

0.283081,0.226074,0.906982,-11.645508,-22.138672,51.849976,0

0.250732,0.319702,0.883057,19.299316,-32.270508,12.604370,0

0.219849,0.379639,0.813843,9.472656,-21.955566,13.580933,0

0.369995,0.294189,0.805908,20.336914,-41.242676,-9.002075,0

0.359863,0.340698,0.793457,34.069824,-35.444336,-17.241821,0

0.606812,0.196411,0.986572,28.332520,-43.989258,-6.438599,0

0.536865,0.289062,0.870361,33.459473,-20.307617,-3.264771,0

0.503174,0.205566,0.933594,8.923340,-15.180664,-4.973755,0

0.474121,0.256348,0.918457,23.205566,-24.335938,-9.673462,0

0.503784,0.328735,0.898071,26.501465,-31.477051,-16.631470,0

0.510254,0.299194,0.839722,0.866699,-31.965332,-27.068481,0

0.445801,0.459961,0.895142,7.519531,-29.157715,-37.566528,0

0.532471,0.317993,0.802368,-39.111328,-33.247070,-48.003540,1

0.463013,0.360596,0.788452,14.721680,-10.358887,-28.045044,1

0.444946,0.212646,0.696533,5.505371,-60.957031,-20.049438,1

0.394165,0.397705,0.425781,-10.424805,-69.196777,20.722046,1

0.506348,-0.006592,0.079590,-12.011719,6.425781,-4.424438,1

0.644165,0.339355,0.635498,3.918457,1.054688,3.143921,1

0.471313,1.045288,1.895264,-45.458984,23.881836,-46.416626,1

0.564087,1.850708,3.771484,-72.070312,76.738281,-22.734985,1

1.264648,1.475098,3.440308,-125.170898,155.778809,-33.782349,1

1.336670,1.042969,2.804443,-99.780273,220.170898,-20.964966,1

1.063477,0.499146,1.718018,-85.559082,251.054688,-43.731079,1

0.868896,0.014404,0.973999,-68.713379,252.885742,-1.067505,1

1.105103,-0.006714,0.470703,-19.152832,266.069336,-9.124146,1

1.345825,-0.139893,0.482788,18.688965,224.443359,-6.926880,1

1.327637,0.025757,0.687866,107.861328,240.190430,-38.543091,1

1.249756,-0.172607,0.623291,18.078613,233.964844,-33.294067,1

1.314087,0.256226,0.970337,29.858398,257.707520,-68.145142,1

1.224609,0.347656,0.339844,-18.115234,219.987793,-151.702271,1

-0.158325,0.032959,-2.893555,40.234375,253.251953,-160.857544,1

-1.418335,-1.201172,-3.997559,-132.434082,-60.529785,-71.990356,1

-0.809814,-0.893188,-3.903320,-80.676270,-208.112793,25.116577,1

0.274780,0.263672,-2.365112,23.205566,-241.682129,124.725952,1

1.679077,1.317017,0.361328,55.249023,-301.862793,136.810913,1

1.568237,0.482910,0.855469,82.409668,-214.521484,-3.569946,1

1.466309,-0.115601,-0.021606,69.165039,-219.892578,-6.255493,1

1.744629,0.103516,0.616333,17.529297,-311.079102,-3.020630,1

1.635864,-0.113770,0.884644,5.566406,-261.762695,-8.880005,1

1.449951,-0.043823,0.922729,90.466309,-217.695312,45.136108,1

0.955078,0.205566,1.317139,34.375000,-229.780273,68.634644,1

1.461670,0.184570,1.423828,12.768555,-246.076660,75.653687,1

2.695068,0.898315,2.250244,98.034668,-290.266113,16.388550,1

3.592407,1.712646,2.562500,196.850586,-269.514160,101.593628,1

1.793579,1.416138,2.891846,155.041504,-177.778320,112.274780,1

0.613770,1.532959,2.300293,127.331543,-6.574707,108.246460,0

0.069336,0.613281,0.379272,37.854004,94.133301,7.111206,0

0.599976,0.016357,0.274780,127.148438,118.791504,-23.284302,0

0.810913,0.144775,0.219116,-75.122070,99.077148,-11.992798,0

1.081665,0.083496,0.118408,-31.420898,103.349609,-66.680298,0

1.195312,0.278198,0.340698,-65.661621,37.370605,-4.485474,0

1.016113,0.255737,0.303101,-12.255859,16.008301,-39.763794,0

0.657837,0.062744,0.265259,-21.960449,-15.485840,-19.683228,0

0.634399,0.211426,0.139648,31.323242,-10.541992,1.434937,0

0.833618,0.203247,0.332886,25.219727,-52.473145,-5.950317,0

0.893799,0.457397,0.519043,53.662109,-44.538574,-7.354126,0

1.008667,0.185547,0.505737,27.905273,-56.684570,-2.227173,0

0.839966,0.455566,0.531128,37.976074,-33.613281,19.135132,0

0.843384,0.383545,0.546265,52.197266,-25.373535,24.323120,0

0.841064,0.445557,0.480347,31.933594,-14.082031,9.552612,0

0.990479,0.325317,0.480469,19.787598,-4.682617,-10.405884,0

0.911499,0.245117,0.401489,14.660645,13.994141,2.716675,0

0.783203,0.426392,0.311157,-4.321289,20.585938,17.731323,0

0.716064,0.207520,0.119385,4.895020,12.468262,-12.969360,0

0.676514,0.279907,0.211182,9.655762,10.026855,-7.171021,0

0.578247,0.212158,0.197021,8.007812,7.036133,4.730835,0

0.690918,0.484253,0.351074,-21.044922,7.585449,-31.463013,0

0.601929,0.884155,0.898560,-119.311523,36.210938,-61.370239,1

0.939453,1.553223,1.700317,-86.718750,52.690430,-102.752075,1

1.414062,1.730225,2.723633,-111.926270,82.719727,-120.452271,1

2.097046,1.951416,3.312134,-87.817383,214.372559,-84.990845,1

2.117676,1.115845,2.293091,-84.460449,232.438965,-82.427368,1

1.313843,0.601074,1.359253,-97.033691,243.364258,-49.224243,1

0.932373,0.149292,0.576904,-20.617676,255.632324,-33.904419,1

0.948853,-0.031250,0.286011,23.510742,237.687988,-50.628052,1

1.263550,-0.086182,0.952881,115.673828,239.519043,-104.644165,1

1.380127,0.061401,0.828125,14.355469,203.386230,-120.696411,1

1.567627,-0.132568,0.765869,56.774902,256.853027,-145.903931,1

1.377563,0.482056,0.982666,-25.805664,253.862305,-140.105591,1

1.139038,0.327271,-0.595337,47.924805,216.264648,-169.097290,1

0.062622,-0.551270,-2.879883,-88.549805,121.049805,-241.118774,1

-0.454346,-2.228394,-3.997559,-7.128906,-89.460449,-75.530396,1

-0.723511,-0.772583,-3.562256,-66.760254,-196.943359,152.557983,1

0.267334,-0.133423,-2.203247,7.397461,-234.846191,113.800659,1

1.809570,0.836426,-0.192017,88.696289,-196.699219,165.680542,1

2.182495,0.907837,1.149292,110.485840,-240.095215,85.114136,1

1.715332,0.396118,1.416260,9.960938,-228.376465,108.856812,1

1.858765,0.124756,1.089111,15.942383,-316.267090,50.202026,1

1.852417,-0.055176,1.586914,-32.824707,-388.898926,7.782593,1

1.401489,-0.106079,1.168945,13.012695,-297.956543,39.337769,1

1.033447,-0.162231,1.555786,36.206055,-321.333008,37.567749,1

2.512329,1.048584,2.427124,158.093262,-321.516113,110.748901,1

3.175781,1.570435,2.431519,182.934570,-172.224121,46.234741,1

2.379028,2.071533,2.608643,294.262695,-60.773926,161.347046,1

0.921143,1.439453,1.259521,74.475098,64.775391,-8.452759,0

0.943481,0.203369,0.686279,1.416016,110.551758,-15.960083,0

0.220825,-0.091919,0.136230,20.092773,127.641602,63.995972,0

0.438354,0.141724,0.249023,17.590332,141.496582,28.656616,0

0.932739,0.288818,0.027466,-9.631348,103.166504,-10.650024,0

0.959595,0.234131,0.530884,58.666992,-44.538574,-78.276978,0

0.998901,-0.037964,0.598877,-47.717285,-9.077148,-63.628540,0

0.899414,0.095825,0.227539,-49.060059,35.478516,-17.424927,0

0.864868,0.119873,0.233276,-17.504883,-21.162109,-1.250610,0

0.810181,0.190918,0.484741,27.844238,-39.350586,16.510620,0

0.729126,0.374634,0.569580,18.933105,-34.040527,21.637573,0

0.905884,0.312744,0.593750,14.050293,-42.341309,-0.640259,0

0.868164,0.412842,0.669434,20.764160,-37.946777,19.379272,0

0.790039,0.401367,0.618408,26.379395,-16.157227,9.857788,0

0.769287,0.418213,0.680054,36.572266,-9.321289,13.825073,0

0.772095,0.458740,0.610107,30.346680,13.811035,-7.598267,0

0.836914,0.292358,0.508179,27.233887,5.266113,-15.654907,0

0.935303,0.232300,0.440063,35.107422,16.618652,-8.086548,0

0.866089,0.265015,0.414062,42.431641,19.731445,10.529175,0

0.866455,0.295166,0.450195,26.806641,16.862793,17.548218,0

0.897095,0.241089,0.378174,-0.781250,2.946777,11.505737,0

0.732544,0.208008,0.282349,-11.462402,-2.485352,17.304077,0

0.472900,0.458008,0.376465,-1.086426,-10.297852,-13.274536,0

0.348022,0.384399,0.457397,-99.230957,-26.350098,-74.004517,1

0.223633,1.066650,0.837646,-128.771973,-8.039551,-83.892212,1

0.306152,1.196533,1.012451,-126.452637,26.445312,-126.067505,1

0.754150,1.683228,2.265137,-103.320312,27.055664,-135.344849,1

1.447998,2.016724,3.262085,-24.340820,132.402344,-149.993286,1

2.248169,1.778931,2.837036,-83.911133,164.995117,-127.288208,1

1.709717,1.043701,2.015015,-38.317871,202.043457,-89.568481,1

1.195312,0.616455,1.365479,-6.823730,245.500488,-91.582642,1

0.994263,0.300171,0.721802,-34.228516,252.397461,-95.122681,1

1.644531,0.102417,0.994263,46.582031,257.463379,-124.236450,1

1.513184,-0.037231,0.906250,-28.369141,261.430664,-123.381958,1

1.498657,0.048462,0.623291,15.270996,283.464355,-84.868774,1

1.349243,0.521973,0.699463,-56.933594,245.927734,-172.698364,1

1.263672,0.119019,-0.419312,-92.028809,147.233887,-122.893677,1

0.176147,0.183228,-1.839966,-72.863770,90.227051,-112.029419,1

-0.842285,-0.776733,-3.997559,-108.630371,-28.364258,-86.089478,1

-1.629272,-0.927979,-3.756836,-118.762207,-144.453125,33.722534,1

-0.750366,0.141846,-2.971069,-29.162598,-144.819336,102.875366,1

1.888428,0.746704,-0.477905,61.657715,-250.776367,92.011108,1

1.800781,0.665649,1.338989,22.839355,-221.662598,65.277710,1

1.525513,0.031860,0.447754,-8.349609,-227.033691,60.333862,1

1.595215,0.033569,0.618896,52.563477,-287.397461,49.957886,1

1.858887,-0.065063,0.777832,18.017578,-381.635742,27.313843,1

1.642212,0.052856,0.981689,26.440430,-342.817383,71.381226,1

1.738403,-0.353760,1.368164,-19.702148,-316.877441,43.915405,1

2.132812,0.190918,1.466919,-28.125000,-332.990723,64.728394,1

3.385742,0.721558,2.029053,33.215332,-269.147949,15.778198,1

3.794678,1.586182,2.785645,178.906250,-181.562500,-41.045532,0

1.782471,1.407959,3.102417,126.965332,-32.575684,96.222534,0

0.597168,1.078491,1.601440,28.698730,132.768555,-33.782349,0

0.852295,-0.063843,0.536865,43.896484,156.145020,-6.865845,0

0.651001,0.075317,0.284912,12.829590,160.295410,18.829956,0

0.777710,-0.015259,0.127808,53.417969,154.680176,6.073608,0

0.883667,0.072144,0.082153,18.017578,128.312988,18.707886,0

0.965088,0.130249,0.082642,0.439453,88.090820,-4.119263,0

0.988403,0.085327,0.233643,-16.345215,50.859375,-20.964966,0

0.940063,-0.006714,0.265259,-37.402344,-19.270020,-8.574829,0

0.805054,0.137085,0.420044,-5.847168,-36.115723,19.074097,0

0.700317,0.172241,0.486572,-12.133789,-52.167969,9.430542,0

0.722778,0.158447,0.558594,13.623047,-50.703125,21.576538,0

0.749146,0.230713,0.558594,13.134766,-56.745605,29.999390,0

0.819092,0.392334,0.625366,30.773926,-57.233887,23.529663,0

0.984497,0.430054,0.645630,54.028320,-68.220215,17.853394,0

0.920410,0.395020,0.680786,36.999512,-58.149414,6.195679,0

0.625854,0.514404,0.725464,27.783203,-35.017090,9.308472,0

0.379517,0.286011,0.456055,-1.757812,2.702637,-6.804810,0

0.247925,0.274292,0.315308,-14.147949,14.909668,-10.711060,0

0.659668,0.103882,0.134644,-3.771973,-0.654297,-22.673950,0

0.926392,0.243896,0.259033,-31.359863,-23.359375,-30.181274,0

1.781616,1.321655,0.951660,42.248535,-44.355469,-14.434204,1

2.212769,2.876099,2.433960,-145.556641,-56.867676,-152.434692,1

2.163452,1.826660,2.992554,-99.658203,92.485352,-115.691528,1

1.884766,1.060669,2.231567,-109.057617,216.325684,-110.015259,1

1.660400,0.590454,1.403320,-85.009766,330.888672,-96.465454,1

2.081787,0.289551,1.052124,-41.552734,382.890625,-110.442505,1

2.235474,0.115356,1.055786,-7.373047,362.565918,-137.725220,1

1.982666,-0.095825,0.841919,-26.904297,348.833008,-136.382446,1

1.629883,0.187256,0.639404,17.285156,318.986816,-127.654419,1

1.538696,0.493408,0.842896,70.751953,258.745117,-161.773071,1

0.985718,0.405151,-0.337402,68.127441,181.230469,-171.965942,1

0.365845,-1.131104,-3.404785,-186.938477,64.165039,-176.726685,1

-0.684082,-2.060303,-3.997559,-71.398926,6.608887,18.402710,1

-0.031616,-0.866455,-2.761719,-55.529785,-118.391113,145.905151,1

1.051514,0.737915,0.005615,-44.909668,-191.206055,187.286987,1

1.118042,0.665039,1.057983,-26.416016,-167.158203,146.820679,1

0.941162,0.182129,0.782471,-110.400391,-247.907715,105.499878,1

0.723877,0.113525,0.905029,-61.877441,-265.119629,53.619995,1

0.984375,-0.147949,0.573975,-139.208984,-329.633789,-42.510376,1

1.177734,-0.250610,0.544678,-70.483398,-345.136719,-87.249146,1

1.431274,-0.727173,1.338501,57.263184,-306.989746,-44.585571,1

1.987305,-0.191772,1.827881,-1.879883,-410.932617,38.239136,1

3.085449,1.501343,3.340698,325.512695,-294.355469,41.779175,1

2.486450,1.503418,2.373413,45.422363,-209.577637,58.441772,0

1.537842,1.298584,2.816895,105.053711,-53.022461,-4.058228,0

0.376709,0.528198,1.391113,15.759277,118.852539,7.355347,0

0.393799,0.158447,0.511108,-4.809570,174.943848,-6.865845,0

0.511719,-0.023560,0.208130,4.406738,170.488281,-1.921997,0

0.874268,0.050415,0.135620,42.248535,125.688477,3.204956,0

1.308838,0.259277,0.486938,65.563965,71.000977,-9.490356,0

1.110474,0.230957,0.392578,32.604980,79.667969,0.519409,0

0.794067,0.128174,0.393555,-22.143555,4.716797,18.036499,0

0.474365,0.210693,0.334717,-15.979004,6.059570,35.187378,0

0.504639,0.222778,0.323975,-8.044434,-7.429199,23.102417,0

0.638550,0.406372,0.446045,-11.218262,-40.266113,32.135620,0

0.760254,0.309937,0.576782,-12.622070,-80.000000,-21.209106,0

0.754883,0.378296,0.739868,16.064453,-69.685059,14.618530,0

0.686035,0.456787,0.701172,7.641602,-75.544434,2.533569,0

0.614136,0.757935,0.784912,12.524414,-66.938477,-5.645142,0

0.721924,0.691162,0.800415,23.815918,-77.009277,-38.176880,0

0.705933,0.728149,0.911621,27.844238,-43.012695,-36.406860,0

0.752075,0.390381,0.680420,-26.721191,-36.176758,-63.628540,0

0.533447,0.268311,0.674072,-28.796387,-2.668457,-32.866821,0

0.252930,0.155762,0.403442,-61.938477,42.009277,-24.138794,1

0.636353,0.828125,1.028931,-66.577148,4.045410,-40.007935,1

1.010132,1.768188,2.362183,-26.843262,62.883301,-88.469849,1

2.154053,1.611938,2.322754,-88.610840,194.719238,-71.257935,1

1.991699,1.399170,2.422119,-18.054199,255.327148,-106.047974,1

1.307251,0.639526,1.568115,-62.670898,286.455078,-99.089966,1

0.958252,0.030762,0.773315,-50.036621,303.666992,-82.488403,1

1.106689,-0.058594,0.519531,-22.021484,346.269531,-94.573364,1

1.198608,0.325806,0.590454,6.237793,375.505371,-110.381470,1

1.071411,0.538208,0.476562,-41.064453,347.856445,-168.120728,1

0.996460,0.485107,0.048462,-6.701660,323.015137,-138.884888,1

0.776611,0.331543,-1.143433,39.807129,208.757324,-230.620728,1

0.870850,-0.806030,-2.202759,3.491211,60.502930,-95.488892,1

0.283447,-0.965332,-2.654907,-3.771973,-105.085449,53.009644,1

0.129517,-0.220337,-2.244751,40.051270,-233.137207,158.722534,1

1.272949,1.052124,-0.451416,25.952148,-503.461914,149.567261,1

1.985840,1.134399,0.986206,123.608398,-460.432129,-3.264771,1

1.632812,0.719849,1.444946,176.953125,-355.268555,23.651733,1

1.560303,0.083984,1.618530,138.073730,-340.620117,41.840210,1

1.107544,0.039551,1.209717,147.167969,-220.991211,39.215698,1

0.843994,-0.048340,1.249023,79.479980,-219.282227,100.494995,1

1.979004,0.620361,1.427979,36.938477,-275.129395,147.186890,1

2.401367,1.373901,2.102539,108.532715,-146.223145,140.106812,0

1.776245,1.386841,2.460571,88.879395,-113.020020,63.873901,0

0.696289,1.214600,1.850098,90.222168,-46.186523,102.814331,0

0.047119,0.775024,1.202881,3.918457,82.536621,-45.134888,0

0.432373,0.063843,0.596191,-2.612305,98.833008,-96.770630,0

0.742188,0.082886,0.350952,-6.701660,128.435059,-42.144165,0

1.046021,0.282959,0.251343,12.646484,118.120117,-19.744263,0

1.520264,0.546875,0.312500,31.445312,79.851074,-24.016724,0

0.809692,0.189087,0.437378,23.449707,18.937988,12.726440,0

0.586426,0.306274,0.397461,-10.119629,56.718750,32.440796,0

0.616577,0.276245,0.178345,-12.255859,46.647949,7.233276,0

0.726685,0.327515,0.320923,14.538574,-23.115234,22.980347,0

0.554688,0.426636,0.492188,15.026855,-46.857910,27.680054,0

0.672729,0.479370,0.689331,37.731934,-39.777832,6.317749,0

0.702271,0.524414,0.688721,21.374512,-37.092285,18.219604,0

0.685913,0.491089,0.638062,20.214844,-33.002930,12.909546,0

0.636230,0.516968,0.578857,20.764160,-26.655273,17.670288,0

0.691772,0.510376,0.542480,21.679688,-33.979492,0.397339,0

0.770996,0.521851,0.580688,27.783203,-34.040527,-1.433716,0

0.815674,0.449585,0.591187,27.111816,-24.824219,-2.837524,0

0.800903,0.472046,0.581909,26.257324,-5.964355,3.082886,0

0.771851,0.470825,0.531128,12.646484,-4.255371,-4.363403,0

0.648804,0.354980,0.525757,6.726074,3.862305,5.646362,0

0.480835,0.346069,0.473267,-5.175781,25.529785,-13.152466,0

0.552002,0.297607,0.340942,-26.599121,20.219727,9.308472,0

0.376831,0.794434,0.429688,13.256836,37.797852,4.059448,1

0.791382,0.911621,1.055664,-31.665039,-11.274414,-68.633423,1

1.018677,1.813965,2.012085,-27.087402,73.381348,-88.652954,1

1.355469,1.892578,2.935181,-55.285645,176.774902,-51.543579,1

0.610596,1.839355,2.590210,-38.928223,234.392090,-90.239868,1

0.385010,1.453735,2.039551,-52.600098,221.452637,-134.490356,1

0.802124,0.706543,1.233032,-31.909180,253.251953,-128.753052,1

1.428345,0.409546,0.968506,20.947266,272.111816,-137.786255,1

1.609375,0.424805,1.257690,-37.036133,210.588379,-153.960571,1

1.751465,0.243408,1.080078,-8.837891,257.890625,-126.311646,1

1.551392,0.696777,1.156860,18.750000,271.074219,-175.811157,1

1.368408,0.536743,0.722534,-8.715820,229.570312,-202.422485,1

1.024902,0.271484,-0.943848,11.242676,273.637695,-213.897095,1

0.995850,-2.132202,-3.774780,-143.664551,65.202637,-192.778931,1

0.893799,-2.324707,-3.997559,-30.444336,31.145020,33.051147,1

0.913452,-0.094360,-2.913818,12.402344,-127.058105,209.808960,1

1.311401,1.060303,0.043457,52.197266,-182.172852,218.720093,1

0.970459,1.182983,1.409668,-32.092285,-199.873047,198.517456,1

0.920532,0.424805,1.207031,-115.954590,-277.692871,111.054077,1

1.243164,-0.048950,0.716675,-71.337891,-350.812988,45.197144,1

1.340698,0.122314,1.283081,47.314453,-355.878906,93.231812,1

1.309082,0.016357,1.605957,-2.795410,-391.401367,35.980835,1

1.374756,0.305908,1.896484,8.984375,-301.618652,174.164429,1

2.137695,0.734619,2.613403,63.488770,-394.025879,98.297729,1

2.566284,2.585083,3.984253,263.439941,-288.923340,205.780640,0

1.480835,1.034058,2.864258,19.360352,-90.742188,74.494019,0

0.670288,0.871094,1.477539,62.573242,98.833008,122.528687,0

-0.002197,0.296387,-0.016235,102.795410,151.689453,50.385132,0

0.429321,0.395508,0.401001,91.503906,77.287598,18.280640,0

0.873047,0.382812,0.361816,54.943848,74.907227,-41.961060,0

1.060669,0.318481,0.448120,4.650879,17.900391,-51.543579,0

0.964478,0.253906,0.533325,-40.942383,-13.715820,-44.829712,0

0.864990,0.184937,0.414429,-30.261230,13.505859,-30.547485,0

0.755371,0.161499,0.308105,7.214355,9.538574,-5.034790,0

0.635132,0.407837,0.463013,-0.720215,-17.744141,26.093140,0

0.632568,0.362183,0.495117,10.083008,-32.148438,3.632202,0

0.775513,0.447388,0.716797,13.928223,-28.547363,14.923706,0

0.683594,0.543091,0.716553,-0.476074,-22.810059,2.350464,0

0.729248,0.439941,0.613403,-7.678223,-14.204102,-2.166138,0

0.634399,0.539062,0.673096,2.941895,-9.626465,-7.598267,0

0.781250,0.427246,0.625488,-12.255859,-6.391602,-16.570435,0

0.728638,0.418091,0.578003,7.397461,8.989258,-2.776489,0

0.717529,0.342285,0.493530,-6.884766,-2.058105,-0.701294,0

0.699463,0.304321,0.394897,20.825195,5.083008,-6.804810,0

0.796997,0.312378,0.391724,17.712402,-17.988281,-2.593384,0

0.499390,0.253418,0.455566,26.562500,-12.739258,3.143921,0

0.366943,0.194946,0.305420,-27.941895,0.200195,-11.992798,0

0.588135,0.181152,0.231445,-13.171387,-5.354004,-9.734497,1

0.624634,1.270142,0.801270,-50.097656,-5.537109,-41.289673,1

0.896362,2.105347,1.974365,-75.183105,-37.519531,-85.967407,1

1.443848,2.573242,2.762329,-75.488281,68.315430,-106.963501,1

1.312744,1.983276,2.341064,-53.149414,117.937012,-155.425415,1

1.378174,1.004272,1.770752,-106.066895,175.554199,-151.580200,1

1.183960,0.357666,1.234619,-41.125488,250.139160,-137.053833,1

1.531860,-0.112183,0.848999,-82.507324,285.295410,-95.733032,1

1.519653,-0.147339,1.007080,59.582520,317.399902,-96.160278,1

1.323486,0.073486,0.990479,-13.049316,305.925293,-106.658325,1

1.470093,0.252686,1.033936,11.059570,300.004883,-163.543091,1

1.451660,0.370483,0.617676,-18.603516,296.159668,-178.374634,1

0.529297,0.136475,-1.146729,2.453613,282.182617,-177.214966,1

0.316772,-1.630005,-3.997559,-55.529785,147.722168,-128.753052,1

0.757446,-1.391968,-3.997559,19.360352,-133.649902,150.543823,1

1.582031,0.724976,-1.106689,15.881348,-318.830566,192.108765,1

2.031372,1.071655,1.047485,0.439453,-291.975098,164.093628,1

1.722168,0.549683,1.396484,36.694336,-231.428223,149.078979,1

1.471558,0.099854,0.940674,-109.301758,-378.095703,82.855835,1

1.758179,-0.132202,1.155518,4.956055,-353.193359,62.103882,1

1.888062,-0.450073,1.117188,-43.383789,-408.613281,12.848511,1

1.477417,-0.372192,1.697998,72.705078,-328.291016,102.326050,1

2.077515,0.583130,2.247559,33.825684,-292.646484,132.172241,0

2.133057,1.263672,2.834595,70.935059,-239.851074,74.066772,0

3.053467,2.139160,3.123535,163.342285,-176.923828,13.703003,0

1.200928,1.990356,2.732422,27.661133,-14.143066,25.543823,0

0.840332,0.395142,0.757812,-48.571777,113.603516,-73.455200,0

0.419800,0.129883,0.656006,-0.048828,129.045410,-40.007935,0

0.517334,0.001099,0.363525,-53.027344,140.947266,-39.763794,0

0.832642,-0.009521,0.399536,14.965820,155.168457,-44.341431,0

1.142090,0.093140,0.246826,-14.758301,145.524902,12.360229,0

1.051514,0.177124,0.235352,25.036621,75.212402,6.867065,0

0.975464,0.184082,0.407227,20.153809,22.355957,24.017944,0

0.595093,0.121094,0.382324,9.350586,-1.325684,52.033081,0

0.517944,0.149902,0.442017,7.885742,-1.508789,63.385620,0

0.534668,0.346680,0.380981,8.068848,-7.246094,54.840698,0

0.803101,0.368286,0.559082,14.599609,-48.322754,33.844604,0

0.769897,0.279907,0.826904,14.233398,-77.985840,62.592163,0

0.935669,0.249268,0.960815,36.938477,-37.336426,58.807983,0

0.864624,0.435669,1.047852,76.550293,-27.265625,112.274780,0

0.776001,0.897583,1.346069,160.107422,78.386230,119.232788,0

0.270630,1.361450,1.043579,85.461426,190.996094,117.584839,0

0.206177,1.075073,0.682373,45.117188,143.754883,-0.823364,0

0.229004,0.792603,0.489746,-6.518555,65.080566,-41.045532,0

0.213013,0.626099,0.431641,-27.453613,31.145020,-90.178833,0

0.339844,0.302979,0.365356,-37.524414,-34.833984,-139.190063,0

0.530029,0.228882,0.440552,-24.645996,-79.145508,-176.909790,0

0.794922,0.188110,0.489990,-53.271484,-124.677734,-152.068481,0

1.017578,0.027222,0.774780,-132.739258,-114.606934,-126.006470,0

0.803711,0.213989,0.675293,-45.275879,-88.117676,-54.412231,0

0.365723,0.381714,0.845581,-73.901367,-88.850098,-67.168579,0

0.685547,0.123779,1.425903,-77.685547,-102.033691,-54.534302,0

0.771973,-0.020874,1.531982,-42.468262,-42.768555,-40.068970,0

1.042969,-0.149414,1.697754,-44.848633,2.397461,-7.415161,0

1.729004,-0.563599,1.387817,-2.795410,171.770020,50.385132,0

1.923828,-0.717041,1.115356,126.599121,354.265137,130.036011,0

1.479370,-0.050537,0.804077,277.294922,597.551270,189.423218,0

1.538818,0.492920,0.260498,72.521973,604.753418,190.888062,0

1.490356,0.337036,-0.519897,50.671387,591.813965,285.858765,0

1.063110,0.545898,-0.483887,60.437012,384.843750,318.207397,0

1.277710,1.011963,-0.465698,-52.600098,301.286621,353.485718,0

0.619141,1.518433,-0.368286,-176.501465,174.333496,194.794312,0

0.869385,1.864746,-0.195190,-482.165527,134.965820,-79.741821,0

0.441040,1.744751,-0.222168,-565.905762,137.834473,-363.311157,0

1.036865,0.857910,0.576050,-352.648926,76.433105,-581.084595,0

1.628296,0.509644,0.414673,-291.796875,73.198242,-643.828735,0

1.796387,0.378296,0.448242,-220.751953,52.446289,-571.990356,0

1.504639,0.547119,-0.190552,-142.504883,-46.369629,-604.766235,0

1.493896,-0.665649,-0.129517,207.287598,-158.552246,-432.280884,0

1.278809,0.456421,1.239990,162.792969,-87.141113,-497.771606,0

1.270874,1.510986,0.519653,260.876465,-77.619629,-313.262329,0

0.501587,1.414429,0.812500,48.901367,179.155273,-226.592407,0

0.126221,1.309814,0.674927,42.248535,83.391113,-186.004028,0

0.304565,1.351685,0.717651,66.052246,302.324219,-209.685669,0

-0.139648,0.224487,0.644043,3.125000,389.177246,-96.709595,0

0.539307,0.566406,0.008057,-89.587402,405.534668,51.605835,0

0.864868,0.866089,-0.760498,220.654297,409.074707,170.807495,0

0.963989,0.731689,-0.864868,78.259277,389.543457,148.163452,0

0.564331,0.655273,-0.562378,168.896484,313.249512,242.157593,0

1.392334,0.364258,0.462280,-16.772461,256.547852,88.226929,0

1.186035,0.942505,0.085693,-285.632324,243.913574,79.010620,0

1.229248,0.708618,0.377197,-375.537109,241.228027,-31.279907,0

0.808838,0.607910,0.862915,-289.538574,236.955566,-121.734009,0

0.887085,-0.371582,0.496094,-262.988281,244.523926,-68.389282,0

0.255859,0.270996,1.085693,-197.375488,256.547852,-100.921021,0

0.274658,-0.075073,0.617310,-175.219727,298.723145,-63.994751,0

0.111816,0.078247,0.768921,-154.589844,298.479004,-196.135864,0

0.601807,-0.969849,0.279907,-104.785156,196.855469,-207.427368,0

-0.317749,-0.532227,0.308960,158.093262,-12.678223,-189.849243,0

1.935059,-2.425293,0.815430,460.583496,-85.004883,197.723999,0

0.570068,0.404175,0.501465,433.178711,136.125488,618.744507,0

0.694702,0.879395,0.545532,382.824707,163.164062,511.566772,0

0.724487,1.090576,0.755981,275.769043,259.721680,433.746948,0

0.351929,1.207886,0.197388,124.279785,286.394043,270.783081,0

0.379028,0.882690,0.036743,207.104492,195.695801,161.041870,0

0.168213,1.093628,-0.301270,154.736328,97.978516,72.296753,0

0.267456,0.954346,-0.043091,139.965820,26.628418,6.439819,0

0.380981,0.632202,0.171631,47.253418,-11.762695,-56.243286,0

0.649780,1.026733,0.017578,-103.869629,-22.993164,-66.680298,0

0.607544,1.471924,-0.537964,-246.203613,-110.639648,-150.359497,0

0.806274,1.243896,-0.186890,-286.669922,-238.752441,-364.104614,0

1.084351,1.032471,-0.261108,-324.572754,-260.053711,-576.751099,0

1.437378,0.357788,0.076050,-296.496582,-246.748047,-688.018188,0

1.931274,-0.215454,0.107544,-163.867188,-228.986816,-589.019165,0

2.015625,-0.463501,1.067017,121.533203,-150.983887,-411.345825,0

1.840820,-0.399536,1.020020,-79.394531,-148.908691,-255.401001,0

1.421265,-0.187500,1.000610,61.108398,-68.525391,-193.023071,0

1.513672,0.086426,1.462158,65.258789,4.533691,-74.431763,0

1.598022,-0.218384,1.225464,38.098145,104.814453,79.010620,0

1.702759,-0.231323,0.828979,42.736816,300.554199,219.513550,0

1.811035,0.007935,0.603149,130.871582,351.335449,381.073608,0

1.521118,0.550781,0.281738,217.297363,441.240234,393.890991,0

1.253784,0.543213,0.161011,132.153320,386.186523,370.514526,0

1.048096,0.733765,-0.108765,261.059570,393.144531,333.588257,0

0.816162,0.877319,-0.191040,234.631348,357.927246,265.106812,0

0.594727,1.048828,-0.426392,127.575684,249.895020,161.286011,0

0.681274,1.125366,-0.515747,132.519531,184.221191,101.776733,0

0.829224,1.346924,-0.761841,25.585938,74.357910,-3.142700,0

0.949585,0.972656,-0.701294,-87.023926,-59.309082,-57.525024,0

0.849976,1.177612,-0.697632,-147.265625,-189.741211,-147.063599,0

1.035645,0.800171,-0.253174,-194.995117,-302.839355,-247.283325,0

1.362793,0.703125,0.061035,-223.559570,-353.559570,-390.532837,0

1.329346,0.267944,0.176025,-261.035156,-323.530273,-472.808228,0

1.528687,-0.160889,0.780151,-112.658691,-176.801758,-491.851196,0

0.825073,0.119995,0.207520,-247.180176,-325.422363,-439.116821,0

2.007202,-0.775879,1.101440,14.477539,-163.801270,-405.242310,0

1.045288,-0.498535,1.067383,30.102539,-179.975586,-213.897095,0

1.025635,-0.411255,2.042358,154.980469,-43.500977,-130.584106,0

0.790039,-0.286255,0.932007,-67.065430,70.817871,-45.440063,0

0.678467,-0.269165,1.039917,58.544922,69.597168,63.568726,0

0.633301,-0.266113,0.774536,-43.505859,93.339844,170.502319,0

0.880371,-0.145020,0.817627,136.730957,153.703613,289.337769,0

0.540405,0.683228,0.563599,-9.143066,256.486816,283.722534,0

0.279297,0.267822,0.652344,87.048340,102.983398,290.253296,0

0.255005,0.834229,0.693481,-3.100586,87.968750,243.500366,0

-0.143921,0.678345,0.737305,62.084961,26.872559,170.685425,0

-0.013916,0.653687,0.784790,89.794922,-3.034668,111.115112,0

-0.063110,0.732178,0.843628,89.062500,-7.612305,48.737183,0

0.149658,0.347046,0.873779,-48.937988,-5.598145,9.369507,0

0.126465,0.316284,1.041138,50.976562,9.172363,-23.711548,0

0.030518,0.456055,0.982178,-50.158691,-36.604004,0.031128,0

0.125610,0.496948,1.445557,-56.933594,-33.613281,-14.251099,0

-0.035156,0.422241,0.853271,17.041016,17.473145,-7.415161,0

0.092041,0.521973,0.881836,17.529297,0.749512,-17.546997,0

0.012939,0.488281,0.979370,6.726074,21.867676,-12.542114,0

-0.003296,0.225342,0.764771,-130.847168,-30.256348,32.807007,0

0.201050,0.502075,1.005981,102.429199,25.895996,41.901245,0

0.088745,0.760864,1.015259,-30.444336,5.388184,1.740112,0

0.042480,0.215088,0.906006,-43.444824,0.810547,-7.659302,0

-0.054199,0.346313,0.918213,24.121094,7.036133,12.421265,0

0.077026,0.258545,0.846924,115.002441,2.885742,8.026733,0

-0.012207,0.265137,0.868286,-96.789551,17.534180,8.759155,0

-0.012695,0.514771,0.956909,-154.284668,0.139160,-17.302856,0

0.026611,0.283203,0.946289,-19.458008,-0.776367,-2.227173,0

0.086182,0.297363,0.954224,-32.336426,6.242676,20.599976,0

-0.002075,0.316040,0.964478,-30.993652,2.763672,8.087769,0

0.033813,0.235962,0.947632,-7.250977,-0.288086,-0.029907,0

0.026123,0.203125,0.966919,-3.771973,0.200195,0.031128,0

0.030029,0.213745,0.977905,-3.222656,0.566406,2.045288,0

