0.119873,0.377075,0.942749,58.193359,44.418945,-41.923218,0

-0.016602,0.533447,0.951660,39.211426,28.061523,14.412231,0

0.008179,0.484985,0.896729,-6.503906,6.760254,10.994263,0

-0.003052,0.279297,1.006836,-6.992188,-29.372559,20.698853,0

0.028320,0.517212,0.984985,-17.001953,19.943848,17.219849,0

0.049438,0.250366,1.035156,-16.269531,-1.845703,-6.828003,0

-0.002686,0.475830,0.876709,23.586426,19.272461,4.890747,0

0.059692,0.369629,0.968140,0.332031,-18.203125,19.111938,0

0.042358,0.502808,1.027100,-14.499512,-5.446777,30.281372,0

0.196167,0.478271,1.306274,-13.034668,-5.446777,8.858032,0

0.051758,0.393433,0.897095,4.970703,16.525879,-8.598022,0

0.094116,0.294189,0.849854,-23.227539,-21.315918,4.463501,0

-0.063110,0.490845,1.116211,40.126953,46.433105,-3.410034,0

-0.089355,0.425293,0.780518,15.529785,9.689941,-4.508667,0

0.134521,0.377319,0.895508,17.543945,30.441895,-1.212769,0

0.028687,0.277954,0.963013,16.140137,-20.217285,-11.222534,0

0.079468,0.358276,0.854858,23.098145,37.949219,-4.447632,0

0.009766,0.378052,0.836182,26.333008,-5.996094,-23.978882,0

-0.017090,0.430664,0.812988,35.122070,54.428711,-40.885620,0

-0.038574,0.424316,0.730469,22.609863,18.173828,-38.505249,0

-0.159790,0.473633,0.705322,15.407715,28.122559,-11.588745,0

-0.185791,0.486084,0.746704,-15.109863,-20.949707,-2.616577,0

-0.233154,0.566528,0.853271,-28.049316,-15.517578,-8.170776,0

-0.267822,0.531738,0.742065,-1.682129,-25.161133,-24.711304,0

-0.177124,0.548096,0.864258,-5.100098,-13.198242,-21.720581,0

-0.261353,0.468262,0.736694,3.994141,-8.925781,-24.589233,0

-0.307617,0.384277,0.861084,-7.785645,-32.973633,-5.180054,0

-0.184448,0.457153,0.808838,-16.086426,-11.672363,10.017700,0

-0.115967,0.368896,0.758911,-15.415039,-13.015137,10.322876,0

-0.167114,0.504883,0.860474,-8.273926,3.098145,17.280884,0

-0.127563,0.381714,0.695312,16.384277,16.525879,10.017700,0

-0.081543,0.379272,0.834961,20.961914,-1.357422,-0.907593,0

-0.002563,0.543457,0.875000,19.863281,11.887207,21.492310,0

-0.033813,0.490112,0.903442,35.549316,-7.460938,-6.583862,0

-0.130981,0.597168,0.925659,6.496582,-0.502930,-4.447632,0

0.050537,0.528198,0.908691,-0.278320,1.938477,13.740845,0

-0.058105,0.490601,0.945557,25.234375,17.990723,3.364868,0

-0.100220,0.679443,0.868530,38.906250,38.315430,12.581177,0

-0.143677,0.620361,0.911987,10.219727,8.530273,10.505981,0

-0.083130,0.545410,0.744873,-20.969238,21.591797,27.839966,0

-0.086060,0.517090,0.886230,-23.593750,-12.709961,37.239380,0

-0.192139,0.572266,0.822144,-67.294922,8.896484,52.376099,0

0.016602,0.464722,0.743774,-39.829102,-27.663574,7.026978,0

0.047363,0.483765,0.975830,-1.132812,-17.287598,16.182251,0

0.032593,0.467041,0.869141,-27.316895,-31.569824,-1.578979,0

0.070679,0.362793,0.934570,-15.781250,-29.128418,4.951782,0

0.087891,0.473755,0.969971,-8.579102,2.243652,4.707642,0

0.105469,0.358398,0.878784,-14.133301,-12.221680,-3.715210,0

0.082397,0.458618,0.926392,11.501465,1.267090,5.256958,0

0.083130,0.414551,0.908203,-10.776367,-11.000977,-3.226929,0

0.100586,0.405640,0.887939,4.665527,-7.705078,-1.151733,0

0.094971,0.442505,0.946045,0.942383,-18.630371,-14.457397,0

0.114136,0.373535,0.860718,1.552734,-15.761719,-17.631226,0

0.126587,0.418213,0.926147,11.989746,-19.606934,-21.537476,0

0.140381,0.433228,0.936646,-4.306641,-19.973145,-25.199585,0

0.127930,0.449585,0.957520,17.360840,-10.390625,-20.805054,0

0.134888,0.382446,0.876709,-3.269043,-6.728516,-14.457397,0

0.139282,0.425659,0.850342,7.778320,-16.860352,-31.669312,0

0.126587,0.436157,0.887573,-28.232422,-28.884277,-17.936401,0

0.112061,0.384888,0.877075,0.209961,-28.151855,-36.674194,0

0.125732,0.358032,0.866821,-29.697266,-25.710449,-24.223022,0

0.196289,0.277466,0.978516,-23.532715,-31.936035,-34.293823,0

0.168335,0.421631,0.953125,-21.152344,-3.127441,-10.490112,0

0.099365,0.185547,1.038940,-21.457520,0.046387,-29.349976,0

0.073975,0.385498,0.996460,-30.307617,33.432617,17.158813,0

0.052490,0.327759,1.040771,-14.499512,7.980957,0.496216,0

0.056030,0.274658,0.976318,14.248047,60.288086,33.821411,0

0.013550,0.259033,0.966309,-16.391602,16.281738,33.699341,0

-0.021484,0.300903,0.992310,10.402832,52.597656,48.164673,0

-0.207520,0.471191,0.782227,-30.856934,57.663574,38.582153,0

-0.098267,0.373169,0.836792,-21.213379,-0.563965,4.768677,0

-0.041016,0.215820,0.800781,-50.510254,24.399414,25.703735,0

-0.206299,0.364624,0.741089,-4.916992,30.014648,7.454224,0

-0.173950,0.243286,1.016357,2.285156,5.417480,-8.414917,0

-0.156494,0.261353,0.963379,75.161133,22.995605,2.632446,0

-0.006226,0.513306,0.716431,178.615723,35.324707,-32.523804,0

-0.292969,0.410278,0.984619,-194.797363,-64.833984,-58.768921,0

0.022949,0.634644,1.020996,-77.609863,-45.668945,54.756470,0

-0.233154,0.022461,0.664673,-80.600586,37.094727,42.793579,0

0.113403,0.031494,1.005493,-37.692871,-47.500000,-2.433472,0

-0.072998,0.218628,0.590210,-6.137695,-27.663574,17.463989,0

0.133667,0.083252,0.864258,-18.588867,-19.118652,-2.921753,0

0.067871,0.110474,1.013672,37.624512,-52.810059,-7.316284,0

0.128906,0.182861,0.972778,3.078613,-33.950195,-2.921753,0

0.203491,0.190918,1.024536,19.863281,-65.017090,-30.143433,0

0.210449,0.294312,0.982422,36.037598,-49.575195,-20.866089,0

0.294678,0.271118,1.078491,35.366211,-59.035645,-37.772827,0

0.230591,0.315430,0.971802,43.728027,-26.198730,-0.358276,0

0.292358,0.418335,0.960815,43.728027,-38.161621,-21.293335,0

0.283203,0.391235,0.881592,43.850098,-32.546387,-22.391968,0

0.313965,0.387451,1.001953,59.902344,-48.110352,-61.271362,0

0.120972,0.208252,0.736938,-8.579102,-20.583496,-44.547729,0

-0.131714,0.106934,0.430420,-6.992188,-44.448242,-40.336304,0

-0.069336,0.550659,1.029541,2.468262,-49.697266,-33.927612,1

-0.221313,1.117310,1.935669,23.769531,72.189941,-58.402710,1

-0.405518,1.983643,3.096191,-45.505371,89.462891,-51.322632,1

0.174927,2.287354,3.568481,-46.176758,140.122070,-55.228882,1

-0.066895,1.492920,2.151367,-71.445312,201.157227,-53.275757,1

0.102905,0.646851,1.235352,-75.229492,213.852539,-48.759155,1

0.906738,-0.245728,0.877319,-41.721191,214.096680,-44.364624,1

0.906128,-0.178101,1.075073,-39.829102,272.385254,15.999146,1

1.081177,-0.528320,0.728394,-25.974121,242.661133,39.680786,1

0.554565,0.106445,0.641846,36.708984,270.859375,29.121704,1

0.800415,-0.007446,0.615234,57.766113,228.684082,-52.360229,1

0.508179,0.231445,-0.924561,44.399414,141.586914,-122.733765,1

0.029419,0.300781,-3.102417,49.465332,17.685547,-121.207886,1

-0.542236,-0.004272,-3.072021,81.630859,-99.074707,-14.823608,1

-0.224121,0.431274,-2.207764,77.785645,-165.541992,64.400024,1

1.477417,0.225586,0.572388,7.656250,-198.500977,129.280396,1

1.395874,-0.148926,1.614014,-11.325684,-290.358887,81.001587,1

1.304443,-0.459106,1.635986,-72.910156,-202.407227,130.195923,1

1.115845,-0.613892,1.792847,31.398926,-324.233398,70.076294,1

0.263306,0.489746,1.458374,40.004883,-160.476074,149.849243,1

-0.159424,0.460938,1.604492,-47.031250,-262.282715,88.630981,1

-0.382202,0.544189,0.935181,-60.153809,-176.955566,-19.340210,0

-0.076050,0.878296,2.438965,-3.269043,-87.294922,24.727173,0

0.811279,1.452759,2.404541,67.165527,-71.303711,51.582642,0

0.995850,2.052246,2.241821,100.551758,0.717773,25.947876,0

0.870728,1.153442,1.816528,32.314453,-24.672852,-24.650269,0

-0.012939,0.603271,0.952881,10.524902,40.268555,25.337524,0

-0.273071,0.091675,0.092041,-36.716309,50.888672,1.655884,0

-0.078613,0.009766,0.054565,18.825684,49.057617,-1.212769,0

0.248779,0.575439,0.417480,-3.391113,59.372559,9.773560,0

0.803833,0.921631,0.664673,8.876953,0.961914,-45.951538,0

0.216919,0.537598,0.802856,31.704102,-54.946289,-38.383179,0

-0.019165,0.244019,0.463745,-7.053223,-16.738281,-48.148804,0

-0.537231,0.465698,0.628540,-6.809082,-13.686523,-49.735718,0

-0.260254,0.695679,1.952881,-69.125977,5.478516,-43.693237,1

-0.120605,2.304321,3.999512,-42.575684,126.877441,-12.565308,1

-0.061279,1.584595,3.053345,-85.849609,151.901855,-48.270874,1

-0.228394,0.832031,2.041748,-72.543945,248.764648,-23.856812,1

0.439087,0.239624,0.877075,-22.922363,288.193359,-10.856323,1

0.895142,0.021362,1.227173,15.895996,294.663086,-44.425659,1

0.913330,-0.085571,1.110718,58.681641,294.724121,-42.350464,1

0.843872,0.170532,1.022217,36.098633,277.390137,-38.566284,1

0.715820,0.413574,0.788330,91.884766,263.535156,-81.229858,1

0.719971,0.266113,0.231079,37.868652,211.166992,-136.222534,1

0.534180,-0.093262,-1.616821,134.487305,175.949707,-141.715698,1

0.956665,-1.436523,-3.829834,83.583984,-1.967773,8.247681,1

0.644043,-0.719849,-3.094849,14.919434,-143.142090,140.877075,1

1.280518,0.519897,0.465820,-31.894531,-236.281738,174.873657,1

0.969971,0.030640,1.004761,-149.387207,-272.902832,183.967896,1

1.156006,-0.302246,1.781982,-56.491699,-274.733887,150.032349,1

0.856323,-0.244385,1.179932,-129.489746,-292.067871,94.673462,1

0.847168,-0.044312,1.397217,-11.447754,-361.159668,45.540161,1

0.586182,0.338501,1.416992,-2.231445,-337.050781,9.956665,1

0.253784,0.426880,1.624268,-20.175781,-283.522949,15.205688,0

-0.113403,0.615479,1.770020,-46.542969,-208.876953,-97.770386,0

0.968018,0.938232,2.509399,25.234375,-171.767578,-30.814819,0

1.491699,1.713013,2.837158,72.048340,-18.203125,51.521606,0

1.349976,1.578857,2.195068,143.215332,-3.066406,42.122192,0

0.596436,0.974487,1.192749,47.573242,28.305664,57.014771,0

-0.142090,0.376953,0.288208,22.609863,63.706055,73.005981,0

-0.162842,0.074341,-0.010254,-26.950684,30.991211,4.036255,0

0.048828,-0.005493,-0.079956,-22.739258,21.225586,11.604614,0

-0.001709,0.075684,0.044678,-29.697266,1.816406,-19.096069,0

0.111816,0.249634,0.197754,-22.922363,3.952637,-35.148315,0

0.345337,0.523560,0.542847,-16.330566,13.657227,-71.586304,0

1.287964,1.544434,1.554932,61.794434,-37.490234,-90.018921,0

1.051270,2.585938,3.399536,71.804199,69.443359,5.562134,1

0.632202,2.031128,2.909546,-136.569824,-6.179199,-65.787964,1

-0.253052,0.886353,2.108398,-106.174316,177.414551,-12.870483,1

0.394287,0.510498,1.637695,-118.686523,295.639648,10.689087,1

0.861328,0.337036,1.282471,-61.435547,358.627930,-2.616577,1

1.261841,-0.016846,1.654419,0.576172,387.314453,-22.453003,1

1.274536,-0.092041,1.138550,16.262207,422.653809,-32.767944,1

0.824951,0.290405,1.227295,98.903809,390.183105,-55.900269,1

0.959229,0.179199,0.942871,78.823242,330.979004,-132.743530,1

0.808350,0.028198,-0.861084,210.903320,313.156738,-121.513062,1

1.816772,-1.278320,-3.024902,6.313477,57.175293,-139.030151,1

1.562744,-0.718872,-3.954712,72.353516,-30.532227,149.910278,1

1.231201,0.509644,-0.488281,19.252930,-292.189941,157.234497,1

1.062256,0.671631,0.945679,24.562988,-230.056152,221.016235,1

1.218506,0.033691,1.772583,-46.176758,-335.585938,140.266724,1

0.893555,0.027710,1.461548,-29.331055,-266.127930,187.385864,1

0.745605,0.081177,1.236328,-74.619141,-276.687012,117.439575,1

0.729614,0.057007,1.128174,-81.699219,-366.713867,54.329224,1

0.372437,0.143188,1.256104,2.773438,-286.757812,44.868774,1

0.136597,0.476074,2.009888,-97.995605,-335.830078,30.830688,0

0.942871,0.827637,2.402832,75.466309,-223.342285,-42.167358,0

1.640015,2.315186,3.242798,147.854004,-173.720703,-23.429565,0

1.375244,2.321167,3.085083,205.043945,-66.481934,18.867798,0

0.473633,1.252930,1.662109,-22.067871,2.854004,-10.245972,0

-0.010010,0.367188,0.765747,13.881836,73.471680,44.929810,0

-0.046875,-0.094482,0.101929,-82.431641,54.978027,19.417114,0

-0.239380,-0.030884,-0.177124,35.793457,133.835449,91.743774,0

-0.144287,0.013306,-0.245972,-124.545898,6.516113,-25.321655,0

0.132324,-0.068848,0.005981,4.848633,23.972168,-39.786987,0

0.059204,0.854858,0.832764,-57.163086,37.338867,-69.999390,0

0.920288,1.769897,3.217773,81.875000,-37.795410,-40.397339,1

1.450439,2.354858,3.999512,-11.630859,118.149414,-47.050171,1

0.352783,1.700073,3.150269,-75.168457,184.250488,-35.270386,1

0.263306,0.362427,1.480835,-79.196777,282.211914,-26.481323,1

0.611206,0.266602,1.070312,0.637207,360.031738,-28.129272,1

1.007324,0.120728,1.212769,-13.645020,318.039551,-91.483765,1

0.949707,0.054688,0.883667,67.836914,370.590820,-61.576538,1

0.783569,0.218018,1.054321,69.484863,312.607422,-124.564819,1

0.635132,0.428101,0.868652,117.580566,295.883789,-159.843140,1

0.666504,0.399292,0.844604,63.198242,227.158203,-214.469604,1

1.091309,0.062866,-0.910278,104.091797,244.919434,-208.549194,1

2.815186,-2.119507,-3.997559,-29.514160,-18.508301,-179.008179,1

1.944336,-0.931396,-3.232422,43.850098,-156.081543,225.776978,1

1.363525,0.450806,-0.499756,-56.979980,-311.843262,240.181274,1

1.506592,0.912109,1.163330,-15.231934,-392.470703,256.050415,1

1.497437,0.304688,2.115112,37.929688,-302.687988,168.831177,1

1.125488,0.286255,1.470093,3.994141,-272.353516,196.907349,1

1.111694,0.245483,1.191162,-7.541504,-328.627930,152.717896,1

0.628174,0.292114,1.730835,-49.167480,-325.270996,121.773071,1

0.135986,0.566406,1.008423,-79.196777,-260.817871,79.658813,0

0.171509,0.279053,2.019165,8.022461,-271.987305,-29.594116,0

0.940186,0.968994,2.133057,-0.827637,-144.973145,-12.504272,0

1.633545,2.159180,3.242310,177.211914,-48.415527,33.577271,0

1.493164,2.997803,3.095947,123.806152,-14.296875,53.779907,0

0.543213,1.120361,2.417603,-51.853027,-14.907227,-76.713257,0

-0.750122,0.387451,2.059448,-120.334473,52.048340,-28.556519,1

-0.179565,0.541870,1.765991,-112.888184,207.138672,-44.547729,1

0.793213,0.577026,2.003540,-99.643555,296.860352,-30.692749,1

1.523315,0.722778,2.318604,-41.721191,374.741211,-43.632202,1

1.719604,0.765137,1.638306,-50.266113,425.644531,-69.816284,1

1.679932,0.733521,1.638062,-7.236328,398.972168,-116.386108,1

1.335083,0.787842,1.797607,77.053223,384.079590,-196.098022,1

0.878296,0.762451,0.904419,69.118652,378.342285,-212.760620,1

1.228394,-0.589966,-1.375732,2.468262,271.103516,-266.105347,1

2.513550,-1.914795,-3.997559,-60.153809,187.729492,-143.912964,1

2.377197,-0.799438,-3.247192,-61.740723,-136.306152,79.048462,1

1.271729,1.046875,0.514404,47.695312,-232.375488,213.142700,1

1.079224,0.662842,1.557129,-31.650391,-269.057617,176.765747,1

0.797852,0.166382,0.481812,-78.037109,-281.447754,136.909790,1

1.178223,-0.206177,1.505859,-25.974121,-393.508301,81.245728,1

0.893677,0.018433,0.865845,-25.546875,-397.414551,43.281860,0

1.333740,0.244385,1.248535,147.792969,-377.211914,25.337524,0

0.785034,0.663452,1.523926,34.511719,-454.665527,24.666138,0

0.858154,0.091431,1.691284,35.183105,-304.274902,-25.138550,0

1.998657,1.630371,3.047852,144.802246,-362.807617,-26.969604,0

2.607788,2.677368,3.999512,239.772949,-47.683105,50.484009,0

1.967407,2.251831,3.497192,6.862793,47.897949,52.131958,0

0.300415,1.111206,1.851196,-91.647949,82.749023,-17.753296,0

-0.299316,0.175659,1.436035,-113.864746,91.843262,-45.402222,0

0.655518,0.149658,1.373657,-88.596191,237.656250,-25.321655,0

0.774780,0.591064,1.491577,-2.353516,336.777344,-13.541870,1

1.423218,0.713379,1.740967,-109.714355,357.102051,-13.541870,1

1.645752,0.791870,1.780518,-39.462891,431.381836,-64.506226,1

1.826538,0.930542,1.745361,-24.204102,451.279297,-159.660034,1

1.516357,0.953857,1.494629,-53.928223,428.818359,-218.619995,1

1.208984,0.573242,0.375610,-26.096191,435.776367,-245.719604,1

2.203735,-0.590820,-2.460693,-63.876953,287.216797,-259.452515,1

2.591797,-0.770630,-3.997559,-28.659668,138.168945,-23.978882,1

2.114136,-0.214722,-2.797241,-13.156738,-175.246582,79.963989,1

1.450806,0.824585,0.123535,113.430176,-348.586426,185.432739,1

1.670410,0.553589,2.110352,54.470215,-438.002930,149.971313,1

1.405396,0.456299,0.832642,65.639648,-265.517578,202.522583,1

1.223145,0.656128,1.126953,93.654785,-395.705566,99.861450,1

1.406738,0.606323,1.296143,110.012207,-407.546387,116.096802,1

1.443726,0.380737,1.393433,121.242676,-387.526855,32.356567,1

0.713257,0.742065,1.675415,53.493652,-382.644043,78.438110,0

1.187622,0.560303,2.094604,38.662109,-210.280762,11.543579,0

1.582275,1.486328,3.550537,126.064453,-201.430664,16.792603,0

2.565552,2.765869,3.377563,170.498047,-26.503906,83.748169,0

0.870361,2.618652,2.873047,72.170410,26.657715,43.098755,0

0.429077,0.321411,1.286499,-118.259277,-4.042969,-98.136597,0

-0.599976,-0.248901,1.700439,-65.585938,78.842773,5.012817,1

0.319824,0.394165,2.317871,-31.711426,233.688965,-18.119507,1

0.917358,0.624268,2.238159,-102.207031,332.016602,-24.894409,1

1.984253,1.094482,2.276978,-35.434570,443.222656,-62.492065,1

2.320312,1.234375,1.959106,-47.092285,494.675293,-131.339722,1

2.035034,1.325439,1.785278,-9.433594,465.744629,-177.787476,1

1.598389,1.365723,1.717529,55.568848,425.827637,-224.357300,1

1.202759,0.702515,0.452148,73.818359,388.901367,-305.350952,1

2.459351,-1.004639,-2.093384,-28.781738,270.920410,-307.731323,1

3.312378,-1.683472,-3.997559,-20.664062,71.335449,-28.373413,1

2.314331,-0.220215,-1.936523,-35.007324,-246.413574,145.515747,1

1.686157,0.925293,0.217163,77.419434,-328.566895,232.734985,1

1.821045,0.921021,1.288696,8.754883,-411.452637,171.089478,1

1.804199,0.729126,1.381958,101.589355,-413.771973,201.668091,1

1.685669,0.545532,1.464355,155.971680,-359.267578,113.106079,1

1.653931,0.644531,1.835449,37.685547,-467.666016,143.501587,1

1.408569,0.186279,1.175293,-11.447754,-398.574219,99.983521,0

1.026855,0.276367,2.177734,56.423340,-344.558105,54.756470,0

1.160400,0.452393,1.982422,9.121094,-224.318848,72.273560,0

3.014526,1.631714,2.951294,155.666504,-221.267090,-29.044800,0

3.255859,2.444946,3.367065,144.008789,-81.130371,24.727173,0

1.491333,1.518677,3.441650,29.689941,22.141113,-14.091187,0

0.105225,1.050293,2.074219,-105.991211,195.419922,-24.650269,0

0.534546,0.654053,1.878906,-123.081055,241.074219,-89.774780,1

1.441772,0.701904,1.922485,-48.007812,339.645996,-52.116089,1

2.129395,0.995850,2.130615,-12.729492,444.931641,-94.413452,1

2.473267,0.859497,1.700439,-34.458008,459.885254,-136.405640,1

2.086304,1.028809,1.601196,3.261719,449.326172,-187.064819,1

1.962524,1.059204,1.938965,42.873535,407.456055,-232.963257,1

1.637817,1.178711,1.447144,16.201172,358.750000,-290.458374,1

2.230835,-0.240967,-1.435303,7.656250,311.813965,-358.695679,1

3.760742,-2.323486,-3.997559,-124.790039,131.394043,-133.475952,1

2.515747,-0.798462,-3.831299,-41.843262,-171.889648,88.692017,1

1.905151,0.784790,0.086304,39.150391,-302.993164,240.608521,1

1.870972,1.111206,1.399048,-6.137695,-451.796875,251.106567,1

1.921631,0.378052,1.339844,71.682129,-367.263184,189.888306,1

1.423218,0.550293,1.450562,23.769531,-451.918945,115.242310,1

1.995239,0.317017,1.311157,86.818848,-434.584961,70.808716,1

1.491577,0.603882,1.518066,49.465332,-412.978516,1.777954,1

0.908569,0.291260,2.014771,69.606934,-267.409668,44.441528,1

0.467529,0.459717,2.149292,19.069824,-299.514160,-1.273804,0

1.710571,0.650635,1.875366,1.247559,-104.873047,10.872192,0

2.096802,2.216064,3.949097,183.681641,-43.776855,-16.471558,0

1.594604,2.128418,3.240234,83.156738,60.288086,1.106567,0

0.678833,1.389404,2.491699,10.463867,106.369629,-31.119995,0

-0.126343,0.301270,1.901367,-78.586426,181.809082,-64.017944,1

0.469604,0.507568,1.209106,-102.512207,323.288574,-20.744019,1

0.845337,0.700806,1.809082,-36.716309,327.316895,-61.942749,1

1.223389,0.954956,1.629272,46.962891,442.001953,-53.886108,1

1.759888,0.483643,1.515259,-168.491211,331.284180,-125.053101,1

1.309082,0.960815,1.454468,27.858887,448.715820,-92.582397,1

1.161255,0.888306,1.167114,-22.189941,383.469238,-165.885620,1

0.819824,0.135498,-0.842896,108.120117,364.792480,-191.398315,1

1.849243,-1.330933,-2.911133,-79.074707,78.842773,-176.566772,1

1.419189,-0.659424,-3.509644,-43.491211,-54.885254,72.578735,1

0.913208,0.377808,-0.780518,-36.228027,-255.629883,151.375122,1

0.870728,0.379883,0.319458,3.078613,-266.982422,132.454224,1

1.136841,0.191040,1.527588,13.027344,-358.168945,95.833130,1

0.869019,0.098145,1.096924,-22.861328,-339.309082,80.513306,1

1.042114,-0.100830,0.689209,12.783203,-348.647461,31.685181,1

1.078003,0.036255,0.861816,-2.780762,-380.751953,83.381958,1

0.930908,0.040771,1.513428,11.379395,-402.724609,20.637817,1

0.568115,0.146240,2.231567,-37.448730,-326.308594,-8.781128,0

1.522827,0.157837,2.689575,34.938965,-201.064453,-121.024780,0

2.416748,1.412109,3.999512,167.141113,-157.119141,7.454224,0

1.822266,2.147949,3.999512,261.074219,34.531250,54.329224,0

0.159912,1.318237,2.118408,-120.822754,75.241699,-16.349487,0

-0.049194,0.330078,1.846802,-29.758301,189.865723,-21.354370,1

0.715942,0.232666,1.702515,-92.746582,279.099121,22.651978,1

1.359253,0.431152,1.866943,44.948730,401.840820,45.479126,1

1.584473,0.348022,1.351929,-23.654785,411.179199,-34.232788,1

1.470093,0.393433,1.445923,31.582031,409.775391,-77.933960,1

1.361450,0.342651,1.320557,38.234863,391.770020,-117.423706,1

0.964355,0.562378,0.947144,148.708496,397.507324,-196.036987,1

0.728271,0.031860,-0.872437,133.815918,348.923340,-255.973511,1

1.759888,-1.817139,-3.528564,-35.800781,97.885742,-144.950562,1

1.024536,-0.470459,-3.179199,-76.694336,-167.006836,83.320923,1

0.987671,0.347656,-0.468262,-42.270508,-307.631836,145.881958,1

1.216187,0.048584,0.514160,5.153809,-322.524414,99.983521,1

1.221191,-0.079224,1.103027,-38.486328,-357.253418,90.217896,1

1.140747,-0.068481,0.684448,50.441895,-300.490723,54.817505,1

1.141235,0.100708,0.923340,40.432129,-332.595215,57.319946,1

0.988892,0.170410,0.865845,54.042969,-331.984863,-28.068237,1

0.823364,0.290894,1.195801,58.620605,-316.115723,-26.054077,1

0.773682,0.418213,2.507446,134.121094,-228.835449,-27.091675,1

1.414551,1.306641,3.345703,73.452148,-265.578613,3.303833,0

1.871948,2.234985,3.737671,178.249512,-71.425781,62.874146,0

0.833984,2.422974,3.100342,112.514648,-49.941406,-12.931519,0

0.248535,0.552856,2.537720,-13.645020,-5.202637,-43.632202,0

-0.156982,0.604004,1.790771,-128.024902,223.862305,4.829712,1

0.500244,0.668701,1.901367,14.309082,310.593262,8.858032,1

1.566772,0.632446,1.930786,-75.900879,406.845703,-32.401733,1

1.714844,0.721558,1.668701,-51.853027,474.411621,-45.402222,1

1.651123,0.513672,1.585938,30.483398,422.287598,-119.071655,1

1.255981,0.643555,1.302246,11.501465,386.398926,-159.110718,1

0.879761,0.627930,0.888550,90.419922,353.378906,-201.224976,1

0.622437,0.038330,-1.576416,18.337402,237.595215,-215.324097,1

1.137939,-1.027100,-3.685181,-0.766602,135.971680,-50.895386,1

0.944580,-0.033936,-2.959351,-86.520996,-139.663086,86.311646,1

0.992065,0.112915,-0.632690,66.982422,-183.181152,142.341919,1

1.262817,0.098877,0.898438,-16.025391,-317.641602,115.608521,1

1.219971,-0.088135,0.780640,-3.208008,-276.381836,125.374146,1

1.017944,0.057861,0.953491,5.458984,-338.698730,71.358032,1

1.121338,-0.112793,0.910889,10.830078,-297.561035,52.254028,1

1.017212,0.032227,0.716797,-18.710938,-416.274414,39.497681,1

1.148804,0.100830,1.793701,105.983887,-307.387695,18.379517,0

1.033813,0.954834,2.720703,5.397949,-304.213867,-21.537476,0

2.711304,1.760986,3.713135,144.436035,-285.354004,-47.782593,0

2.154297,2.741333,3.821533,237.819824,-138.747559,83.137817,0

0.222046,1.732544,2.579590,136.562500,69.260254,53.901978,0

-0.820068,0.857788,1.406616,-36.655273,121.750488,1.716919,1

-0.119629,0.586914,1.504395,-25.729980,245.163574,-11.283569,1

0.548218,0.771484,1.978638,10.219727,294.846191,-76.102905,1

1.199707,0.987183,2.235840,-25.119629,380.661621,-75.065308,1

1.750488,0.898438,1.707764,58.803711,460.373535,-126.090698,1

1.679199,0.656006,1.603760,15.285645,400.070801,-217.460327,1

1.232422,0.737061,1.269043,96.828613,417.832031,-189.689331,1

0.448853,0.176514,0.281738,150.295410,309.128418,-247.550659,1

0.557007,-0.408569,-1.870728,65.761719,217.758789,-209.891968,1

1.333984,-0.832031,-3.178711,-38.242188,31.723633,-60.966187,1

1.128052,-0.294800,-1.801392,-43.430176,-198.867188,98.335571,1

1.179565,0.017578,0.517822,11.074219,-295.546875,117.683716,1

1.159790,0.015869,1.175171,-17.856445,-239.577637,126.167603,1

1.015015,-0.146606,0.430298,-58.200684,-313.735352,66.658325,1

0.912842,-0.006470,1.180176,85.415039,-279.616699,116.401978,1

0.684814,0.004761,0.497070,-20.297852,-310.195312,50.545044,1

0.619507,0.076050,1.158691,78.151855,-320.815430,86.738892,1

0.335571,0.485596,2.091187,-6.809082,-272.109375,-3.715210,0

1.091553,1.338989,2.455078,105.373535,-270.278320,48.958130,0

1.362305,1.336304,3.070312,61.916504,-222.487793,26.924438,0

0.666870,2.134521,2.673828,223.537598,-8.437500,107.185669,0

0.935791,1.054199,1.695923,-24.326172,-59.645996,31.685181,0

0.354370,0.543823,0.555786,35.122070,66.696777,90.767212,0

0.300293,0.377686,0.130981,-5.771484,34.653320,48.775024,0

0.287231,0.306030,0.110107,-6.442871,11.582031,42.427368,0

0.530884,0.184448,0.357666,10.585938,-19.545898,-13.541870,0

0.632690,0.458618,0.504883,8.510742,7.187500,37.056274,0

0.859497,0.442627,0.646484,26.882324,-5.019531,-13.969116,0

0.864746,0.520996,0.742065,3.750000,-18.752441,6.172485,0

0.940308,0.535400,0.702759,16.384277,-11.611328,2.876587,0

0.569214,0.406982,0.580933,11.623535,-8.315430,-4.752808,0

-0.035645,0.571289,0.847290,-5.039062,-9.353027,2.632446,1

-0.032837,1.072388,1.778564,-14.377441,-6.606445,-77.750854,1

0.540039,1.740967,3.530151,33.168945,132.858887,-81.840210,1

1.496582,2.054932,3.602539,-60.520020,231.979980,-115.104370,1

1.367188,1.252563,2.596436,-63.327637,349.960938,-86.967163,1

1.154785,0.836670,1.027710,-52.402344,414.108887,-65.177612,1

1.284424,0.570679,1.055298,-2.658691,415.024414,-136.344604,1

1.221069,0.274414,1.216064,-36.289062,341.721191,-142.814331,1

0.928223,0.354370,1.192627,39.638672,372.421875,-127.799683,1

0.691772,0.378662,0.636108,18.215332,255.661621,-119.071655,1

0.698364,0.222290,-0.569336,-19.626465,159.531250,-106.193237,1

0.927734,-0.446167,-1.942383,34.694824,116.501465,-125.785522,1

0.796997,-0.562378,-3.455933,0.820312,-54.946289,48.225708,1

0.622314,0.640259,-1.734375,55.996094,-170.363770,157.905884,1

0.780273,0.608521,0.314575,-24.326172,-253.127441,148.445435,1

1.382935,-0.256836,1.712524,-34.091797,-355.788574,64.949341,1

0.696045,-0.322388,1.335449,-29.514160,-266.860352,129.890747,1

0.992432,-0.486694,0.750977,-57.956543,-347.792969,58.967896,1

0.820801,0.236450,1.171143,35.061035,-405.898438,120.430298,1

0.397095,0.220947,1.563477,11.196289,-355.422363,-55.473022,1

0.218506,0.934692,2.076538,75.222168,-301.772461,17.158813,0

0.755859,1.020508,2.581177,69.484863,-266.799316,15.999146,0

1.890747,2.035278,3.009521,12.783203,-61.232910,67.268677,0

1.593628,1.989990,2.924805,96.462402,-14.541016,45.357056,0

0.673828,1.839478,2.878662,49.404297,13.046875,-3.348999,0

-0.203735,1.107666,1.570923,-97.934570,180.771484,-43.876343,1

-0.156616,0.905762,1.718262,-43.979492,252.609863,-71.342163,1

1.089355,0.670898,1.789673,-35.373535,369.614258,-62.186890,1

1.247070,0.546753,1.442017,41.652832,433.823242,-73.966675,1

1.459839,0.190063,1.830933,9.731445,379.929199,-137.321167,1

1.265625,0.107300,1.288940,40.615234,412.338867,-123.527222,1

0.717407,0.402100,0.784302,105.495605,334.335938,-137.687378,1

0.271729,0.082764,-0.669922,97.866211,267.624512,-177.848511,1

0.524170,-0.922485,-2.661255,38.906250,83.176270,-134.757690,1

0.675293,-0.604370,-3.049927,-7.602539,-49.208984,13.313599,1

0.980835,-0.028564,-1.783569,14.309082,-151.931152,140.327759,1

1.339722,0.375610,0.434448,26.088867,-253.432617,203.132935,1

1.352661,0.235229,1.894165,-10.471191,-186.110840,235.969849,1

0.820312,-0.059937,0.521606,-136.875000,-303.298340,145.149536,1

0.730469,0.053223,0.916504,4.421387,-299.270020,113.960571,1

0.760864,-0.077271,1.017822,-39.462891,-372.573242,24.788208,1

0.596680,0.373657,1.344727,17.849121,-343.337402,70.259399,1

0.423584,0.688354,2.129761,-23.288574,-356.276855,55.061646,0

1.352783,1.049194,2.445435,33.901367,-170.485840,4.280396,0

1.660034,2.605347,3.943970,161.159668,-124.221191,87.654419,0

1.156372,2.617188,3.307007,103.481445,-23.574219,56.831665,0

-0.085327,1.351807,2.160522,-70.957031,49.179688,-24.223022,0

-0.665405,0.704346,1.287354,-71.750488,155.441895,-34.415894,0

0.326904,0.603271,1.388916,-67.111816,236.618652,-58.158569,0

0.935059,0.565796,1.923218,-32.565918,300.888672,-47.599487,1

1.495850,0.464722,1.883301,-37.937012,395.310059,-66.459351,1

1.406372,0.513306,1.504639,8.571777,436.081543,-94.657593,1

1.376587,0.531250,1.562134,-13.095703,404.831543,-135.795288,1

0.907959,0.578003,0.922119,79.189453,399.338379,-167.594604,1

0.559692,0.089478,-1.100098,51.540527,333.481445,-227.103882,1

1.421143,-1.236328,-3.455200,-19.748535,94.589844,-153.190308,1

1.456299,-0.488892,-3.761353,-8.395996,-95.717773,52.681274,1

1.745361,0.794922,-0.991089,51.601562,-305.556641,228.523560,1

2.008301,0.584351,2.606079,138.576660,-319.289551,135.444946,1

0.721191,0.645752,1.543701,-18.955078,-219.802246,249.580688,1

1.058472,0.177856,0.934814,13.576660,-366.408691,122.749634,1

1.241089,0.221191,1.597778,91.579590,-398.818359,5.440063,1

0.598022,0.669922,1.139648,106.533203,-297.011719,146.858521,1

0.409790,0.390503,1.977539,-11.447754,-384.963379,51.521606,0

0.362671,0.355591,1.855469,26.088867,-159.133301,-16.288452,0

1.009766,1.157227,2.499512,69.118652,-168.593750,34.004517,0

2.236084,3.572388,3.237915,284.023438,29.221191,81.672974,0

1.295044,1.569824,2.395386,27.553711,-1.662598,-49.064331,0

-0.271973,0.890625,1.740967,-104.953613,52.780762,1.289673,1

-0.164795,0.297729,1.448364,-114.353027,208.298340,-18.851929,1

0.871582,0.519165,2.022095,-96.103516,301.315918,17.219849,1

1.376221,0.569580,1.564087,-48.557129,410.935059,-7.621460,1

1.526855,0.634277,1.786499,-55.332031,400.498047,-69.999390,1

1.402588,0.639893,1.434814,38.173828,461.105957,-74.699097,1

1.207764,0.644043,1.260620,34.023438,385.910645,-155.082397,1

0.653687,0.382812,0.623535,89.870605,362.045898,-185.905151,1

0.451660,0.077637,-1.295898,-7.663574,259.567871,-214.957886,1

1.247070,-0.896729,-3.667236,-33.481445,133.652344,-104.850464,1

1.695923,-0.034424,-3.877930,-14.926758,-151.625977,116.279907,1

1.813477,1.018677,-0.212769,70.583496,-403.518066,165.962524,1

2.057983,0.368896,2.577148,163.601074,-283.156738,150.459595,1

1.038818,0.101562,0.858643,-25.302734,-312.270508,163.704224,1

1.151855,0.041870,1.252563,58.742676,-303.359375,134.407349,1

0.975342,-0.034302,1.159912,-13.828125,-348.952637,50.972290,1

0.495117,0.245483,1.365723,121.547852,-248.549805,102.363892,1

0.029297,0.580200,1.581055,-0.644531,-270.278320,90.217896,1

0.666992,0.748291,1.436157,-44.040527,-237.868652,65.559692,0

1.397095,1.843140,2.757568,88.222656,-127.639160,75.203247,0

1.791016,2.937012,3.061768,134.487305,-84.731445,64.033813,0

1.437744,2.433960,2.816895,84.377441,-57.998047,-2.006226,0

0.180054,1.218872,2.070923,-32.932129,72.373047,4.219360,0

-0.598267,0.764893,1.229004,-37.753906,191.635742,-35.453491,0

0.215942,0.751587,1.516724,-44.284668,276.962891,-41.068726,1

1.041992,0.635376,1.737793,-45.749512,326.035156,-85.380249,1

1.354858,0.646851,1.710083,15.895996,389.816895,-71.647339,1

1.491333,0.395508,1.343018,25.539551,385.239258,-118.339233,1

1.198608,0.531372,1.341797,46.474609,368.210449,-152.640991,1

0.954224,0.761597,1.252686,126.979980,391.525879,-190.971069,1

0.576782,0.331299,-0.682739,127.224121,293.869629,-281.119995,1

1.018066,-1.283203,-3.215088,-15.842285,113.632812,-168.571167,1

1.022827,-0.960693,-3.095825,-20.480957,-107.436523,75.325317,1

0.970825,0.232666,-1.062744,-31.162109,-198.439941,154.182739,1

1.440308,0.313477,0.798950,-8.884277,-315.688477,130.012817,1

0.967773,0.192261,1.495972,6.984863,-275.283203,174.446411,1

0.948608,-0.082397,0.825073,-102.756348,-310.805664,104.011841,1

1.162964,-0.050049,1.116699,95.424805,-302.016602,110.969849,1

0.473022,0.244751,1.593750,-6.503906,-359.450684,71.602173,1

0.625610,0.221191,1.237793,-13.461914,-298.598633,85.701294,0

0.475342,1.008911,2.421631,108.913574,-187.697754,55.671997,0

0.684204,1.684937,2.312378,33.840332,-169.448242,17.463989,0

1.706421,2.086426,3.081665,83.278809,-109.938965,94.307251,0

0.933838,2.352661,2.795654,112.392578,15.183105,85.884399,0

0.070312,1.434204,1.894043,0.637207,59.067383,-7.621460,0

-0.540405,0.742432,1.293457,6.374512,152.756348,-5.057983,0

-0.354736,0.868774,1.235840,-16.391602,230.454102,-47.843628,1

0.470581,0.859497,1.901001,15.285645,309.860840,-64.567261,1

1.105347,0.751465,1.907471,-23.288574,356.735840,-109.855347,1

1.277222,0.615234,1.681641,42.080078,396.774902,-136.405640,1

1.242432,0.444336,1.589478,42.080078,373.764648,-184.135132,1

0.579834,0.553345,0.723511,154.934082,366.135254,-190.543823,1

0.079102,-0.007446,-0.648926,76.320801,215.622559,-240.714722,1

-0.184326,-0.908203,-2.362427,0.087891,140.549316,-106.132202,1

-0.109985,-0.411865,-2.281738,-32.565918,38.498535,-23.978882,1

0.133057,-0.143799,-0.686157,-11.447754,-27.785645,7.515259,1

0.978394,-0.075439,0.161865,-21.884766,-113.967285,36.690063,1

1.115234,0.223511,-0.076782,-33.298340,-127.944336,57.625122,1

1.773315,-0.135254,0.180542,-60.764160,-272.414551,93.391724,1

1.402954,0.124512,0.434937,-10.837402,-325.698242,104.011841,1

1.346069,-0.040039,0.959473,-20.786133,-430.983887,27.046509,1

0.996338,0.355591,1.292236,98.720703,-399.916992,101.753540,1

0.933105,0.620361,2.713379,79.982910,-368.178711,8.247681,0

0.322632,1.876709,3.987061,57.277832,-309.279785,52.620239,0

2.021973,2.358765,3.999512,225.307617,-321.547852,-50.590210,0

1.220947,2.110229,3.848145,62.221680,-112.258301,58.174438,0

-0.258423,0.663940,2.255249,-69.797363,17.441406,16.365356,0

-0.266846,0.003540,0.161865,-68.759766,223.068848,58.723755,0

-0.262451,0.073608,0.042236,-34.030762,88.059082,78.193970,0

-0.056274,0.301514,1.616943,56.423340,157.700195,31.196899,0

0.004395,0.682617,2.127441,1.369629,277.084961,-20.744019,1

0.857178,0.799072,2.270020,8.205566,370.346680,-50.285034,1

1.412964,0.877563,2.787720,53.676758,427.597656,-140.372925,1

1.002686,0.803833,1.787231,68.020020,487.229004,-170.341187,1

-0.398193,0.721191,-0.281128,68.569336,418.564453,-203.483276,1

-0.066772,-0.644043,-1.482422,58.986816,237.534180,-226.798706,1

0.624390,-0.210571,-1.594116,-72.543945,108.322754,-13.969116,1

0.818481,-0.349121,-0.369995,-19.504395,-24.184570,17.952271,1

1.184326,-0.101196,0.252563,14.309082,-23.208008,57.625122,1

1.167847,-0.118164,-0.365234,-90.732422,-161.208496,55.366821,1

1.409912,-0.207886,0.214600,-14.621582,-243.605957,91.133423,1

1.004272,0.085693,0.296143,-40.683594,-373.793945,26.924438,1

1.051514,-0.000854,0.599731,-0.034180,-377.761230,19.234009,1

1.052124,0.175903,0.792847,59.475098,-434.340820,-120.597534,1

0.427979,0.663818,2.125122,135.830078,-309.035645,50.911255,1

0.870850,0.393311,3.999512,113.063965,-264.418945,31.013794,0

1.133423,2.761597,3.999512,226.528320,-236.892090,130.134888,0

1.351807,2.475098,2.832520,192.714844,-228.469238,91.377563,0

-0.158081,0.802002,1.864136,110.439453,-168.959961,-1.273804,0

-0.446045,0.157104,-0.034668,38.234863,75.607910,58.296509,0

0.117310,0.239868,0.670532,37.929688,-46.096191,-6.583862,0

-0.279541,-0.123657,0.208496,-31.833496,55.832520,22.468872,0

-0.207520,0.330566,0.527832,-13.950195,35.751953,16.243286,0

-0.529175,0.207397,0.624634,-110.751953,45.273438,-53.275757,0

-0.374146,1.098511,2.023560,-30.124512,147.812500,-47.660522,1

1.169800,2.662231,3.988892,-79.257812,272.446289,-122.123413,1

1.402344,3.600220,3.999512,-87.131348,432.541504,-150.809937,1

1.019287,2.242798,3.734009,-38.059082,430.283203,-248.954468,1

0.653198,0.448486,0.587646,8.327637,413.193359,-184.440308,1

0.790894,0.057861,0.383179,-47.519531,291.733398,-191.642456,1

0.949463,-0.050537,0.100098,-9.738770,296.188965,-127.311401,1

1.265259,0.178467,0.089478,-47.153320,127.854004,-101.737671,1

1.473145,-0.085083,-0.275024,-48.679199,65.292969,-77.811890,1

1.301758,0.234009,-0.405273,20.595703,6.821289,17.525024,1

1.465088,-0.098389,-0.292236,-65.402832,-169.631348,41.450806,1

0.993286,0.118530,-0.039551,64.052734,-164.809570,92.171021,1

0.307251,0.135254,0.154053,34.267578,-270.461426,127.632446,1

-0.604980,0.167725,0.956543,10.280762,-346.083984,155.037231,1

-0.578491,1.305542,2.450195,55.996094,-470.534668,276.924438,0

0.716797,1.605835,2.592163,-23.166504,-435.805664,107.673950,0

0.260010,2.075317,2.189697,82.607422,-270.339355,91.926880,0

0.443481,0.630737,1.660889,42.812500,-304.885254,26.924438,0

0.084106,0.607544,1.293091,62.465820,-172.194824,31.624146,0

0.000122,0.296387,1.305786,52.517090,-65.444336,7.210083,0

-0.159546,0.179688,0.662842,-20.297852,59.921875,5.012817,0

-0.310669,0.050171,0.337769,-21.823730,71.701660,16.731567,0

0.054443,0.717773,1.143188,1.552734,95.566406,-46.073608,0

0.025757,1.705322,2.498657,-28.537598,169.724121,-9.940796,1

0.425415,3.827393,3.999512,-34.519043,220.688477,-117.667847,1

1.260254,2.350464,3.282227,-99.155273,301.010742,-94.840698,1

0.714355,1.378906,1.572021,3.322754,386.704102,-103.873901,1

1.077637,0.090210,0.893311,-109.836426,250.290527,-128.348999,1

1.002930,-0.028564,0.588867,-9.982910,329.331055,-76.102905,1

0.886108,-0.064697,0.281738,-17.307129,281.479492,-88.981323,1

0.686157,-0.001465,-0.065186,-23.959961,202.927246,-85.136108,1

0.583496,-0.028687,-0.395630,34.938965,164.230957,-75.248413,1

0.330566,-0.024292,-1.320068,113.002930,93.125000,-72.379761,1

0.362671,-0.427612,-1.332764,100.917969,-56.960449,-7.682495,1

0.192749,-0.460693,-1.327026,50.930176,-114.394531,74.959106,1

0.359741,-0.137817,-1.100464,-11.325684,-212.416992,148.018188,1

0.948730,0.491699,0.351807,-80.722656,-354.384766,235.237427,1

1.593384,0.044067,1.881836,-92.929688,-426.040039,150.093384,0

0.936035,0.030518,1.949585,55.080566,-303.359375,122.688599,0

0.360596,0.499756,1.806519,7.412109,-296.035156,32.539673,0

0.205200,0.361816,1.143555,-43.674316,-241.408691,-27.213745,0

-0.239014,0.629761,1.734009,83.217773,-224.318848,-81.657104,0

-0.145142,0.104736,1.008057,-26.828613,-170.729980,-84.586792,0

0.712646,0.680908,1.960571,142.666016,-96.083984,-16.776733,0

0.972534,1.526367,1.867188,73.085938,63.583984,100.349731,0

1.271973,1.669800,2.101562,102.077637,19.577637,20.942993,0

1.138306,1.825684,1.866699,36.403809,66.757812,65.254517,0

0.530762,1.537842,1.986084,4.421387,68.222656,3.242798,0

-0.204590,1.278076,2.545288,-51.853027,135.361328,-9.147339,1

0.374146,1.107544,2.466431,-136.691895,290.512695,-35.392456,1

1.390015,0.889160,1.743530,-54.050293,434.677734,-19.645386,1

1.815918,0.545532,1.595703,-55.576172,415.085449,-80.253296,1

1.703003,0.473389,1.520142,-22.800293,452.561035,-111.686401,1

1.606079,0.053223,0.886841,10.219727,434.189453,-128.287964,1

0.795654,-0.145142,-1.257935,49.648438,368.088379,-104.728394,1

0.992432,-0.431152,-1.777832,82.363281,151.474609,-77.750854,1

0.760498,-0.043335,-1.937256,33.352051,-17.287598,-15.494995,1

0.658447,-0.059082,-1.433838,3.444824,-126.845703,83.748169,1

0.687134,0.032227,0.024780,-7.602539,-274.794922,71.358032,1

0.609619,0.174438,0.966919,-32.687988,-266.311035,122.017212,1

0.731567,-0.355103,1.443481,-68.637695,-306.289062,69.954224,1

0.402954,-0.226196,0.946655,-33.481445,-263.198242,99.067993,1

0.307983,0.091309,1.203491,39.150391,-302.443848,107.368774,1

0.006104,0.654907,1.442749,-39.096680,-301.711426,147.224731,0

0.158813,0.908325,1.878052,84.133301,-250.136719,32.661743,0

0.973633,1.298828,2.476318,54.348145,-296.096191,32.478638,0

0.699829,1.396362,2.436279,142.666016,-129.042969,78.560181,0

0.474609,1.148560,1.614258,52.456055,-87.966309,61.348267,0

0.325317,0.762329,1.265381,82.729492,-53.603516,34.248657,0

0.254395,0.507080,0.826904,12.661133,36.728516,18.806763,0

0.307617,0.484619,0.251343,-38.425293,46.188965,14.656372,0

0.449219,0.503784,0.450806,0.515137,-3.127441,-36.430054,0

0.749146,0.597778,0.884644,-14.865723,-22.170410,-46.256714,0

0.114136,1.240356,1.358032,19.313965,65.354004,-50.834351,1

0.176270,1.809570,2.346191,-95.187988,95.322266,-120.353394,1

0.388306,1.839355,2.551270,-47.885742,267.868652,-119.315796,1

0.815308,1.695679,2.798096,-122.043457,300.339355,-150.016479,1

1.327026,0.783569,2.114868,-27.438965,412.888184,-119.682007,1

1.318604,0.117554,1.563721,14.370117,403.061523,-107.047729,1

1.161865,-0.102905,0.733643,47.817383,409.042969,-87.577515,1

0.901245,0.165649,0.006226,47.695312,307.053223,-122.062378,1

0.729736,0.131226,-1.350708,12.172852,203.171387,-41.312866,1

0.586060,0.286011,-1.555054,66.799316,60.104980,-32.340698,1

0.473999,0.208984,-1.334106,48.732910,-41.701660,26.985474,1

0.445679,0.150635,-1.004761,50.502930,-116.896973,38.704224,1

0.379028,0.108765,-0.681519,10.402832,-233.046875,53.291626,1

0.655640,0.068481,0.165771,11.440430,-303.664551,64.949341,1

0.542480,-0.081177,1.006348,49.526367,-298.293457,46.211548,1

0.482666,-0.277588,1.120850,-23.227539,-356.948242,68.123169,1

0.566772,-0.073486,1.335205,84.316406,-281.630859,94.185181,1

0.177124,0.367554,1.733398,-74.802246,-426.955566,106.941528,0

0.730713,0.552612,1.473999,-0.644531,-391.311035,18.745728,0

1.742676,0.703979,2.232544,70.827637,-342.421875,-107.536011,0

1.292236,1.300903,2.451050,263.942871,-145.949707,-9.513550,0

1.097778,0.814453,2.129028,22.426758,-4.775391,21.065063,0

0.413452,0.599976,0.965820,31.826172,104.355469,69.832153,0

0.266113,0.471680,0.567627,-23.288574,80.063477,10.017700,0

0.584473,0.270996,0.496582,34.877930,58.151855,30.769653,0

0.738159,0.342773,0.563965,78.884277,57.236328,46.455688,0

0.640015,0.437378,0.597900,58.681641,61.936035,50.789185,0

0.747681,0.325073,0.478882,27.980957,54.611816,18.928833,0

0.651855,0.371826,0.406860,15.468750,43.991699,39.436646,0

0.756226,0.346924,0.374634,-13.889160,-6.850586,7.515259,0

0.779297,0.344727,0.537476,14.125977,-19.729004,18.806763,0

0.754150,0.434326,0.602905,-5.405273,-32.302246,10.383911,0

0.774414,0.405762,0.654419,14.248047,-24.123535,13.801880,0

0.682739,0.485352,0.619873,-6.381836,-30.104980,10.872192,0

0.753662,0.386108,0.609131,17.482910,-21.071777,8.430786,0

0.606323,0.463989,0.582397,4.055176,-21.621094,11.787720,0

0.661255,0.435059,0.612427,34.084473,-1.967773,-0.785522,0

0.467896,0.363281,0.668091,8.327637,4.074707,-15.006714,1

0.501343,0.740601,1.273682,15.712891,6.699219,-23.612671,1

0.077148,1.479736,2.648682,23.525391,110.581055,-6.705933,1

0.649780,1.495728,2.768433,-26.645508,203.171387,-58.280640,1

1.164307,1.479248,2.968384,-31.162109,321.945801,-82.694702,1

1.533447,0.927612,2.389771,-27.805176,363.754883,-98.380737,1

1.468018,0.526978,1.876099,-13.522949,370.957031,-128.532104,1

1.263550,0.332520,1.830933,34.511719,394.882812,-101.432495,1

1.009399,0.116821,0.861572,24.196777,348.068848,-104.240112,1

0.682739,0.055908,-0.049683,85.415039,313.034668,-95.206909,1

0.645264,-0.028320,-0.699219,22.487793,205.124512,-88.004761,1

0.713745,0.057983,-1.841309,-14.133301,104.477539,-50.040894,1

0.790405,0.196045,-2.134644,75.283203,-16.127930,9.712524,1

0.741821,0.226074,-1.573853,30.849609,-155.593262,44.502563,1

0.707764,0.396118,-0.727051,30.605469,-220.717773,64.522095,1

0.916870,0.106812,0.042603,-29.514160,-328.444824,35.957642,1

0.998779,0.103638,0.943237,48.610840,-334.426270,33.699341,1

1.093628,-0.163330,1.455444,1.796875,-323.928223,88.997192,1

0.879028,-0.026123,1.731812,41.591797,-363.967285,21.553345,0

1.046753,0.053345,1.335327,-123.874512,-373.305664,8.674927,0

1.375977,0.649292,2.216797,237.758789,-299.086914,-72.623901,0

1.395508,0.564819,2.081055,61.794434,-303.298340,-42.411499,0

0.331299,0.957520,2.933350,237.880859,-138.869629,30.464478,0

0.534668,0.471313,2.073364,-12.668457,-66.787109,-20.866089,0

0.618774,1.378418,1.252441,-5.588379,40.817871,47.005005,0

1.119995,0.850220,1.125244,123.928223,51.865234,-9.696655,0

0.731812,0.896484,1.223755,-14.499512,-4.165039,24.421997,0

0.625488,0.179932,0.863403,-19.809570,45.517578,-3.715210,0

0.418091,0.139771,0.443970,12.844238,148.666992,46.638794,0

0.565796,0.283813,0.295776,-18.283691,119.370117,39.741821,0

0.779175,0.376465,0.289062,19.497070,105.332031,28.938599,0

0.819580,0.468628,0.365356,9.853516,45.822754,24.421997,0

0.540527,0.458374,0.503052,-5.466309,-2.944336,14.229126,0

0.418579,0.473633,0.420288,-25.974121,-0.380859,-22.147827,0

0.547729,0.429443,0.544678,-17.429199,-36.086426,-13.297729,0

0.405273,0.662964,0.718750,1.613770,-43.959961,-17.570190,0

0.506592,0.498291,0.870239,3.322754,-44.936523,-24.528198,0

0.461060,0.510010,0.760620,24.746094,-14.907227,-3.410034,0

0.489746,0.539307,0.764038,33.474121,-18.447266,0.557251,0

0.494629,0.508301,0.734619,34.084473,-11.672363,-12.504272,0

0.575928,0.426147,0.740723,25.905762,-14.785156,-7.682495,0

0.596924,0.428833,0.670654,27.736816,-6.972656,2.205200,0

0.623779,0.396973,0.628662,43.178711,0.900879,16.853638,0

0.593994,0.472778,0.613403,11.745605,-19.851074,24.666138,0

0.571411,0.558228,0.623291,13.881836,-19.484863,30.098267,0

0.635010,0.549805,0.667236,21.267090,-17.958984,13.740845,0

0.690796,0.563110,0.698730,27.431641,-11.428223,18.989868,0

0.692871,0.606079,0.754395,31.826172,-1.784668,14.595337,0

0.648926,0.554932,0.649780,14.980469,21.103516,10.200806,0

0.663940,0.588745,0.532227,13.759766,35.507812,0.007935,0

0.652344,0.577637,0.500000,10.280762,35.629883,-3.898315,0

0.692871,0.546509,0.499390,-3.391113,16.953125,-15.800171,0

0.682617,0.512939,0.484863,10.891113,24.216309,-12.931519,0

0.614624,0.429199,0.461792,11.440430,23.361816,1.900024,0

0.556519,0.509766,0.413452,13.820801,36.301270,10.872192,0

0.575806,0.553955,0.314819,8.388672,12.375488,18.928833,0

0.552124,0.628418,0.463257,27.980957,-2.211914,22.896118,0

0.642700,0.602905,0.414307,11.623535,-25.832520,16.243286,0

0.648804,0.653931,0.604370,28.896484,-40.053711,17.769165,0

0.635498,0.681763,0.671997,12.783203,-31.813965,20.942993,0

0.683838,0.769897,0.611572,15.163574,-17.470703,23.018188,0

0.675415,0.667236,0.598755,14.003906,-14.541016,19.844360,0

0.687378,0.629028,0.547729,16.262207,-2.944336,23.506470,0

0.669556,0.634888,0.499756,13.454590,12.436523,23.750610,0

0.649170,0.605713,0.459351,18.520508,18.479004,24.605103,0

0.674316,0.636353,0.448975,24.624023,20.859375,17.158813,0

0.720947,0.587769,0.504272,27.126465,13.962402,9.224243,0

0.727417,0.590576,0.562866,24.685059,20.310059,7.149048,0

0.741455,0.609985,0.549438,27.858887,34.287109,8.858032,0

0.689209,0.654175,0.589355,32.314453,40.695801,1.289673,0

0.633911,0.602539,0.581909,12.966309,44.846191,-15.433960,0

0.640991,0.472290,0.546997,-9.128418,38.254395,-33.622437,0

0.672607,0.471680,0.515991,-13.706055,45.090332,-30.814819,0

0.716553,0.553467,0.526367,-0.156250,48.142090,-25.626831,0

0.625732,0.529663,0.535889,-8.945312,40.817871,-31.486206,0

0.620361,0.604004,0.518555,-14.255371,49.912109,-28.861694,0

0.488159,0.607056,0.503784,-21.335449,35.202637,-7.438354,0

0.567993,0.552002,0.470459,-24.936523,7.553711,-25.504761,0

0.553833,0.628052,0.502686,-30.124512,-12.221680,-14.945679,0

0.627075,0.702148,0.484375,-7.602539,-23.879395,-19.767456,0

0.477295,0.747314,0.435669,0.209961,-26.564941,-16.471558,0

0.477783,0.565186,0.476929,4.299316,-61.477051,-17.448120,0

0.438843,0.557495,0.516724,24.868164,-59.218750,-0.358276,0

0.470947,0.621216,0.636719,50.197754,-47.988281,36.018677,0

0.492554,0.815186,0.894531,77.541504,-26.442871,14.656372,0

0.422974,0.737427,0.940308,24.501953,-10.939941,5.012817,0

0.423828,0.640991,0.756470,-3.330078,21.103516,3.181763,0

0.344482,0.688843,0.598633,10.463867,63.461914,10.811157,0

0.456543,0.738647,0.580200,8.266602,62.546387,0.557251,0

0.548706,0.830078,0.592773,12.600098,69.443359,2.388306,0

0.525757,0.880615,0.585571,-4.855957,58.884277,-10.062866,0

0.513062,0.808838,0.520752,-10.959473,64.926758,-19.218140,0

0.383179,0.808594,0.339600,-22.983398,63.095703,-22.514038,0

0.371216,0.702148,0.251709,-37.509766,25.009766,-38.810425,0

0.374023,0.595581,0.201416,-24.631348,0.168457,-25.932007,0

0.328369,0.643433,0.355591,-6.442871,-35.842285,-6.583862,0

0.258301,0.722534,0.636963,-4.062500,-74.538574,-5.912476,0

0.365967,0.661011,0.732178,-16.269531,-69.472656,-11.893921,0

0.352661,0.634766,0.707275,-8.945312,-60.439453,-16.105347,0

0.395020,0.630737,0.687622,-2.475586,-50.551758,-12.382202,0

0.410034,0.613403,0.685547,-4.794922,-51.345215,-8.170776,0

0.451660,0.540405,0.657837,-2.841797,-43.654785,3.914185,0

0.464478,0.602417,0.712646,24.562988,-22.780762,23.872681,0

0.434692,0.696777,0.746582,26.577148,-10.024414,29.060669,0

0.448120,0.762085,0.787842,16.567383,3.403320,21.187134,0

0.430786,0.722168,0.750732,-9.860840,13.291016,9.834595,0

0.441040,0.690308,0.635864,-7.968750,28.610840,5.195923,0

0.468628,0.711304,0.588501,-1.499023,38.437500,5.317993,0

0.438721,0.731689,0.556030,3.688965,35.385742,2.205200,0

0.441895,0.713623,0.603027,-1.865234,30.930176,-1.640015,0

0.452881,0.750488,0.609985,9.548340,38.437500,-5.363159,0

0.470337,0.731201,0.694092,-6.625977,34.531250,-1.762085,0

0.388428,0.716553,0.606567,-27.255859,34.165039,-17.692261,0

0.457642,0.762939,0.615112,-33.847656,18.784180,-32.035522,0

0.349854,0.569092,0.490723,-55.881348,-15.761719,-57.853394,0

0.386108,0.405151,0.518433,-57.651367,-23.879395,-31.303101,0

0.404297,0.409058,0.539307,-29.819336,-32.607422,-9.574585,0

0.472168,0.432373,0.597900,-17.185059,-52.871094,1.594849,0

0.414795,0.454712,0.651001,-2.353516,-65.078125,-17.509155,0

0.323853,0.289551,0.613403,-11.752930,-71.608887,-12.565308,0

0.194458,0.288574,0.446533,-23.837891,-43.837891,-9.757690,0

0.264526,0.203491,0.483887,-45.688477,-50.124512,1.961060,0

0.365845,0.524048,0.844116,-14.438477,-23.757324,-18.546753,1

0.166626,1.282593,1.700439,7.900391,-19.484863,-7.255249,1

0.756592,1.985718,3.523926,5.825195,48.569336,-54.801636,1

0.770020,1.883057,2.807129,-15.231934,203.598633,-47.599487,1

0.647339,1.523560,2.495972,-48.618164,217.453613,-89.896851,1

0.618896,0.686157,1.594727,-23.532715,299.179688,-70.731812,1

0.896118,0.311523,1.033081,-5.466309,336.350098,-78.361206,1

1.124268,0.114136,0.983765,41.652832,329.270020,-112.907104,1

0.881226,0.381226,1.064575,47.695312,312.729492,-93.436890,1

0.820557,0.143311,0.341797,81.325684,296.127930,-117.423706,1

0.436401,0.035278,-0.351440,104.213867,215.866699,-127.006226,1

0.445068,-0.486572,-1.452759,106.960449,131.943359,-91.666870,1

0.519287,-0.908691,-2.177979,35.549316,-44.753418,-15.922241,1

0.490845,-0.491943,-1.648560,3.688965,-101.149902,102.180786,1

0.901855,0.359253,-0.075073,-71.872559,-198.928223,182.503052,1

1.005127,0.171143,0.864380,-132.785645,-353.408203,137.031860,1

1.404053,-0.351685,1.508545,-36.655273,-314.895020,128.853149,1

0.986084,-0.218506,1.200806,-93.723145,-340.041504,90.889282,1

0.716187,-0.066406,1.130005,-32.871094,-387.709961,86.921997,1

0.379150,0.507446,1.525757,-33.542480,-326.430664,97.359009,0

0.858276,1.318970,2.518677,117.885742,-249.404297,0.068970,0

1.258789,1.689575,2.399414,100.368652,-171.218262,6.782837,0

1.076050,2.180054,2.567505,219.936523,-56.838379,65.864868,0

0.867432,1.523926,1.777466,28.225098,-8.193359,13.618774,0

0.381592,0.568726,0.747559,11.928711,43.259277,7.942505,0

-0.039795,0.346191,0.213623,19.863281,115.830078,55.671997,0

0.071777,0.174072,0.087158,60.573730,51.560059,7.698364,0

0.273682,0.375977,0.174194,-8.151855,68.588867,43.281860,0

0.290405,0.321655,0.225342,37.502441,16.770020,-31.364136,0

0.253784,0.393555,0.546509,-1.376953,14.816895,-55.167847,0

0.584351,0.623657,0.531006,-66.806641,1.511230,-51.200562,1

0.942383,2.149902,2.206665,33.291016,-6.240234,-46.500854,1

0.878174,2.901245,3.461182,-58.078613,132.675781,-20.438843,1

-0.070068,2.249390,2.505737,-75.412598,239.426270,-65.482788,1

-0.175903,1.332397,1.300537,-57.529297,316.818848,-49.979858,1

0.899902,0.769531,0.900757,-34.580078,335.434570,-130.180054,1

0.945801,0.290161,0.622925,36.708984,343.491211,-140.800171,1

0.953003,0.197998,1.182007,11.379395,243.576660,-175.712280,1

0.755493,0.017456,0.619995,47.512207,279.770508,-141.898804,1

0.383301,-0.054565,0.031616,62.526855,156.845703,-132.926636,1

0.448608,-0.211670,-0.717041,59.169922,65.903320,-133.414917,1

0.536865,-0.646484,-1.258789,44.033203,-3.981934,20.759888,1

0.378784,-0.759399,-2.214478,-40.988770,7.431641,93.757935,1

1.024536,0.234131,0.079224,-86.032715,-69.350586,189.216919,1

0.393066,-0.019043,0.747803,-213.718262,-178.298340,190.620728,1

0.115479,-0.041992,1.299561,-122.226562,-226.821289,152.168579,1

-0.094971,0.183960,0.341431,-173.129883,-307.387695,88.753052,1

0.651733,0.199585,1.131470,-12.241211,-436.660156,-19.889526,1

0.564941,0.270142,0.801147,4.848633,-387.160645,40.718384,1

0.664673,0.661621,0.788696,43.239746,-386.245117,33.638306,0

1.313232,1.613281,2.663330,188.198242,-324.660645,72.334595,0

1.346069,2.875000,2.269531,147.487793,19.089355,171.394653,0

2.003784,2.635376,1.745361,144.252930,87.204590,-11.161499,0

1.648682,1.724365,1.267334,48.366699,13.474121,-4.813843,0

0.744141,0.960327,0.567749,35.793457,59.616699,15.571899,0

0.020020,0.225830,-0.105957,5.825195,37.888184,-8.842163,0

-0.185913,-0.221680,0.164551,29.384766,-20.705566,-45.341187,0

-0.181274,0.130249,0.124756,-25.485840,23.789062,-84.953003,0

-0.342041,0.098389,0.395508,9.792480,25.192871,-93.192749,0

-0.673340,0.854980,0.736450,-58.078613,56.198730,-180.778198,1

-1.112183,2.985596,2.201050,-55.270996,196.518555,-171.195679,1

-0.321167,3.997559,3.674805,-134.555664,256.455078,-245.536499,1

-0.129395,2.647949,2.846313,-81.027832,376.083984,-154.716187,1

-0.379639,1.466064,0.984863,33.352051,386.520996,-165.031128,1

0.228882,0.313232,-0.057739,11.318359,218.674316,-135.001831,1

0.445801,-0.208984,-0.227173,-30.490723,126.083984,-176.261597,1

0.407837,-0.503784,-0.266602,7.045898,99.411621,-20.194702,1

0.287354,-0.103516,-0.138306,48.732910,18.356934,-89.164429,1

0.802979,-0.175049,0.357422,22.121582,-48.720703,-19.279175,1

0.986084,-0.105713,0.472290,16.567383,-56.472168,-74.454956,1

0.607056,0.067871,0.252808,44.948730,16.708984,3.120728,1

-0.065918,-0.230713,-0.716431,85.598145,13.596191,10.261841,1

-1.267822,0.254395,-1.394775,26.516113,-17.287598,24.971313,1

-0.385864,-0.858276,-0.758179,-59.665527,-35.781250,73.189087,1

0.325195,0.480103,-0.551758,-138.706055,-52.443848,261.909790,1

0.081543,-0.050171,0.722168,-141.635742,-297.133789,233.467407,1

0.387451,0.156738,1.658325,-166.416016,-300.063477,162.910767,1

0.191284,0.213135,0.942017,26.943359,-243.361816,156.013794,1

0.510864,0.624634,1.359863,29.934082,-308.791504,178.718872,1

0.686401,0.810059,0.789551,27.919922,-237.990723,203.438110,0

0.601929,1.459473,0.985840,124.233398,-182.387695,158.638306,0

0.383057,1.462524,1.192261,-8.395996,-141.188965,161.567993,0

1.296265,2.473877,1.102051,56.789551,46.982422,-0.114136,0

1.960693,2.036499,0.992554,-22.312012,23.056641,-16.776733,0

1.394897,1.843384,0.679810,11.867676,-9.475098,5.195923,0

0.692505,1.202271,0.543091,7.961426,-3.798828,-26.420288,0

0.149292,0.576416,0.346436,-20.541992,-10.207520,-37.589722,0

0.104980,0.172363,0.011353,-32.504883,28.366699,-47.477417,0

0.152954,0.126221,0.126465,-6.015625,6.455078,-27.885132,0

0.317627,0.107666,0.083862,-11.203613,16.037598,-44.364624,0

0.394775,0.360840,0.190308,9.426270,6.088867,-21.415405,0

0.419922,0.378662,0.238892,-17.673340,-20.705566,-61.759644,0

0.487427,0.585938,0.275146,-39.951172,-35.964355,-68.961792,0

0.968262,1.539673,0.656616,-36.411133,-34.926758,-35.514526,0

0.245483,3.451660,1.353760,30.788574,-81.618652,-48.698120,1

0.032349,3.433960,2.133301,-131.198730,-110.671387,-108.085327,1

-0.051514,2.180664,1.947021,-56.247559,127.548828,-126.029663,1

0.606323,0.965088,1.704346,-163.303223,179.672852,-103.568726,1

0.815796,0.693604,1.614746,23.037109,363.815918,-97.404175,1

1.377319,0.031860,1.089600,-42.758789,322.556152,-155.448608,1

1.062622,0.192505,0.965576,50.747070,307.907715,-146.293335,1

1.043213,-0.049805,0.814941,-5.283203,230.270996,-168.021851,1

0.545654,0.045044,-0.310547,17.482910,172.104492,-155.753784,1

0.450562,-0.129517,-0.890137,109.157715,101.425781,-158.134155,1

0.252197,-0.188110,-1.973511,-17.795410,-20.034180,-70.121460,1

0.057373,-0.491211,-2.803833,-33.908691,-48.110352,101.204224,1

1.268799,0.145020,-0.282349,-49.350586,-164.443359,193.184204,1

1.114990,-0.056885,1.119141,-58.200684,-314.040527,164.558716,1

0.949463,-0.028687,1.384888,-25.913086,-283.522949,161.079712,1

0.819214,-0.257690,0.720337,-106.357422,-343.642578,45.357056,1

0.775513,0.013062,1.110107,-17.185059,-338.332520,71.724243,1

0.567871,0.138306,1.140015,-52.341309,-337.722168,-2.799683,1

0.800537,0.525024,2.023071,-97.873535,-379.836426,-11.344604,0

1.666870,1.218750,1.901245,68.813477,-204.421387,-23.978882,0

2.357300,2.490234,2.647949,215.786133,-148.757324,-16.166382,0

1.611816,1.655518,2.338745,43.850098,-65.322266,-17.326050,0

0.597168,0.745605,0.971436,-39.401855,57.114258,10.994263,0

0.040039,0.418335,0.680420,-18.710938,61.691895,7.088013,0

0.039185,-0.065430,0.209717,-18.344727,102.768555,-7.865601,0

0.086792,0.359497,-0.057373,-21.091309,78.354492,26.375122,0

1.136475,0.275024,0.151001,-10.593262,9.445801,-36.063843,0

1.294189,0.849976,0.366699,1.796875,0.412598,-4.447632,0

0.712280,0.436646,0.516602,-39.157715,-81.435547,-36.735229,0

0.414551,0.178101,0.175293,7.656250,-34.377441,-28.617554,0

0.081909,0.290283,0.387573,-12.546387,-46.401367,-9.757690,0

-0.027710,0.513916,0.382080,-1.254883,-19.484863,-4.142456,1

0.443726,1.805908,1.237671,2.895508,-37.673340,-36.857300,1

1.025024,3.187500,2.857544,75.039062,-9.536133,-92.338257,1

1.653564,2.478149,2.935425,-166.721191,45.883789,-145.377808,1

1.119263,1.542114,2.007690,-114.108887,165.512695,-105.399780,1

1.641235,0.791748,1.436157,-100.437012,247.971191,-54.740601,1

2.367432,0.182861,1.024780,-11.447754,296.494141,-98.930054,1

2.088501,0.282104,1.002441,21.633301,279.099121,-101.249390,1

2.206177,0.049072,0.777222,-13.828125,283.432617,-53.458862,1

2.050537,0.361694,0.817749,-2.353516,259.445801,-143.668823,1

1.385498,0.283569,0.208496,3.627930,293.869629,-131.644897,1

0.090332,-0.809326,-3.825806,-94.150391,211.777344,-156.547241,1

-1.232544,-0.818237,-3.997559,-102.756348,-71.181641,37.605591,1

0.090088,-0.811523,-2.574585,58.925781,-177.871094,58.052368,1

1.643188,0.238647,-0.038818,36.281738,-214.187012,181.526489,1

1.775024,0.180908,0.878296,-22.983398,-171.401367,178.047485,1

1.804443,-0.287109,0.825806,-120.151367,-217.421875,155.830688,1

1.458740,-0.234741,0.948486,-167.209473,-288.100586,95.711060,1

1.543701,-0.408936,1.089600,-55.209961,-291.701660,25.825806,1

1.324097,-0.098022,1.293579,-61.801758,-323.195801,4.219360,1

1.409302,0.544067,2.124878,-39.768066,-348.891602,-24.223022,1

2.778442,1.707764,3.003418,82.851562,-248.977051,-64.262085,0

1.863525,2.407593,3.520386,256.740723,-80.214844,37.971802,0

1.048340,1.685669,1.997314,0.942383,51.499023,-2.372437,0

0.272339,0.697266,0.962036,-10.593262,52.170410,-14.396362,0

0.162720,0.317383,0.938843,37.319336,82.810059,-26.237183,0

0.359131,0.129517,0.372803,-42.331543,167.465820,9.956665,0

0.718018,0.508301,0.370483,8.388672,143.356934,49.995728,0

1.088135,0.765625,0.272705,-19.382324,124.008789,19.478149,0

0.847656,0.377930,0.409546,11.074219,33.981934,43.648071,0

0.279541,0.556396,0.537842,0.698242,68.283691,31.807251,0

0.407104,0.465332,0.339111,-40.378418,17.075195,-2.555542,0

0.494019,0.461304,0.692871,21.206055,-18.996582,-11.771851,0

0.374268,0.525146,0.675537,27.919922,4.868164,19.234009,0

0.296753,0.489258,0.569580,8.632812,-42.006836,-6.156616,0

0.252930,0.421509,0.472412,16.628418,-55.495605,-2.982788,0

0.209595,0.435425,0.608032,24.257812,-63.491211,-23.429565,0

0.388306,0.380127,0.562866,44.094238,-11.550293,-27.640991,0

0.242188,0.687012,1.084961,3.688965,-17.043457,-10.917358,1

0.319092,1.988281,1.793823,76.198730,31.418457,10.933228,1

0.356201,2.660400,3.253418,-74.863281,-69.777832,-88.065796,1

0.241455,1.684326,2.668945,-85.788574,175.095215,-60.416870,1

0.565308,1.070190,2.394165,-78.891602,300.766602,-72.990112,1

1.359131,0.402466,1.978760,-102.512207,327.683105,-102.714233,1

2.131226,0.371216,2.460083,45.070801,455.612793,-58.158569,1

2.437378,0.046875,1.758423,16.811523,455.673828,-73.295288,1

1.903564,-0.063721,0.776245,133.144531,455.063477,-75.980835,1

1.563110,-0.202759,-1.474243,74.062500,238.815918,-138.114624,1

2.029419,-0.544922,-3.449707,-105.258789,4.807129,-3.410034,1

2.209717,-0.570312,-3.004150,-111.972656,-134.475098,96.748657,1

1.948120,0.071167,0.343872,-171.237793,-368.728027,212.898560,1

1.748169,-0.368652,2.784058,-100.681152,-420.485840,151.680298,1

0.659424,-1.140503,2.444458,-228.549805,-339.125977,39.802856,1

1.313599,-0.652588,1.807007,-10.043945,-440.505371,45.540161,1

0.502075,0.848022,1.686401,-74.008789,-382.460938,64.522095,1

1.218628,1.585083,2.223022,-91.586914,-373.854980,-60.538940,0

1.841797,1.924438,2.937500,165.004883,-100.905762,-35.575562,0

1.450684,1.888306,2.097290,3.261719,-9.169922,-6.156616,0

1.107178,0.835815,1.416382,4.055176,42.160645,-12.015991,0

0.056396,0.731689,0.672485,21.633301,121.628418,55.794067,0

-0.059937,0.223999,0.233276,-43.369141,76.523438,-29.227905,0

0.347290,0.012695,0.220215,-32.749023,59.921875,-4.691772,0

0.882935,0.507080,0.411743,24.013672,73.715820,22.407837,0

1.122192,0.631104,0.553345,12.966309,25.681152,1.228638,0

0.609863,0.547119,0.545288,-10.471191,-14.663086,12.642212,0

0.427002,0.437012,0.342529,-30.185547,-31.508789,-23.002319,0

0.537109,0.242310,0.424927,-24.997559,-56.350098,-8.048706,0

0.427124,0.407715,0.461304,-4.611816,-59.401855,-10.490112,0

0.256104,0.352295,0.612305,6.252441,-46.889648,-15.739136,0

0.072266,0.431396,0.665039,-27.500000,-9.169922,-40.519409,0

0.520508,1.311523,1.720581,12.966309,18.784180,5.012817,1

0.698730,2.679810,3.865234,20.534668,66.208496,-83.182983,1

0.784912,1.759033,3.214478,-49.167480,236.618652,-58.952026,1

0.637573,1.030762,2.306152,-18.527832,307.480469,-58.585815,1

1.145508,0.288452,1.338013,-43.308105,388.168945,-48.453979,1

1.419922,0.186401,1.317139,9.914551,333.298340,-79.215698,1

1.533081,-0.141602,1.006592,67.653809,389.572754,-68.839722,1

1.276978,-0.088867,0.708618,94.814453,358.811035,-92.582397,1

0.666138,0.042358,-0.100952,100.551758,262.192383,-115.836792,1

1.069336,-0.064697,-1.555420,85.598145,171.311035,-100.333862,1

1.280029,-0.429688,-3.432983,-69.858398,-74.660645,-64.078979,1

0.953979,0.397095,-2.708252,-55.087891,-264.602051,90.095825,1

1.848145,0.204712,0.426758,-83.347168,-438.186035,61.836548,1

2.471558,-0.172119,2.113892,161.586914,-395.827637,91.133423,1

1.165039,0.165039,1.759033,-48.435059,-322.463379,96.870728,1

1.114868,-0.346436,1.434082,-79.807129,-328.811035,5.440063,1

1.001831,-0.356323,1.381348,-80.722656,-386.245117,-8.720093,1

0.680298,-0.014526,1.789795,57.705078,-330.947266,-85.868530,0

1.590088,1.213989,2.623291,155.117188,-323.195801,-61.210327,0

1.009155,2.742554,3.407227,243.618164,-92.604980,-3.898315,0

1.224609,1.651123,1.923218,-7.602539,22.568359,12.276001,0

0.625000,1.081055,1.285400,28.835449,96.542969,12.947388,0

0.267822,0.344360,0.743530,-24.631348,91.660156,3.425903,0

0.207520,0.080933,0.363159,-15.231934,156.906738,32.478638,0

0.339478,0.107178,-0.034424,-33.908691,150.681152,39.131470,0

0.929321,0.481934,0.269287,22.304688,86.105957,41.084595,0

0.930054,0.716187,0.259155,-18.833008,-22.170410,2.144165,0

0.616943,0.372559,0.652588,25.478516,-92.421875,-37.772827,0

0.373901,0.107788,0.406982,-64.853516,-52.443848,-13.236694,0

0.181519,0.173462,0.528931,0.637207,-14.235840,15.144653,0

0.719849,0.659668,0.934326,-42.575684,-32.180176,29.854126,0

1.354370,1.701172,3.391724,-53.806152,26.169434,151.253052,1

1.116455,1.842407,3.900879,-56.125488,174.118652,11.665649,1

0.191162,0.917969,2.915894,-3.513184,283.188477,21.309204,1

0.549561,0.677612,1.559082,105.190430,449.936523,-20.621948,1

1.292358,0.182983,1.596924,107.326660,406.723633,-144.523315,1

1.530640,-0.167114,1.696289,106.838379,420.883789,-133.964233,1

1.232788,0.130615,1.454590,100.124512,353.867188,-161.796265,1

1.118652,0.104248,0.396851,77.297363,298.020020,-133.414917,1

0.851807,-0.281982,-1.322754,75.405273,152.512207,-124.625854,1

1.571411,-0.793823,-3.520264,-25.974121,7.492676,-20.438843,1

1.231201,-0.590698,-3.075684,-38.608398,-161.635742,189.644165,1

2.007812,0.441895,0.548706,-129.123535,-327.346191,241.096802,1

1.964355,-0.114014,1.100342,-83.896484,-410.109863,159.675903,1

1.813354,-0.229736,1.447876,-11.875000,-382.521973,156.257935,1

1.800171,-0.212402,1.722900,-62.778320,-405.959473,55.061646,1

1.474976,0.117676,2.180786,14.492188,-355.849609,71.052856,1

0.690796,0.506714,2.571655,-5.466309,-321.486816,54.390259,1

0.507935,1.349731,1.857666,22.548828,-187.636719,91.194458,1

1.314331,2.228760,2.205688,119.716797,-173.781738,71.663208,0

1.395142,2.389526,2.083130,131.374512,-1.906738,39.314575,0

1.088867,1.528198,1.443115,3.994141,9.201660,-17.448120,0

0.436401,0.811646,0.782104,-25.974121,51.437988,-8.231812,0

0.221191,0.264893,0.569336,-20.236816,70.419922,-14.152222,0

0.106201,0.151001,0.139526,-21.091309,121.445312,3.242798,0

0.618896,0.244873,0.207520,19.497070,93.613281,-0.724487,0

1.248291,0.655884,0.337402,27.004395,52.414551,18.196411,0

0.736450,0.411865,0.450928,-9.433594,-25.344238,5.501099,0

0.496826,0.372192,0.253174,-18.649902,-14.846191,-0.419312,0

0.495972,0.253418,0.305664,-3.085938,-55.373535,5.623169,0

0.136475,0.259766,0.442139,6.740723,-52.749023,-1.823120,0

-0.020508,0.505493,0.500244,48.488770,7.431641,28.694458,0

0.781860,1.665283,1.466797,41.835938,-13.015137,-20.927124,1

0.861084,3.423950,2.979980,-32.260742,3.403320,-76.774292,1

0.449585,2.198120,2.362427,-137.668457,109.848633,-98.869019,1

0.356323,1.344971,2.274902,-115.451660,235.153809,-96.854858,1

1.261597,0.700684,1.649048,-24.814453,385.239258,-68.717651,1

1.873901,0.246582,1.874512,-2.414551,367.844238,-136.222534,1

2.100708,0.145508,1.897705,27.187500,447.739258,-117.179565,1

1.696777,0.099854,1.121704,58.193359,417.099609,-150.321655,1

1.140991,0.002686,-0.498535,194.423828,357.468262,-198.722534,1

1.329224,-0.848877,-2.485718,41.774902,113.510742,-149.284058,1

1.890869,-1.511841,-3.900391,67.104492,-27.663574,91.194458,1

1.972290,0.403076,-1.310303,-69.614258,-319.960938,255.440063,1

2.036987,0.958984,1.509644,52.456055,-339.125977,229.622192,1

1.857910,0.173462,2.027832,-116.611328,-383.620605,197.578735,1

1.606445,-0.003906,1.357544,-3.330078,-362.624512,115.608521,1

1.406250,0.092529,1.659058,-54.050293,-359.267578,112.861938,1

0.859131,0.196899,1.946289,-73.337402,-349.074707,65.437622,1

0.746582,0.423096,2.029419,20.839844,-265.944824,58.357544,0

1.253784,1.546021,2.574829,85.048828,-161.757812,101.509399,0

1.608032,2.475464,2.515381,201.687012,-26.015625,60.615845,0

0.868652,1.845825,2.196655,72.109375,-38.405762,-31.913452,0

0.446167,0.726074,1.141846,-53.073730,41.550293,-10.062866,0

0.048584,0.354614,0.689941,-3.085938,120.407715,12.214966,0

0.202393,0.175415,0.278687,-1.254883,156.540527,0.984497,0

0.534668,0.338013,0.246582,3.811035,118.942871,6.111450,0

1.212402,0.398071,0.398315,7.351074,61.569824,1.472778,0

0.766113,0.529785,0.327881,12.111816,13.168945,36.140747,0

0.446167,0.302002,0.270386,-21.152344,-63.674316,-16.471558,0

0.340576,0.146606,0.417725,13.393555,-46.157227,14.168091,0

0.177490,0.188110,0.440674,2.346191,-33.889160,14.229126,0

0.203735,0.130005,0.499268,17.299805,3.769531,37.727661,0

0.575195,1.043091,1.457764,9.975586,30.075684,50.972290,1

0.423218,2.748901,3.271729,1.064453,12.741699,-52.726440,1

0.744751,2.276489,3.045288,-91.708984,103.989258,-85.502319,1

0.169678,1.534302,2.377075,-34.030762,218.918457,-95.390015,1

0.915894,0.772095,1.828247,-23.410645,309.433594,-119.254761,1

1.626221,0.270142,1.721313,-18.100586,353.073730,-111.564331,1

1.845337,0.418945,2.020386,86.940918,464.829102,-168.204956,1

1.701538,0.626709,1.585815,114.956055,528.488770,-174.552612,1

1.346802,0.207642,0.472168,170.864258,409.836426,-214.774780,1

1.432983,-0.980225,-1.398926,80.715332,192.734375,-138.847046,1

2.250610,-1.465210,-2.494629,51.845703,-7.338867,-4.752808,1

1.816528,-1.093262,-2.808960,-158.481445,-196.242676,133.796997,1

2.190918,0.155762,-0.412231,-33.359375,-377.272949,229.683228,1

2.260620,0.534180,2.573975,27.736816,-409.377441,220.772095,1

1.413574,0.270142,2.551147,-79.807129,-322.524414,184.151001,1

1.201782,-0.084473,1.433960,-78.098145,-365.859375,117.500610,1

0.818604,0.086792,1.505615,-67.478027,-347.426758,104.194946,1

0.610596,0.142090,1.668091,-82.858887,-321.730957,19.783325,1

1.189331,0.592773,2.463379,3.627930,-285.048828,65.925903,1

1.761475,2.026123,2.711304,178.310547,-147.231445,77.583618,0

1.196289,2.586670,2.436035,311.428223,43.564453,88.386841,0

0.710693,1.524048,1.662231,1.491699,-17.043457,-6.766968,0

0.122559,0.710693,0.919678,8.144531,48.386230,-20.988159,0

0.188599,0.181763,0.491089,-19.382324,106.125488,-2.982788,0

0.231934,0.103271,0.248657,50.319824,159.775391,26.863403,0

0.662720,0.429810,0.234009,3.139648,99.899902,24.910278,0

0.917969,0.445190,0.290039,2.529297,1.022949,-21.171265,0

0.580566,0.404175,0.631836,22.060547,-77.956543,-17.265015,0

0.465454,0.283203,0.513550,-47.580566,-61.599121,-51.688843,0

0.276733,0.279785,0.429688,-18.955078,-40.480957,-41.251831,0

0.155640,0.271729,0.608154,-28.049316,-41.945801,-103.568726,0

0.020752,1.027954,1.318604,-47.702637,-5.263672,-30.204468,1

0.241333,1.740601,2.012695,-12.729492,56.992188,-36.246948,1

0.159180,2.638062,2.924072,-78.037109,68.100586,-62.492065,1

0.303955,1.704468,2.660767,-106.601562,119.919434,-91.300659,1

0.268677,1.018188,2.039917,-95.737305,226.181641,-58.158569,1

1.075806,0.424194,1.442627,-100.925293,313.156738,-36.796265,1

1.259521,0.099365,1.264771,-36.105957,316.513672,-95.939331,1

1.655273,-0.087402,1.478271,-38.120117,298.874512,-69.999390,1

1.441895,0.495239,1.054810,41.896973,411.057129,-81.107788,1

1.144775,0.567017,-0.168457,43.483887,338.913574,-108.451538,1

0.813354,-0.441284,-1.739624,129.665527,224.838867,-145.621948,1

1.308350,-1.977783,-3.906738,40.981445,40.451660,21.675415,1

0.986450,-0.157715,-2.856079,-50.021973,-136.367188,208.198853,1

1.776001,0.582153,-0.673828,17.238770,-312.331543,207.405396,1

1.791870,0.548950,1.845459,-30.246582,-318.374023,175.789185,1

1.797852,0.044434,1.317383,-40.073242,-286.879883,155.586548,1

1.265137,0.052979,1.249268,-82.431641,-318.618164,117.378540,1

1.374268,-0.058472,1.699097,-4.001465,-293.227539,104.011841,1

0.574463,0.097290,1.843750,-100.009766,-312.697754,45.601196,1

0.525879,0.940430,2.448242,21.328125,-223.830566,77.766724,1

0.946777,1.649048,3.100708,0.026855,-242.263184,18.623657,0

1.149658,2.088013,2.966675,89.870605,-117.629395,46.638794,0

0.814209,1.278809,2.066772,53.981934,-53.481445,-6.278687,0

0.123535,0.545044,1.204834,4.604492,33.554688,12.276001,0

0.036743,-0.003540,0.325073,24.440918,126.572266,66.658325,0

-0.032959,0.509277,0.233276,28.347168,136.582031,93.330688,0

0.894287,0.329468,0.317017,9.670410,60.898438,-4.264526,0

1.111450,0.660889,0.489258,60.268555,37.399902,52.803345,0

0.223145,0.868652,0.731445,40.310059,4.562988,3.975220,0

0.526733,0.186157,0.549805,-55.942383,-52.932129,-69.083862,0

0.627930,0.427002,0.700195,-15.598145,-10.207520,3.792114,0

0.545044,0.585815,0.733154,16.262207,6.882324,16.121216,0

0.378418,0.591919,0.703369,3.139648,6.699219,-6.889038,0

0.529419,0.574463,0.671265,-8.579102,-25.771484,-17.753296,0

0.453125,0.481445,0.655396,-0.888672,-37.062988,-17.265015,0

0.421997,0.456421,0.525879,21.816406,-19.362793,-3.165894,0

0.303467,0.430176,0.589844,31.520996,-29.250488,-18.180542,0

0.244263,0.429688,0.859009,-29.636230,-29.921875,-38.932495,1

-0.076904,0.624023,0.972290,-20.419922,-4.958496,-37.101440,1

0.233521,1.912964,2.603516,1.186523,66.696777,-56.449585,1

0.750732,2.346558,3.398315,-74.008789,86.960449,-85.441284,1

0.409058,1.766846,2.642212,-62.290039,202.622070,-67.313843,1

0.461182,1.024536,1.787354,-96.408691,282.761230,-69.694214,1

1.127808,0.767456,1.259399,22.304688,382.492676,-73.966675,1

1.683594,0.170166,1.606812,-62.717285,290.817871,-117.606812,1

1.467285,0.235962,1.178833,29.445801,401.230469,-54.801636,1

1.234009,0.276611,0.787720,30.239258,336.350098,-105.888062,1

0.857788,-0.130615,0.019653,61.733398,310.654297,-103.324585,1

1.009888,0.103760,-2.308350,89.626465,180.344238,-72.074585,1

1.404785,-1.166382,-3.997559,7.900391,6.760254,-28.983765,1

1.279419,-0.349365,-2.634399,-5.588379,-222.426758,136.665649,1

1.508179,0.084351,0.824097,-45.444336,-278.884277,187.874146,1

1.387207,-0.024536,1.241455,-76.450195,-392.226562,133.430786,1

1.589111,-0.357788,2.172241,26.333008,-311.965332,156.074829,1

0.973267,-0.148193,1.464600,-94.394531,-313.613281,133.125610,1

0.523804,0.283203,1.209473,-47.580566,-327.468262,111.152954,1

0.637329,0.162354,1.594360,-107.700195,-382.094727,24.299927,1

0.475952,1.078979,2.412842,12.600098,-101.333008,64.216919,0

0.679810,1.752319,2.849731,39.455566,-179.580078,72.517700,0

1.008545,2.143433,2.482666,108.486328,-74.416504,-9.452515,0

0.911133,1.037231,1.643311,29.384766,-46.584473,-36.124878,0

0.423584,0.570557,1.153320,19.802246,28.000488,-4.569702,0

0.182617,0.049805,0.357300,-37.998047,79.819336,7.454224,0

0.261963,0.053833,0.297485,27.370605,83.115234,33.088989,0

0.641479,0.293457,0.366455,-8.640137,70.175781,34.248657,0

1.049194,0.570312,0.392578,-17.246094,39.475098,41.878052,0

0.569824,0.518311,0.621704,16.994629,-32.058105,11.970825,0

0.481201,0.315674,0.459229,-27.011719,-36.635742,-9.025269,0

0.424072,0.256836,0.405884,39.089355,-17.470703,5.745239,0

0.088257,0.495361,0.603149,17.360840,-25.466309,19.234009,0

-0.031128,0.433350,0.614014,16.262207,2.060547,-25.809937,0

0.321777,1.648560,1.705200,9.121094,-4.531250,-17.448120,1

0.691650,2.748535,3.999512,-9.616699,93.796387,-88.248901,1

0.854736,1.905396,3.137085,-85.239258,205.002441,-40.580444,1

0.619263,0.914795,2.132446,-28.171387,311.447754,-44.181519,1

1.068848,0.278809,1.272949,9.487305,385.483398,-48.881226,1

1.210938,0.124268,1.804321,21.328125,321.457520,-151.603394,1

1.420288,0.216553,1.298096,84.255371,383.835449,-108.817749,1

1.411133,0.353516,0.628784,-15.109863,275.498047,-139.030151,1

0.901611,0.480957,-0.512451,7.656250,223.984375,-123.649292,1

0.369263,-0.685425,-2.260742,129.726562,131.699219,-82.938843,1

0.806396,-0.949585,-3.503418,71.926270,-27.114258,147.102661,1

0.006714,0.323242,-2.373169,-159.091797,-217.971191,176.948853,1

1.617798,0.185547,0.515503,40.798340,-177.199707,191.170044,1

1.484131,-0.417603,0.827637,-68.637695,-306.716309,134.590454,1

1.248413,-0.507080,1.857178,-72.849121,-271.865234,120.369263,1

1.114868,-0.627319,0.995117,-117.099609,-292.983398,61.836548,1

0.737305,-0.011841,0.968140,-15.415039,-265.700684,-10.245972,1

0.868042,0.090698,1.405029,22.915039,-358.962402,-94.596558,1

0.804932,1.510376,2.302368,107.448730,-231.093750,43.526001,0

0.444214,2.412354,2.900146,64.663086,-142.775879,46.638794,0

1.369873,2.354980,2.072510,17.177734,-54.152832,-18.546753,0

1.039795,1.499756,1.576660,1.125488,-30.532227,-23.185425,0

0.358032,0.717407,0.864746,-47.092285,-24.611816,6.782837,0

0.136475,0.183472,0.820679,7.412109,9.323730,-10.123901,0

0.128784,-0.083618,0.431641,-12.180176,109.604492,15.205688,0

0.335449,-0.017090,0.209839,-21.030273,110.153809,26.192017,0

0.961182,0.903076,0.389160,-32.626953,89.035645,53.963013,0

0.746704,0.591187,0.602905,82.668457,-13.259277,18.379517,0

0.286865,0.663086,0.840210,-37.326660,4.135742,13.679810,0

0.432617,0.318970,0.413574,-33.786621,-32.180176,-14.518433,0

0.455200,0.547363,0.467651,6.984863,0.046387,19.356079,0

0.307373,0.473755,0.568359,31.643066,-38.771973,0.862427,0

0.170288,0.351929,0.742432,14.309082,-29.555664,-12.809448,0

0.078857,0.386841,0.738159,-48.496094,12.253418,1.350708,1

-0.027832,1.640137,2.079834,-10.043945,24.704590,-7.865601,1

1.188965,2.183716,3.576904,-15.964355,56.625977,-72.501831,1

0.755005,1.385864,2.600952,-68.332520,159.897461,-5.851440,1

0.511963,0.768677,2.055542,-29.514160,278.366699,-11.771851,1

0.963013,0.722778,1.376587,-7.236328,371.811523,-7.743530,1

1.534668,0.325684,1.506348,30.971680,355.454102,-119.682007,1

1.613403,0.208374,1.515259,32.375488,390.549316,-114.738159,1

1.447144,0.172607,1.203735,88.039551,374.924316,-139.762573,1

1.097412,-0.111572,-0.186279,118.557129,285.385742,-152.396851,1

0.693481,-0.903076,-2.046143,113.796387,142.563477,-104.911499,1

1.297729,-1.628662,-3.909302,-29.270020,-79.055176,64.216919,1

1.078979,-0.006226,-2.488281,-92.502441,-254.775391,212.349243,1

2.157715,0.105469,0.387085,-59.177246,-320.327148,209.663696,1

1.994507,-0.550903,1.397461,-103.671875,-350.661621,167.183228,1

1.427124,-0.206421,1.254517,-125.583496,-346.572266,139.900513,1

1.505005,-0.348022,1.338135,-73.154297,-367.812500,38.643188,1

0.997437,0.243408,1.757935,-22.434082,-328.383789,23.628540,1

0.675415,0.025024,1.596436,-222.812500,-283.950195,4.585571,0

1.016968,-0.053589,1.512573,29.079590,-199.538574,-84.525757,0

1.317139,0.930298,2.342896,96.035156,-99.501953,68.611450,0

1.997192,2.161865,3.344482,236.904297,-17.531738,54.817505,0

1.501465,2.082275,3.010010,65.273438,22.202148,12.520142,1

0.739136,1.597778,3.383179,23.647461,154.587402,-28.129272,1

0.251465,1.058838,2.071655,-77.243652,287.155762,-34.598999,1

1.041138,0.758789,1.505005,-10.166016,357.407227,-72.684937,1

1.683716,0.290527,1.296631,-17.856445,339.584961,-95.084839,1

1.584473,0.266602,1.215698,57.827148,345.993652,-120.292358,1

1.527466,0.278809,1.284546,23.342285,312.668457,-151.786499,1

1.309692,0.129761,1.067871,52.028809,314.072266,-160.941772,1

0.992676,0.438110,0.839966,94.692383,315.109863,-201.408081,1

0.910645,-0.353760,-1.122803,60.939941,249.375000,-218.681030,1

1.274658,-1.894653,-3.997559,-66.867676,54.978027,-34.965210,1

0.880981,-0.262573,-2.587158,-44.772949,-171.279297,175.911255,1

1.317749,0.099854,0.244141,-62.229004,-198.439941,194.221802,1

1.198853,-0.209839,1.999023,-67.111816,-312.453613,143.684692,1

0.494629,-0.316284,1.266602,-184.726562,-222.304688,160.530396,1

0.266968,-0.285889,-0.050659,-248.752441,-356.276855,-69.144897,1

1.517090,-0.425049,0.246948,-112.705078,-443.129883,-132.804565,1

1.136963,0.085205,1.422119,-35.312500,-427.871094,-143.485718,1

0.869629,-0.492676,2.453857,104.885254,-291.945801,-39.542847,0

1.102661,0.373535,3.126709,79.494629,-194.960938,11.848755,0

2.139893,1.250854,3.505981,130.703125,-57.937012,-8.048706,0

2.416626,1.895996,3.351440,176.845703,-67.092285,29.732056,0

0.720093,0.663818,2.323608,-69.492188,-59.401855,-86.478882,0

-0.203857,0.362061,2.556885,-14.072266,156.296387,-2.433472,1

0.861084,0.168457,1.993042,-87.802734,249.985352,-33.195190,1

1.822144,0.346313,1.828491,-74.375000,337.937012,2.449341,1

2.537598,0.388428,1.438721,-7.358398,433.518066,-1.823120,1

2.169312,0.572144,1.031738,-23.959961,417.343750,-80.619507,1

2.167236,0.363159,1.215332,35.061035,417.282715,-110.709839,1

1.294556,0.336792,0.392700,82.363281,401.169434,-166.373901,1

0.722412,-0.406494,-0.873169,70.034180,287.583008,-166.190796,1

0.942261,-1.618408,-3.997559,-64.304199,120.041504,-18.851929,1

1.034912,-0.319946,-2.690796,-26.828613,-120.009766,171.577759,1

0.972290,0.279297,-0.713623,-73.947754,-309.951172,137.703247,1

1.625366,0.232788,1.464111,20.290527,-285.903320,141.487427,1

1.387695,-0.236206,0.619385,-100.742188,-356.337891,69.954224,1

1.579956,-0.257080,1.025635,47.084961,-343.154297,83.931274,1

1.319702,-0.122925,1.437378,-51.486816,-342.177734,2.754517,1

0.738770,-0.100464,1.283081,26.333008,-245.620117,68.062134,1

0.493408,0.095703,1.807129,-16.330566,-300.673828,39.192505,1

1.189697,0.959473,2.764648,11.684570,-242.629395,34.248657,0

2.222900,1.775146,3.658325,112.453613,-147.658691,6.843872,0

1.974854,2.538086,3.999512,67.348633,-76.003418,-15.678101,0

0.765503,1.153931,2.932861,-46.848145,3.891602,-65.665894,0

-0.009766,0.463257,1.976685,-140.903320,182.175293,-12.199097,1

0.847290,0.496338,1.721313,-57.224121,287.521973,-43.204956,1

1.849976,0.499512,1.804565,-112.338867,335.068359,-23.795776,1

2.290649,0.519287,1.372803,-5.954590,436.569824,0.496216,1

1.966919,0.625977,1.007935,2.529297,409.775391,-68.412476,1

1.783203,0.500244,0.998535,25.356445,359.238281,-103.507690,1

1.325073,0.553101,0.859253,84.072266,368.454590,-166.312866,1

0.757568,0.118652,-0.468994,94.448242,316.879883,-249.259644,1

1.251343,-1.614868,-3.673706,-79.074707,115.158691,-143.119507,1

0.881836,-1.104980,-3.507935,-14.621582,-74.477539,90.095825,1

1.267578,-0.170532,-1.487671,-33.786621,-321.120605,189.216919,1

1.674683,0.370361,1.109253,-9.982910,-347.243652,150.459595,1

1.712646,0.125366,1.349365,-50.876465,-351.516113,136.421509,1

1.537964,0.019653,0.963745,22.792969,-349.318848,106.758423,1

1.494751,0.214966,1.272583,-19.748535,-374.831543,63.423462,1

1.314209,-0.019531,1.611450,-12.241211,-357.009277,53.840942,1

0.507080,0.131714,1.640259,15.041504,-332.595215,66.353149,0

1.250977,0.848145,2.963379,62.160645,-220.717773,54.268188,0

2.584717,1.447998,3.785034,124.782715,-185.317383,-12.138062,0

2.538940,1.933350,3.678101,90.664062,-20.583496,-18.241577,0

0.992188,1.162842,2.626953,-57.285156,50.827637,-5.424194,0

-0.223145,0.888062,1.924316,-20.847168,151.535645,-52.970581,1

0.840210,0.603149,1.677124,-85.971680,275.620117,-56.998901,1

1.567749,0.776001,1.695923,32.314453,373.886719,-84.342651,1

2.205688,0.830078,1.517944,4.421387,397.934570,-122.733765,1

2.183228,0.810181,1.456665,16.994629,399.094238,-173.087769,1

1.963379,0.545654,1.072021,-19.199219,367.600098,-173.270874,1

1.586914,0.593384,1.207764,85.781250,391.770020,-196.159058,1

0.942139,-0.246582,-0.982544,75.893555,331.040039,-250.236206,1

2.034546,-1.954590,-3.498169,-102.756348,125.656738,-147.025757,1

1.317261,-0.805908,-3.065552,-72.238770,-80.153809,117.195435,1

1.416992,-0.004272,-1.102417,-69.980469,-355.239258,205.696411,1

1.970825,0.424927,1.136475,14.309082,-423.964844,139.656372,1

1.517700,0.400269,1.494263,-64.060059,-373.732910,154.121704,1

1.495972,0.131714,1.055542,50.930176,-375.747070,55.671997,1

1.543091,0.251221,1.177979,22.792969,-385.024414,92.415161,1

1.357910,0.124634,1.394653,-22.861328,-375.258789,55.366821,0

0.871582,0.211670,2.018311,41.286621,-302.749023,-5.546265,0

1.224854,1.017700,2.792847,62.221680,-174.697266,62.202759,0

2.556885,2.366455,3.349487,165.493164,-74.355469,11.238403,0

2.147583,2.125000,3.346313,74.245605,-41.945801,38.826294,0

0.222290,0.673706,2.625122,-41.965332,21.958008,-59.806519,1

-0.066772,0.697632,2.399414,-49.289551,205.979004,6.782837,1

0.922974,0.866455,1.929565,-39.707031,322.250977,-73.478394,1

1.888306,0.841797,1.637451,-79.379883,357.468262,-81.901245,1

2.172607,0.658447,1.300049,32.497559,431.320801,-98.807983,1

1.918579,0.654541,1.180054,-63.815918,372.604980,-139.030151,1

1.631348,0.348267,1.049438,82.851562,414.475098,-133.903198,1

0.788208,0.197754,0.071289,84.499512,378.891602,-197.684937,1

0.497803,-0.409424,-1.408936,98.659668,270.126953,-108.024292,1

1.028564,-1.401245,-3.606812,-22.617188,37.155762,-48.087769,1

1.048584,-0.399536,-2.217896,-22.189941,-165.419922,120.186157,1

1.760010,-0.026978,-0.180176,33.291016,-320.754395,163.093872,1

1.501587,0.327637,1.645264,-20.236816,-278.029785,163.704224,1

1.287231,-0.303101,0.822632,-82.370605,-316.909180,122.505493,1

1.112549,0.098267,1.200317,32.802734,-339.614258,110.786743,1

1.116577,-0.017456,1.189575,-78.891602,-356.704102,117.195435,1

0.868896,0.155884,1.539917,14.797363,-315.871582,74.776001,1

0.771362,0.529297,1.847168,31.765137,-271.315918,149.605103,0

1.440308,1.378662,2.833008,0.148926,-222.976074,67.879028,0

2.177979,2.289673,3.385986,229.152832,-53.969727,97.664185,0

2.220581,2.172974,3.140991,62.221680,-80.092773,-19.523315,0

0.280518,1.218872,2.019897,-73.520508,47.165527,-0.297241,0

-0.203613,0.872559,2.006348,-21.152344,144.882812,-17.875366,1

0.633423,0.734863,1.745483,-7.602539,279.648438,-65.971069,1

1.601929,0.635132,1.763550,10.280762,353.073730,-86.173706,1

2.251099,0.500244,1.662720,43.728027,403.732910,-131.156616,1

2.156250,0.444092,1.737793,118.251953,475.693359,-164.420776,1

2.038452,0.667358,1.878906,144.680176,446.396484,-252.799683,1

1.431519,0.284546,-0.076660,77.297363,427.963867,-257.682495,1

1.289307,-0.897217,-1.511475,75.222168,160.874023,-224.296265,1

1.671143,-1.883423,-3.655518,-39.829102,-9.536133,-24.406128,1

1.301880,-0.424805,-2.735474,-54.660645,-201.369629,207.283325,1

1.502197,0.451538,0.131592,-65.219727,-358.962402,209.053345,1

1.665649,0.258057,1.469849,-37.692871,-341.140137,157.295532,1

1.462280,0.089355,1.331909,4.604492,-341.079102,150.459595,1

1.225586,0.201538,1.528320,-31.162109,-317.946777,93.818970,1

1.028687,-0.079590,1.093506,-86.337891,-312.636719,88.386841,1

0.498535,0.411255,1.490723,22.243652,-276.687012,75.996704,0

0.241943,0.430176,1.646973,-21.823730,-229.995117,40.962524,0

1.174683,0.918945,2.159424,7.656250,-144.118652,19.539185,0

1.921265,1.888306,3.158203,121.120605,-135.085449,23.689575,0

1.846069,2.411865,3.369019,107.387695,-23.757324,34.431763,0

0.813354,1.615112,2.273804,-33.725586,27.695312,-34.110718,0

-0.003296,0.934692,2.186523,47.207031,160.446777,-7.621460,0

0.629517,0.835205,1.246826,-79.074707,282.272949,-47.843628,0

1.260254,0.409790,1.586670,52.272949,322.861328,-55.778198,1

1.852295,0.462769,1.739990,-23.715820,373.642578,-73.966675,1

1.832397,0.533325,1.560669,44.948730,449.143066,-107.108765,1

1.743286,0.298584,1.096802,11.989746,406.784668,-175.773315,1

0.865601,0.498169,0.448486,117.763672,374.252930,-197.013550,1

0.511719,-0.034424,-0.811646,76.076660,266.159668,-220.084839,1

0.634766,-0.683594,-2.741089,15.285645,122.727051,-140.800171,1

0.950562,-0.332642,-3.017944,-49.533691,-69.350586,80.025024,1

1.343018,0.055176,-0.923584,-61.191406,-230.788574,153.877563,1

1.441650,0.025879,1.100952,-81.699219,-377.700195,114.570923,1

1.427490,-0.646362,1.213623,-65.891113,-340.957031,85.457153,1

1.236694,-0.499023,1.222900,-20.541992,-366.408691,84.724731,1

1.035400,-0.365234,1.275391,-34.396973,-343.276367,45.540161,1

0.615112,0.181152,1.204956,52.211914,-352.370605,88.203735,1

0.739502,0.432007,1.808960,10.891113,-305.861816,-1.334839,1

1.106323,1.299561,2.692993,94.265137,-268.813477,36.751099,0

2.026978,2.629639,3.065063,140.407715,-107.863770,84.297485,0

1.907104,2.348145,2.470459,136.257324,-61.049805,26.741333,0

0.820679,1.312134,1.676270,-10.715332,-31.508789,-9.269409,0

-0.084839,0.307617,0.397461,-0.888672,80.124512,48.530884,0

-0.263184,-0.036987,0.012085,-55.820312,-15.334473,-21.598511,0

-0.035156,-0.015869,0.069946,9.487305,73.593750,33.699341,0

0.072510,-0.030273,0.035645,-82.126465,3.464355,-17.570190,0

0.281128,-0.141113,0.033936,-14.621582,59.494629,21.553345,0

0.235474,0.075195,0.137817,-58.200684,36.850586,28.511353,0

1.347290,0.500977,0.586914,-10.593262,17.929688,8.064575,0

2.178833,1.112549,1.100098,85.415039,-19.545898,53.474731,0

2.746460,1.365112,2.265869,93.410645,-134.780273,-70.548706,0

0.835938,1.305664,2.444946,1.613770,-29.921875,27.717896,0

-0.578613,0.802246,1.322266,-118.320312,-1.906738,-46.073608,0

-0.399048,1.066406,2.011230,12.539062,124.619141,4.707642,1

0.815918,0.890137,2.313232,-52.585449,198.227539,-122.855835,1

2.032227,0.850342,2.209961,-53.989258,379.501953,-89.591675,1

2.759399,0.688843,1.570557,12.355957,473.862305,-127.067261,1

2.673218,0.421631,1.533936,-32.321777,455.185547,-191.093140,1

1.135010,0.410522,0.366455,94.448242,436.142578,-175.223999,1

0.256836,-0.451416,-0.942993,96.889648,362.412109,-261.710815,1

0.596436,-0.543945,-2.103516,-46.542969,225.571289,-146.415405,1

1.117554,-0.560913,-2.307495,-109.165039,22.995605,20.332642,1

1.073486,-0.394287,-1.385864,-59.421387,-93.154297,139.046021,1

1.128662,0.354492,0.018555,30.056152,-227.065430,163.460083,1

0.987305,0.432617,0.528442,-33.298340,-259.108887,131.355591,1

1.618286,-0.342407,0.888428,-31.894531,-357.009277,65.864868,1

1.251465,-0.093018,0.995239,-17.551270,-335.341797,50.422974,1

1.425293,-0.443115,0.781982,-93.112793,-419.509277,101.448364,1

0.747070,0.382935,2.113770,31.643066,-374.343262,-36.185913,1

1.313232,1.348511,3.438965,56.606445,-387.160645,84.907837,0

1.464478,1.613403,3.712769,53.859863,-292.250977,21.187134,0

2.302246,2.206177,3.440918,177.639160,-258.620605,-10.429077,0

1.153320,1.041992,2.506226,60.512695,-112.685547,-2.555542,0

0.024414,0.050537,1.112915,-4.062500,79.880371,73.677368,0

-0.287354,0.059692,-0.140503,46.535645,150.253906,101.448364,0

-0.115723,0.053467,0.135132,-11.081543,51.926270,35.225220,0

0.386597,-0.127563,0.140015,-23.410645,148.972168,17.708130,0

0.202148,0.060303,-0.035278,-9.677734,43.015137,79.353638,0

0.732422,0.302124,0.264404,-9.250488,60.104980,26.863403,0

1.608276,0.484619,0.781738,24.135742,16.281738,16.487427,0

1.597534,0.942139,1.240723,136.623535,-12.404785,52.498169,0

1.107910,0.735352,1.224854,-17.246094,-48.720703,-34.049683,0

0.640381,0.317871,0.751709,-39.829102,-34.255371,-32.890015,0

0.144653,0.170532,0.474365,6.740723,2.731934,-1.151733,0

0.108154,0.101318,0.395508,-19.565430,3.769531,8.735962,0

0.390991,0.245483,0.431519,0.026855,36.057129,4.951782,0

1.062134,0.404419,0.586426,-7.114258,13.229980,30.098267,0

0.774414,0.521973,0.658081,37.685547,4.807129,10.872192,0

0.666260,0.347656,0.598022,6.313477,1.755371,-16.349487,0

0.535034,0.482056,0.632812,-18.588867,1.328125,-36.735229,0

0.769043,0.369263,0.492065,-19.077148,-23.085938,-36.246948,0

0.631470,0.464233,0.775879,9.975586,-40.725098,-36.063843,0

0.751465,0.463867,0.758789,3.322754,-36.635742,-53.519897,0

0.696655,0.428955,0.808228,17.482910,-41.518555,-13.786011,0

0.722168,0.448120,0.892578,22.365723,-35.720215,-13.358765,0

0.636475,0.506958,0.766846,32.863770,1.267090,3.486938,0

0.609253,0.573486,0.677002,13.637695,-10.390625,-14.640503,0

0.667358,0.532959,0.768188,4.055176,-12.954102,-20.011597,0

0.646118,0.444580,0.560303,-3.391113,15.610352,-1.029663,0

0.638550,0.562012,0.495728,3.444824,17.624512,2.205200,0

0.608154,0.587158,0.531006,16.384277,10.727539,2.144165,0

0.556030,0.649170,0.567749,24.013672,18.051758,-1.640015,0

0.563843,0.504883,0.448242,-20.603027,-2.578125,-15.494995,0

0.551270,0.495850,0.472290,-2.170410,-7.338867,-4.935913,0

0.597290,0.623169,0.555664,7.778320,-5.751953,-1.578979,0

0.537598,0.514038,0.518677,0.209961,-2.272949,-4.752808,0

0.542236,0.470703,0.516602,1.796875,-9.414062,3.731079,0

0.622803,0.509521,0.563477,5.092773,2.792969,20.576782,0

0.609619,0.600220,0.652100,12.600098,5.905762,18.562622,0

0.677124,0.622437,0.637451,2.224121,17.014160,4.707642,0

0.774658,0.536743,0.582886,-16.147461,6.882324,-7.926636,0

0.739990,0.413940,0.604370,-14.255371,-2.395020,17.158813,0

0.666626,0.601929,0.517822,-2.963867,11.826172,24.055786,0

0.699707,0.721924,0.533813,32.070312,17.075195,20.759888,0

0.638062,0.561401,0.432495,2.895508,-1.540527,-2.616577,0

0.659790,0.510864,0.529419,8.388672,2.182617,1.411743,0

0.686890,0.440063,0.479004,-12.302246,-8.071289,-9.208374,0

0.750122,0.400146,0.602539,-1.437988,-6.423340,3.486938,0

0.752075,0.607178,0.640503,11.440430,1.694336,30.220337,0

0.430786,0.853149,0.525757,8.937988,23.361816,-12.077026,0

0.586060,0.534058,0.454346,-32.565918,-23.391113,-52.726440,0

0.691772,0.310303,0.608154,-16.330566,-7.766113,-23.063354,0

0.768677,0.353027,0.642456,-10.043945,8.713379,-0.846558,0

0.688232,0.456909,0.530640,-14.316406,12.192383,16.365356,0

0.619263,0.745728,0.529053,2.773438,3.769531,12.520142,0

0.563843,0.673584,0.595337,-1.987305,-9.475098,-17.570190,0

0.583130,0.506958,0.631226,-5.466309,-19.973145,-23.124390,0

0.766235,0.241943,0.813477,-1.132812,33.005371,-21.659546,0

0.562134,0.719238,0.664795,-0.949707,52.780762,65.986938,0

-0.027832,1.136108,0.421509,-28.720703,67.001953,-24.589233,0

0.713623,0.318115,0.709473,-67.233887,-62.880859,-129.508667,0

0.980713,0.082520,1.020874,0.881348,31.967773,11.726685,0

-0.163940,1.695435,0.647583,-42.087402,118.210449,58.601685,0

0.624634,0.252197,0.563477,-70.834961,-109.023438,-247.184448,0

1.443726,-0.613403,1.582153,81.997070,173.325195,126.594849,0

1.035889,-0.179321,1.301270,-53.500977,94.162598,219.246216,0

1.468628,0.595337,0.901489,-6.564941,268.417969,331.611938,0

0.181519,2.526123,-0.843262,46.779785,276.230469,299.629517,0

-0.178101,3.258789,-1.042480,17.421875,-37.856445,-68.473511,0

1.397583,2.176636,-0.135986,50.991211,-214.003906,-467.033081,0

2.427734,1.447266,1.118774,-39.523926,-333.754883,-643.241577,0

3.995605,-1.392822,2.147705,14.614258,-163.588867,-590.202026,0

3.995605,-2.831787,1.509155,-41.293945,71.335449,218.391724,0

3.910278,0.831421,1.865601,7.534180,147.263184,663.765259,0

3.995605,3.418213,1.315918,40.126953,463.913574,759.224243,0

0.401978,3.997559,-1.623047,-198.276367,160.019531,248.909302,0

0.215210,3.043335,-1.467651,3.383789,11.093750,-22.025757,0

1.099854,2.118774,0.086182,32.436523,-217.299805,-347.037964,0

1.741455,1.364258,1.357544,157.375488,-252.395020,-443.961792,0

2.408203,0.522217,1.871948,35.305176,-213.515625,-483.207397,0

2.421753,-0.329712,2.204590,34.450684,-71.181641,-321.036987,0

3.416992,-3.090576,1.359497,-65.952148,34.714355,-37.284546,0

2.118530,-0.390259,1.257935,21.816406,113.876953,455.940552,0

2.155151,1.110107,1.453979,-101.047363,127.670898,495.674438,0

0.770996,3.630981,0.221191,-73.703613,287.094727,485.786743,0

-0.302246,3.286255,-0.552856,-146.091309,13.962402,67.390747,0

-0.264282,2.581909,-0.168091,73.024902,-33.645020,-161.796265,0

1.123413,1.017334,1.107666,60.451660,-158.400879,-346.244507,0

0.836304,0.483887,1.445312,94.082031,-68.007812,-283.134155,0

1.136597,-0.183105,1.649170,47.695312,-30.288086,-193.412476,0

0.593628,-0.245605,1.185791,44.521484,2.976074,-143.363647,0

0.502930,-0.203979,0.995483,25.173340,-12.404785,-62.736206,0

0.286377,0.045654,0.996948,59.902344,0.168457,13.618774,0

0.219238,0.101440,0.814941,26.638184,-4.348145,46.211548,0

0.091797,0.436279,0.866211,17.116699,2.060547,84.053345,0

0.106812,0.592773,0.996582,21.694336,3.403320,80.025024,0

0.032227,0.786133,0.822144,21.633301,33.310547,89.424438,0

0.128296,0.734497,0.848022,44.521484,29.282227,50.422974,0

0.118774,0.753540,0.733521,-29.575195,6.699219,65.254517,0

0.094238,0.762085,0.627686,15.102539,33.005371,34.065552,0

0.193115,0.684326,0.700562,9.609375,2.121582,31.074829,0

0.101196,0.792236,0.745605,28.408203,12.253418,30.037231,0

0.187256,0.721680,0.761719,21.450195,-1.113281,12.214966,0

0.146973,0.719727,0.621582,15.407715,-5.568848,22.774048,0

0.182495,0.608398,0.647583,17.116699,-20.949707,8.735962,0

0.178101,0.684692,0.717651,20.717773,-15.456543,15.449829,0

0.196045,0.711304,0.722656,22.121582,-7.583008,0.923462,0

0.245605,0.631836,0.660767,11.623535,-8.742676,4.768677,0

0.297485,0.637573,0.605225,19.191895,-1.479492,9.102173,0

0.288452,0.713135,0.639282,25.661621,5.661621,14.290161,0

0.292114,0.753296,0.599487,5.825195,-0.686035,18.318481,0

