0.025269,0.012451,1.000854,-0.042725,-0.007324,-0.020752,0

0.024902,0.012329,1.000366,0.018311,-0.068359,0.101318,0

0.028076,0.009155,1.003174,-0.164795,0.053711,-0.020752,0

0.030762,0.011963,1.000488,0.079346,0.053711,-0.020752,0

0.029297,0.010864,1.003662,0.018311,0.053711,-0.020752,0

0.031372,0.011230,1.003174,0.079346,0.053711,0.040283,0

0.029541,0.010986,1.003296,-0.042725,0.053711,0.040283,0

0.027954,0.011475,1.003296,-0.042725,-0.007324,0.040283,0

0.026733,0.012695,0.996704,-0.653076,0.053711,-0.020752,0

0.031006,0.008301,1.003662,0.079346,0.053711,-0.020752,0

0.030640,0.010498,1.003296,-0.042725,0.053711,0.040283,0

0.027832,0.010864,1.002075,-0.103760,-0.068359,0.040283,0

0.027588,0.008667,1.003052,-0.042725,0.053711,0.040283,0

0.027710,0.010742,1.002686,0.018311,-0.129395,-0.020752,0

0.030762,0.011230,1.002319,0.018311,0.053711,0.040283,0

0.026978,0.010986,1.001831,0.018311,-0.007324,0.040283,0

0.028687,0.010010,1.001953,-0.103760,-0.068359,0.040283,0

0.028564,0.009521,1.002197,0.018311,-0.007324,-0.081787,0

0.030518,0.011108,1.002441,-0.103760,0.114746,-0.020752,0

0.027466,0.012329,1.003052,-0.042725,0.053711,-0.020752,0

0.027710,0.010864,1.000854,-0.042725,-0.068359,-0.020752,0

0.029297,0.010986,1.001343,-0.103760,-0.007324,-0.020752,0

0.027710,0.010986,1.001465,0.018311,-0.068359,0.040283,0

0.029419,0.011108,1.002686,0.018311,-0.007324,0.040283,0

0.027832,0.008911,1.002197,-0.042725,0.053711,0.040283,0

0.029297,0.011230,1.001953,0.018311,-0.068359,-0.020752,0

0.030762,0.011597,1.004028,-0.042725,0.053711,-0.020752,0

0.027100,0.011230,1.001343,-0.042725,-0.007324,0.040283,0

0.029541,0.011108,1.003174,-0.042725,-0.007324,0.040283,0

0.028564,0.011108,1.002441,-0.164795,0.053711,0.040283,0

0.029541,0.009888,1.004028,-0.042725,-0.007324,-0.020752,0

0.031250,0.010376,1.003052,-0.103760,0.053711,0.040283,0

0.027588,0.011719,1.000366,-0.042725,-0.007324,0.040283,0

0.030884,0.010742,1.004272,-0.103760,0.053711,-0.020752,0

0.027344,0.010986,1.000610,0.018311,-0.007324,-0.081787,0

0.029175,0.010254,0.999634,0.018311,-0.007324,-0.020752,0

0.028320,0.012939,1.003418,0.018311,-0.007324,0.040283,0

0.028931,0.009644,1.001099,-0.103760,0.053711,-0.020752,0

0.029297,0.010864,1.002808,-0.042725,-0.068359,-0.020752,0

0.030151,0.010376,1.002319,-0.042725,-0.068359,-0.081787,0

0.030029,0.010864,1.003296,0.018311,-0.007324,0.040283,0

0.027466,0.010498,1.001953,0.018311,-0.007324,0.040283,0

0.031372,0.009888,1.002808,-0.103760,-0.068359,0.040283,0

0.026123,0.010864,1.003418,-0.164795,-0.068359,0.040283,0

0.026367,0.010742,0.998779,0.445557,-0.068359,-0.020752,0

0.030029,0.011108,1.002808,-0.164795,0.053711,0.101318,0

0.029175,0.010376,1.001953,0.994873,-0.068359,0.040283,0

0.026123,0.012085,1.000244,0.323486,-0.068359,0.040283,0

0.026489,0.013672,1.003052,2.459717,-0.129395,-1.424561,0

0.029419,0.011475,1.006104,1.971436,-0.251465,0.101318,0

0.016479,0.021973,1.000732,3.619385,-0.312500,-4.598389,0

0.029907,-0.005005,1.005127,3.619385,-2.570801,-3.072510,0

0.058960,0.049072,1.013184,-3.033447,-4.829102,-10.946045,0

0.026611,0.140137,1.050293,-5.718994,-2.937012,-41.585693,0

0.099976,-0.017212,0.979736,-57.110596,-3.547363,-33.895264,0

0.020874,0.004395,1.343262,-30.987549,19.096680,-31.514893,0

0.040894,-0.152832,0.875977,-76.580811,32.097168,-47.689209,0

0.056763,-0.146606,1.242554,-68.646240,7.072754,-31.026611,0

0.098022,-0.334351,0.958008,-67.303467,83.549805,-59.346924,0

-0.045166,-0.022461,1.074463,-82.684326,62.309570,-13.448486,0

-0.109741,-0.442993,0.639648,-92.327881,21.721191,-75.155029,0

0.001099,-0.155884,1.119995,-7.794189,-31.440430,-64.840088,0

0.269165,0.208496,0.842285,148.211670,-71.357422,-13.509521,0

0.171021,-0.650635,0.796997,-45.941162,-24.055176,16.947021,0

-0.011841,-0.542358,0.969116,46.405029,-10.810547,-49.825439,0

0.040039,-0.347046,1.028198,66.790771,81.291504,-56.539307,0

0.093750,-0.415161,0.913574,62.213135,57.976074,-39.632568,0

-0.146240,-0.097900,0.930298,92.547607,16.594238,-157.308350,0

0.070068,-0.459473,0.925903,109.637451,-19.111328,-51.107178,0

-0.278198,0.217163,0.868530,221.453857,-84.907227,40.018311,0

-0.083618,0.197021,0.988281,-34.954834,18.425293,46.610107,0

-0.019287,0.177979,0.591064,-76.458740,-94.489746,-79.244385,0

0.056641,0.097290,0.886963,21.929932,28.312988,-31.453857,0

0.067139,0.183350,0.958130,22.540283,-5.805664,-35.115967,0

0.047485,0.088501,0.976196,-12.554932,1.701660,9.989014,0

-0.018799,0.513550,0.819702,64.349365,11.223145,-14.364014,0

0.130615,0.473999,0.854004,38.958740,50.590820,38.248291,0

-0.114136,0.425293,0.519653,50.189209,2.373047,-32.674561,0

0.165894,0.189209,0.838135,-45.880127,74.272461,2.115479,0

-0.090454,0.468018,0.956421,105.303955,4.020996,-1.912842,0

0.237427,0.495728,0.794312,-98.675537,43.937988,-39.083252,0

-0.220459,0.229614,0.684570,-17.193604,-9.040527,11.209717,0

0.086914,0.263672,1.112427,-19.696045,-21.552734,11.209717,0

0.069580,0.189453,1.003296,7.403564,-1.899414,50.943604,0

-0.040405,0.333984,0.838745,-10.845947,-3.547363,-10.152588,0

0.122192,0.157593,0.854614,25.286865,-69.160156,-17.293701,0

-0.045898,0.384521,0.787842,-18.658447,-58.967285,-41.036377,0

0.245605,0.283081,0.877930,-36.297607,-108.527832,-126.241455,0

0.415283,0.079224,1.203491,-21.160889,-65.375977,-74.727783,0

0.489746,0.048828,1.084839,-50.518799,-66.230469,-108.785400,0

0.508423,0.038696,1.306519,-104.779053,-45.478516,-57.393799,0

0.485840,-0.203735,1.270630,-7.427979,49.003906,-3.255615,0

0.510742,-0.325317,1.486084,-25.250244,89.287109,23.233643,0

0.363403,-0.117065,1.282593,33.038330,173.454590,108.438721,0

0.239624,-0.082275,1.135742,12.164307,192.497559,117.166748,0

0.226929,-0.132935,1.042480,13.079834,188.347168,178.323975,0

0.107422,0.073730,0.736450,-7.794189,182.426758,185.709229,0

0.000122,0.109863,0.703979,-2.972412,143.852539,197.611084,0

-0.121582,0.248779,0.544800,7.952881,149.895020,171.976318,0

-0.071289,0.356445,0.492065,41.217041,150.932617,213.663330,0

-0.203003,0.569580,0.494507,49.822998,176.506348,155.557861,0

-0.011841,0.583496,0.435059,47.991943,173.759766,189.615479,0

0.129761,0.806519,-0.095703,94.317627,232.109375,199.442139,0

0.446899,0.719604,-0.043457,134.844971,232.292480,216.043701,0

0.470703,1.054321,-0.333374,43.902588,196.708984,180.032959,0

0.916992,0.906494,0.021118,70.147705,173.576660,155.802002,0

0.856323,1.228271,-0.389526,57.391357,193.229980,159.525146,0

1.173340,1.116943,0.025757,-19.879150,162.590332,91.593018,0

0.896606,1.244995,-0.412231,-33.367920,71.770020,18.228760,0

1.007446,1.253174,0.031372,-64.801025,-38.947754,-146.993408,0

0.914551,1.313232,-0.029785,-88.848877,-108.649902,-238.607178,0

0.661255,1.093018,0.200073,-78.961182,-153.693848,-293.966064,0

0.497070,1.077271,0.409424,-2.301025,-110.114746,-309.407959,0

0.204712,0.768066,0.411865,-8.465576,-101.447754,-275.045166,0

-0.014160,0.840820,0.254639,43.170166,-47.492676,-242.147217,0

-0.163208,0.607544,0.223267,-33.245850,-98.212891,-232.198486,0

-0.150391,0.424805,0.182251,23.516846,-86.066895,-221.517334,0

-0.351562,0.338135,0.303101,58.306885,-135.078125,-199.849854,0

-0.299438,0.271362,0.219727,51.531982,-117.133789,-194.295654,0

-0.484009,0.213745,0.422119,47.808838,-168.220215,-186.605225,0

-0.034302,0.144165,0.582764,108.905029,-202.766113,-239.522705,0

0.034180,0.112549,0.621948,119.342041,-204.291992,-215.230713,0

0.400757,0.160400,0.907349,174.212646,-169.013672,-189.901123,0

0.437744,0.232422,0.702637,130.755615,-119.819336,-129.903564,0

0.596558,0.612915,0.795166,255.328369,-156.867676,-110.067139,0

0.669434,0.742310,0.874146,182.269287,-107.368164,-64.229736,0

0.664062,0.927612,0.709595,180.255127,-71.418457,-49.825439,0

0.512817,1.187744,0.786377,147.540283,-63.972168,-24.678955,0

0.356934,1.185791,0.816040,151.507568,8.232422,-21.383057,0

0.192139,1.258423,0.775635,133.502197,139.763184,-42.073975,0

-0.026001,1.313110,0.929321,102.435303,207.573242,-24.801025,0

-0.264404,1.693115,0.245361,51.043701,370.903320,-88.216553,0

0.213135,1.142578,-0.074219,194.659424,365.898438,-39.815674,0

-0.106079,1.736084,-0.694336,159.442139,286.918945,-63.436279,0

0.192749,1.168213,-0.267456,111.468506,202.568359,-65.755615,0

0.162476,1.285889,-0.471191,120.013428,207.145996,-71.798096,0

0.136475,1.082764,-0.432739,172.808838,105.400391,-40.181885,0

0.246216,0.994751,-0.311401,185.809326,70.854492,-70.211182,0

0.176270,0.774780,-0.523315,159.197998,62.675781,-79.488525,0

-0.029419,0.621948,-0.598022,207.293701,12.687988,-62.032471,0

0.119751,0.538818,-0.432373,166.766357,10.979004,-105.794678,0

0.031616,0.182373,-0.539795,114.581299,22.514648,-88.277588,0

-0.032227,0.088013,-0.785034,138.995361,42.656250,-91.390381,0

0.211426,0.089844,-0.748535,108.538818,-0.800781,-104.268799,0

0.105835,-0.026123,-0.844727,109.332275,2.006836,-100.972900,0

0.157349,-0.064331,-0.859985,76.434326,-52.497559,-110.067139,0

0.126343,-0.043823,-0.847656,81.622314,-48.286133,-104.635010,0

0.259644,-0.162109,-0.763672,45.550537,-68.671875,-125.814209,0

0.298340,-0.214966,-0.834595,34.381104,-37.238770,-110.738525,0

0.327148,-0.218872,-0.934326,13.262939,-48.774414,-105.794678,0

0.367432,-0.232178,-0.819946,7.586670,-53.229980,-91.146240,0

0.308716,-0.242554,-0.867432,-2.117920,-50.239258,-72.469482,0

0.225342,-0.168091,-0.854370,-23.907471,-54.267578,-68.502197,0

0.211914,-0.264404,-0.892700,-22.137451,-40.168457,-56.539307,0

0.189575,-0.214233,-0.950195,-32.452393,-34.003906,-44.332275,0

0.221191,-0.123779,-0.846680,-30.865479,-20.942383,-31.453857,0

0.200684,0.014648,-0.948730,-55.645752,-5.378418,-10.885010,0

0.264038,0.123535,-0.857910,-47.833252,-8.918457,-17.354736,0

0.255371,0.357178,-0.649414,-65.228271,-16.425781,-13.204346,0

0.224365,0.338623,-0.674438,-79.022217,-6.110840,-34.810791,0

0.297119,0.210938,-0.697754,-104.351807,19.707031,-30.538330,0

0.273560,0.278320,-0.979004,-105.816650,22.880859,-19.979248,0

0.242676,0.405518,-1.040894,-114.605713,22.636719,18.900146,0

0.266846,0.491089,-1.025879,-120.037842,-9.711914,21.707764,0

0.247437,0.634766,-0.772461,-106.793213,-21.491699,28.726807,0

0.326660,0.708374,-0.774780,-97.760010,-21.186523,34.342041,0

0.319580,0.898804,-0.653809,-77.801514,-31.806641,32.572021,0

0.280273,1.018677,-0.820068,-207.745361,-120.856934,75.418701,0

0.129883,1.404297,-0.716187,-195.538330,-138.984375,32.205811,0

0.225098,1.297607,-0.563232,-184.185791,-151.557617,-45.247803,0

0.126587,1.448242,-0.431274,-269.512939,-245.002441,-74.056396,0

0.081909,1.320801,0.158936,-190.167236,-197.272949,-101.644287,0

0.150879,1.078125,0.294434,-153.668213,-187.873535,-163.717041,0

0.077637,1.008057,0.561035,-34.832764,-112.617188,-186.483154,0

0.159912,0.813110,0.512085,-7.183838,-108.405762,-190.511475,0

0.213623,0.770386,0.601929,4.595947,-92.536621,-184.041748,0

0.164673,0.689575,0.600952,9.295654,-108.833008,-172.384033,0

0.132812,0.607300,0.713623,92.364502,-82.770996,-167.196045,0

0.035400,0.552979,0.735474,-9.381104,-99.311523,-149.739990,0

0.035278,0.307251,0.909790,-80.792236,-78.742676,-158.773193,0

0.092896,0.319336,1.023315,-4.010010,-15.144043,-135.457764,0

-0.215332,0.213135,0.986450,-13.104248,-29.182129,-80.709229,0

-0.037842,0.082153,0.873657,-65.777588,-81.855469,-93.404541,0

0.023193,0.023804,0.903076,3.192139,-54.450684,-77.840576,0

-0.014160,-0.084595,0.752441,5.084229,-63.300781,-83.333740,0

0.103516,-0.144043,1.009766,63.983154,-56.770020,-62.032471,0

0.110107,-0.050171,0.957275,22.540283,-86.982422,-57.393799,0

0.222656,-0.040283,1.071533,24.554443,-96.564941,-49.642334,0

0.185791,0.091064,1.168945,25.225830,-50.849609,-10.885010,0

0.188110,0.010498,1.113647,24.676514,-52.497559,1.932373,0

0.205322,0.074463,1.138794,5.145264,-58.173828,16.458740,0

0.198242,0.145874,0.997681,42.987061,-34.125977,30.679932,0

0.190186,0.117065,0.931885,-10.296631,-25.214844,25.125732,0

0.308960,0.300781,0.907837,51.959229,-26.374512,28.238525,0

0.307495,0.185425,0.932861,58.062744,-21.369629,-2.889404,0

0.413452,0.347046,1.038086,33.953857,-20.393066,40.079346,0

0.311646,0.298828,0.996216,18.572998,-19.843750,44.595947,0

0.406738,0.274902,1.057617,2.764893,-6.965332,38.614502,0

0.354004,0.363281,0.925659,11.676025,11.101074,47.891846,0

0.304077,0.443970,0.919189,14.788818,17.631836,39.163818,0

0.265991,0.462891,0.799561,8.685303,18.547363,17.923584,0

0.398804,0.441895,0.834961,5.511475,-0.312500,0.101318,0

0.416016,0.429565,0.779419,1.483154,8.781738,-3.194580,0

0.410645,0.450684,0.765991,14.056396,-4.035645,0.772705,0

0.408325,0.437622,0.778931,14.239502,-0.861816,-1.973877,0

0.387451,0.438965,0.767944,13.873291,-9.956055,-11.373291,0

0.448730,0.406494,0.819702,16.986084,-20.270996,-15.828857,0

0.410767,0.416260,0.799805,15.582275,-16.791992,-12.777100,0

0.370728,0.479980,0.849121,18.267822,-22.590332,-21.627197,0

0.186279,0.546875,0.820068,-3.094482,-43.586426,-40.303955,0

0.102783,0.527466,0.831421,-29.278564,-80.939941,-79.732666,1

-0.139404,0.274658,0.768555,-33.367920,-34.187012,-52.327881,1

-0.230713,0.622070,1.387695,-34.344482,20.500488,-46.834717,1

-0.198120,0.748047,2.050781,-1.629639,62.492676,-92.794189,1

0.112183,1.476196,2.948730,-70.355225,114.128418,-92.427979,1

1.050537,1.550659,3.135620,-112.957764,138.847656,-108.541260,1

1.111206,1.143921,2.142578,-51.434326,143.303223,-60.445557,1

0.619141,0.298462,1.151489,-61.444092,170.585938,24.393311,1

0.666992,0.154663,0.960938,-37.396240,212.211914,-4.659424,1

1.182739,0.251099,0.867554,-70.111084,264.396973,-13.875732,1

1.246948,0.200562,0.669678,-3.460693,300.224609,-21.810303,1

1.143555,0.373535,0.588623,-108.746338,251.152344,-65.023193,1

1.005737,0.310303,0.270386,-19.329834,269.218750,-48.543701,1

0.683105,0.365723,0.096313,-12.371826,265.861816,-114.095459,1

0.394043,0.444214,-0.735107,34.991455,254.448242,-127.584229,1

0.539062,-0.711060,-3.275635,-110.638428,90.446777,-163.106689,1

0.556763,-1.326050,-3.997559,12.103271,32.036133,-8.931885,1

0.654663,-0.062500,-3.401489,-20.123291,-207.465820,107.523193,1

1.368042,0.303467,-0.927368,47.686768,-286.750488,113.199463,1

1.702637,0.801147,0.375244,54.522705,-355.292969,133.096924,1

2.049927,0.944336,1.359619,156.817627,-356.513672,100.931396,1

1.652466,0.514282,1.620605,97.979736,-275.703125,115.152588,1

1.333862,0.605713,1.415161,61.297607,-319.892578,133.951416,1

1.094482,0.229370,1.012451,11.492920,-312.934570,62.479248,1

0.704468,0.117432,1.131226,18.817139,-292.854004,89.578857,1

1.429688,0.473755,1.251099,63.189697,-253.730469,81.094971,1

2.015503,1.683960,2.764404,113.726807,-259.772949,125.101318,1

2.058716,1.754639,2.391968,90.350342,-122.932129,72.733154,0

1.603882,1.829834,2.231445,171.221924,-2.814941,105.997314,0

0.918457,1.591187,1.137085,122.821045,69.084473,76.090088,0

0.635864,0.563599,0.667847,101.885986,83.916016,21.829834,0

0.581177,0.340820,0.079834,-45.208740,61.638184,-1.607666,0

0.315308,0.173462,-0.012085,16.558838,43.022461,28.726807,0

0.195679,-0.019531,-0.399902,-9.381104,27.458496,-1.546631,0

0.263550,0.151489,0.059814,-4.315186,-0.373535,-4.903564,0

0.310059,0.123047,-0.023071,-48.382568,33.623047,-16.927490,0

0.427856,0.434570,0.341919,-39.166260,-25.397949,-35.543213,0

0.773560,0.977661,0.857788,-51.251221,-21.369629,-48.482666,0

1.130981,1.986450,2.176270,-18.719482,-7.697754,-91.634521,0

1.712891,1.848145,2.622925,-145.794678,4.570312,-146.566162,1

1.820557,1.544312,2.782471,-130.413818,96.489258,-64.107666,1

1.117188,0.741089,1.652344,-146.893311,161.186523,-72.713623,1

0.815918,0.220337,1.498657,-86.468506,249.321289,-52.449951,1

0.918335,0.276733,0.798462,-90.069580,281.303711,-50.679932,1

1.327148,0.267334,0.948242,-40.264893,311.760254,-64.168701,1

1.436890,0.170776,1.044189,-7.733154,318.291016,-64.107666,1

1.416626,0.357788,1.094116,-57.232666,307.426758,-92.122803,1

1.228882,0.608154,0.896973,9.417725,320.488281,-103.231201,1

0.994141,0.689575,0.537354,-28.179932,276.237793,-132.955322,1

0.536255,0.213257,-1.147095,-9.930420,265.678711,-200.765381,1

0.946167,-2.241455,-3.997559,-96.539307,114.067383,-120.504150,1

0.919434,-1.392456,-3.997559,-29.095459,-90.827637,91.287842,1

0.867065,-0.274902,-2.006592,-67.852783,-245.612793,126.077881,1

1.095093,0.686768,0.193359,-5.047607,-270.942383,152.384033,1

1.270752,0.779053,0.966431,51.837158,-299.689941,106.363525,1

1.146606,0.482300,0.691162,38.287354,-296.943359,85.611572,1

1.256714,0.353760,0.747681,30.108643,-338.630371,-9.298096,1

1.378174,0.230713,0.877808,100.421143,-277.534180,-21.810303,1

1.336060,-0.122437,1.016602,83.209229,-286.811523,0.955811,1

1.199707,0.298096,1.328125,122.576904,-212.104492,79.019775,1

1.579346,1.271240,2.186890,87.420654,-317.268066,69.559326,1

2.175781,1.467529,2.307251,167.681885,-188.666992,85.550537,1

1.962158,1.769653,2.257690,125.323486,-199.226074,120.584717,1

1.078613,1.167236,2.274170,111.224365,-59.516602,74.686279,0

0.092773,0.802490,0.768188,140.216064,45.952148,114.847412,0

0.275635,0.587891,0.605103,113.055420,85.319824,11.453857,0

0.500488,0.409424,0.006836,-40.020752,30.327148,5.106201,0

1.041870,0.441528,0.186401,-17.498779,30.998535,-16.072998,0

0.975220,0.451538,0.162354,-32.574463,21.232910,0.345459,0

0.866455,0.410156,0.249878,-8.770752,0.480957,-24.862061,0

0.899170,0.337891,0.262085,0.750732,5.668945,-9.603271,0

0.765869,0.445312,0.271606,14.849854,-1.289062,16.519775,0

0.777344,0.400024,0.377808,11.065674,-6.293945,-16.195068,0

0.789795,0.426514,0.471802,-44.049072,-13.007812,-15.828857,0

0.772705,0.321289,0.519409,9.844971,14.335938,-25.411377,0

0.466187,0.276978,0.542603,-20.001221,-2.021484,-2.889404,0

0.316772,0.114624,0.226562,17.535400,42.839355,-4.659424,0

0.646851,0.043091,0.182251,-11.517334,24.467773,-19.307861,0

0.978638,0.659180,0.529907,-20.794678,39.604492,11.820068,1

1.407837,1.705322,1.650391,-41.424561,-16.181641,-64.473877,1

1.303833,2.207642,2.349365,-92.510986,-21.430664,-82.967529,1

1.105225,1.751709,2.602051,-153.057861,19.462891,-160.482178,1

0.982178,0.716187,2.041504,-187.786865,111.259766,-115.438232,1

1.211060,0.582886,1.362793,-183.392334,244.194336,-72.225342,1

1.795044,0.510742,1.099121,-108.197021,345.329590,-35.115967,1

1.857544,0.613892,1.022583,-86.285400,368.278809,-97.249756,1

1.695679,0.747559,1.190796,-87.811279,363.579102,-71.859131,1

1.555786,0.646606,1.221191,-53.021240,354.606934,-131.917725,1

1.133667,0.773926,1.002930,-46.551514,323.540039,-128.377686,1

0.557373,0.487549,-0.177246,-14.447021,319.816895,-178.487549,1

0.913086,-0.562378,-2.386597,-91.656494,235.710449,-203.817139,1

2.202515,-2.199219,-3.997559,-29.156494,133.354492,-80.770264,1

1.609253,-0.962524,-3.026123,-32.086182,-208.442383,167.398682,1

1.415649,0.300171,-0.702148,-27.996826,-286.445312,139.932861,1

1.232056,0.958618,0.547607,-42.584229,-341.132812,210.550537,1

1.579224,0.609497,0.755249,33.465576,-338.508301,65.653076,1

1.487427,0.606934,0.838379,6.671143,-359.199219,42.764893,1

1.447876,0.541504,0.839355,81.927490,-286.140137,-30.904541,1

1.496460,0.417114,0.816895,56.597900,-342.475586,-52.510986,1

1.419067,0.025391,1.195435,98.406982,-285.773926,-40.364990,1

1.654541,0.609131,1.460938,139.300537,-296.760254,-3.560791,1

1.936523,1.287231,2.984985,136.676025,-242.622070,-37.435303,1

2.381592,1.283691,2.273071,126.605225,-171.210938,7.608643,1

1.672485,1.206909,2.339355,133.990479,-148.322754,30.985107,1

1.245850,0.747070,2.057861,149.493408,-27.778320,53.018799,0

0.498413,0.473389,1.606079,2.581787,39.055176,77.188721,0

0.446045,0.245239,0.658325,-11.944580,115.837402,55.704346,0

0.515991,0.348511,0.335938,-55.157471,100.761719,53.079834,0

0.693481,0.493164,0.178833,4.168701,107.170410,64.005127,0

1.000488,0.625732,-0.021851,-35.137939,59.257812,-2.095947,0

0.884521,0.204712,0.256470,32.611084,38.933105,-0.692139,0

0.518921,0.421509,0.428223,27.301025,6.340332,-11.312256,0

0.660034,0.142090,0.410034,49.334717,37.041016,-6.185303,0

0.696167,0.472168,0.686157,33.404541,-22.956543,23.843994,0

0.760620,0.328735,0.667603,25.958252,-5.927734,-4.232178,0

0.722412,0.298584,0.646484,14.117432,-12.092285,14.810791,0

0.677246,0.346802,0.590942,34.625244,7.072754,25.430908,0

0.588989,0.391724,0.496216,33.709717,-7.453613,28.299561,0

0.492676,0.420654,0.443604,25.653076,-15.083008,-1.973877,0

0.380737,0.409668,0.498779,-2.239990,-17.585449,-13.204346,0

0.255981,0.592896,0.486694,-29.034424,-19.233398,-30.355225,0

0.275146,1.005859,0.907715,-42.767334,-29.853516,-55.135498,1

0.756714,1.512207,2.178589,-31.658936,4.265137,-128.804932,1

1.435425,1.696045,3.046631,-101.727295,37.285156,-121.175537,1

1.821167,1.762085,3.000244,-86.956787,183.586426,-117.574463,1

1.273193,1.188110,2.182373,-109.844971,253.288574,-94.381104,1

1.043091,0.607422,1.473877,-70.294189,317.436523,-106.405029,1

1.491821,0.513916,0.997314,-91.717529,324.760742,-99.019775,1

1.497437,0.536377,1.004395,-48.443604,327.507324,-106.527100,1

1.440674,0.578613,0.897583,-104.962158,301.872559,-95.113525,1

1.122437,0.763184,0.788574,-39.593506,313.530273,-129.537354,1

1.034546,0.589478,0.401611,-126.934814,178.398438,-135.579834,1

0.486328,0.825684,-0.562988,-56.805420,231.865234,-91.817627,1

0.578247,-0.165527,-2.839111,-116.192627,88.249512,-177.449951,1

0.003296,-1.314941,-3.997559,-38.128662,-47.675781,0.772705,1

0.104126,-0.001221,-3.399902,-9.442139,-182.380371,134.744873,1

0.865723,0.626587,-1.660767,73.687744,-286.384277,112.589111,1

2.018311,1.244141,1.213013,117.083740,-375.007324,79.996338,1

2.197144,0.556763,1.038452,113.604736,-275.581055,64.798584,1

1.984009,0.459961,0.829590,98.956299,-360.725098,83.353271,1

1.741089,0.550659,1.282837,102.191162,-306.159668,11.209717,1

1.766602,-0.120117,1.029053,59.893799,-348.945312,5.350342,1

1.365723,-0.021851,1.736206,120.501709,-249.335938,62.113037,1

1.215210,0.649658,1.896973,130.633545,-179.206543,85.367432,0

1.975586,1.533691,2.570923,148.822021,-214.667969,136.026611,0

1.383179,2.372437,2.267334,149.615479,-25.275879,104.654541,0

1.606567,1.894653,2.249878,184.466553,-32.416992,89.884033,0

0.990845,1.089355,1.144531,98.529053,79.094238,41.849365,0

0.468872,0.733154,0.640015,48.358154,82.634277,43.741455,0

0.385254,0.218872,0.173706,-87.872314,66.948242,-6.612549,0

0.427856,0.116211,0.097168,-38.311768,80.192871,2.542725,0

0.449463,0.174805,0.149170,-72.613525,69.572754,25.247803,0

0.484741,0.250488,0.077393,-51.678467,63.469238,12.796631,0

0.702271,0.267700,0.284912,-32.330322,43.083496,-11.678467,0

0.843750,0.278442,0.286011,-22.076416,1.762695,-1.363525,0

1.255371,0.434204,0.814087,45.123291,-71.052246,-29.927979,0

1.037598,0.424805,0.930176,34.075928,-58.662109,-14.913330,0

0.623657,0.265137,0.676270,26.873779,-62.812500,-0.509033,0

0.333008,0.230835,0.446045,30.474854,-48.225098,19.876709,0

0.426270,0.364624,0.495972,39.508057,-43.891602,-14.730225,0

0.265991,0.704834,0.616211,-4.803467,-38.459473,-17.415771,0

0.091309,0.836914,0.973022,-57.904053,-35.285645,-58.980713,1

0.472168,1.506958,1.774048,-73.284912,-3.059082,-104.635010,1

1.493286,1.714722,2.847290,-83.966064,72.441406,-124.654541,1

2.746948,1.574097,2.677002,-137.493896,216.179199,-61.910400,1

1.829834,1.319702,2.188721,-79.632568,261.650391,-68.624268,1

1.016968,0.511719,1.596558,-86.224365,290.214844,-69.906006,1

1.526489,0.254761,1.109131,-12.005615,384.758301,-97.371826,1

1.679565,0.335815,0.942871,-85.858154,358.391113,-91.268311,1

1.859741,0.144287,0.753052,-52.777100,362.541504,-82.357178,1

1.260010,0.454956,0.333008,-56.439209,361.503906,-102.010498,1

0.926880,0.573486,-0.011841,133.441162,315.849609,-136.739502,1

0.500977,0.542603,-0.783813,82.537842,203.483887,-208.394775,1

0.783081,-1.453613,-2.347534,30.413818,89.348145,-161.580811,1

0.805176,-1.943726,-2.705811,-12.005615,-13.251953,-21.688232,1

0.616333,-1.124146,-2.145264,-115.704346,-134.650879,105.264893,1

0.606934,0.259399,-0.928467,-95.623779,-217.963867,207.193604,1

0.724854,0.623291,0.560059,-69.134521,-272.773438,164.407959,1

0.699585,0.476318,1.143433,-39.898682,-279.365234,111.368408,1

0.870850,-0.003174,0.835083,-89.886475,-374.091797,25.125732,1

1.076050,-0.082397,0.869263,65.020752,-312.324219,-6.185303,1

1.004028,-0.184814,1.027954,-8.709717,-378.181152,-6.856689,1

0.802246,-0.262695,1.462402,73.626709,-320.014648,-17.904053,1

0.873901,0.107910,1.951782,111.590576,-258.979492,109.659424,1

0.825562,1.214722,2.644653,108.172607,-177.619629,92.813721,0

1.900757,2.186157,2.967773,143.267822,-219.245605,106.241455,0

1.173828,1.965820,2.814087,217.303467,5.302734,40.018311,0

0.643433,0.795410,1.487793,-13.531494,43.388672,29.642334,0

0.388184,0.074829,0.491333,-20.855713,85.563965,13.956299,0

0.232178,0.126221,0.356812,-37.823486,92.399902,38.431396,0

0.368774,0.169678,0.264648,-74.810791,76.408691,4.007568,0

0.614502,0.206299,0.392334,-49.908447,84.770508,34.952393,0

0.739624,0.428223,0.382568,-53.936768,44.487305,-0.875244,0

0.814697,0.255493,0.753052,8.197021,2.861328,-8.260498,0

0.513428,0.172852,0.667358,-12.799072,-15.388184,-15.889893,0

0.472778,0.033325,0.598389,1.544189,-18.684082,-9.359131,0

0.390259,0.315430,0.684448,22.357178,-13.923340,11.087646,0

0.576416,0.275269,0.657227,14.666748,-29.426270,-19.368896,0

0.571289,0.224121,0.551758,26.263428,-38.886719,-10.579834,0

0.479736,0.125366,0.528076,32.427979,-13.312988,-4.598389,0

0.263916,0.231934,0.566284,30.657959,-18.500977,2.359619,0

0.224365,0.401733,0.685791,-6.085205,-16.608887,-1.973877,0

0.112549,1.101685,1.573364,34.136963,-26.496582,-53.731689,1

0.649902,1.440674,2.800781,-21.038818,37.834473,-83.150635,1

0.644897,1.803589,3.275146,-69.012451,85.197754,-95.479736,1

1.001099,1.444214,2.692993,-84.454346,173.271484,-124.044189,1

1.000122,0.737671,1.971191,-94.891357,172.539062,-106.954346,1

0.962280,0.185547,1.173340,-86.773682,206.474609,-61.177979,1

1.140259,0.030518,0.869507,-13.714600,242.119141,-27.486572,1

1.297607,-0.105103,0.871582,-26.593018,251.579590,-26.265869,1

0.936768,0.149414,0.696655,34.991455,288.139648,-25.655518,1

1.018433,0.253174,0.710938,4.656982,273.247070,-77.047119,1

0.814941,0.284424,0.415039,10.028076,246.452637,-119.161377,1

0.109863,0.246460,-0.489014,65.386963,266.777344,-152.974854,1

-0.145996,-1.059692,-2.057617,16.314697,142.265625,-175.496826,1

-0.150879,-1.873413,-3.179688,3.741455,46.989746,-29.439697,1

-0.100464,-0.984497,-2.846436,-27.813721,-58.479004,109.964600,1

0.220581,0.067993,-1.459229,-45.819092,-194.526367,136.087646,1

0.696899,0.607178,0.302612,-30.682373,-202.460938,94.339600,1

0.946533,0.355835,0.546265,-2.239990,-180.305176,90.738525,1

1.023682,0.210449,0.424927,28.521729,-195.502930,58.572998,1

0.983032,0.299316,0.515259,-14.569092,-256.904297,63.455811,1

1.357666,-0.048950,0.553101,50.616455,-255.134277,15.482178,1

0.765625,0.286011,1.140137,72.406006,-275.458984,49.539795,1

1.059448,-0.136841,1.695679,131.365967,-189.216309,105.325928,1

0.236694,1.284424,2.148682,117.633057,-229.133301,102.823486,1

1.095093,1.740845,2.588257,37.554932,-203.498535,66.507568,1

1.281128,2.291748,2.616211,129.351807,-154.182129,66.263428,0

0.760376,1.960205,2.563477,138.934326,-86.494141,117.593994,0

-0.054932,1.244141,1.580566,35.968018,37.529297,72.183838,0

-0.313721,1.139282,0.944092,-34.466553,70.122070,10.355225,0

0.302124,0.312012,0.486572,-74.322510,84.831543,-25.106201,0

0.245239,0.511353,0.322510,-56.439209,131.096191,24.454346,0

0.532227,0.391602,0.291626,-84.149170,78.911133,-39.693604,0

0.846924,0.499512,0.445435,-56.256104,92.888184,13.712158,0

0.634888,0.553223,0.581787,-18.414307,14.702148,-13.814697,0

0.560547,0.303223,0.769897,-18.414307,-4.707031,-16.378174,0

0.342651,0.164673,0.544189,-11.883545,-4.462891,12.918701,0

0.155396,0.309204,0.533203,10.638428,-5.683594,15.421143,0

0.273438,0.405640,0.604614,20.526123,-33.271484,2.298584,0

0.491333,0.445801,0.728638,20.770264,-63.972168,-8.565674,0

0.538452,0.335693,0.773804,39.508057,-62.690430,0.345459,0

0.417114,0.373535,0.698120,46.771240,-45.783691,13.468018,0

0.284058,0.346558,0.614502,27.789307,-49.689941,1.627197,0

0.258911,0.340576,0.601685,13.934326,-46.210938,-3.988037,0

-0.127930,0.831909,0.945068,-17.620850,-17.158203,-33.284912,1

0.127686,1.412964,1.859497,-29.949951,-52.619629,-55.440674,1

1.019043,1.876953,3.322021,-40.264893,20.622559,-100.484619,1

1.250244,1.950073,3.141113,-130.169678,167.717285,-72.957764,1

1.180542,1.037109,2.459229,-114.727783,174.309082,-80.709229,1

0.868164,0.427490,1.545288,-129.071045,227.043457,-62.032471,1

1.133301,0.178589,1.104614,-49.725342,278.801270,-41.219482,1

1.423340,0.196655,0.948975,-64.739990,293.693848,-44.149170,1

1.365234,0.165894,0.762329,-35.809326,295.891113,-38.533936,1

1.179443,0.305054,0.710571,-34.039307,284.538574,-77.474365,1

0.906250,0.401855,0.445801,9.478760,275.810547,-100.789795,1

0.419922,0.428101,-0.098999,34.808350,213.737793,-126.424561,1

0.168823,-0.061157,-1.668213,34.930420,181.694336,-192.891846,1

0.278076,-2.395996,-3.997559,-32.696533,-3.181152,-57.454834,1

0.525146,-0.901733,-3.165527,-20.367432,-137.214355,140.054932,1

1.231689,0.397705,-1.725708,-12.799072,-281.440430,207.987061,1

2.082275,1.148193,0.809082,39.324951,-309.150391,101.114502,1

1.712769,0.775024,1.065186,1.055908,-302.253418,105.142822,1

1.732056,0.477661,0.850708,39.263916,-326.667480,12.613525,1

2.020020,0.238403,1.033081,83.941650,-346.748047,-4.598389,1

1.919800,0.204102,1.522949,97.735596,-367.683105,3.641357,1

1.517822,0.044189,1.962402,111.651611,-272.529297,67.423096,1

1.575562,1.021729,2.093750,145.098877,-175.239258,88.480225,0

1.372070,1.986084,2.588867,163.287354,-134.223633,92.630615,0

1.554565,2.621216,2.540039,148.883057,-56.892090,79.752197,0

0.790771,1.702637,2.122803,57.147217,-29.548340,4.373779,0

0.604126,0.787354,1.325073,13.812256,92.094727,-37.923584,0

0.567749,0.329468,0.733765,-95.806885,78.666992,-5.086670,0

0.533691,0.178345,0.325562,-55.828857,144.035645,20.548096,0

0.541870,0.300781,0.182983,-64.190674,142.021484,33.121338,0

0.716797,0.255127,0.054077,-44.964600,121.635742,19.266357,0

0.775269,0.441772,0.281494,-50.213623,53.886719,16.397705,0

0.794800,0.293335,0.431396,0.323486,-8.247070,-8.687744,0

0.654541,0.220581,0.639526,6.976318,-27.656250,2.176514,0

0.374756,0.258057,0.515259,27.667236,-25.336914,8.646240,0

0.486206,0.251465,0.725342,17.413330,-57.197266,5.838623,0

0.555054,0.362183,0.686646,48.602295,-22.102051,30.557861,0

0.513428,0.471069,0.709839,47.137451,-40.900879,10.111084,0

0.535156,0.512695,0.675659,61.907959,-28.083496,19.754639,0

0.420776,0.467407,0.706055,61.419678,-20.270996,-0.692139,0

0.162354,0.445190,0.621948,19.854736,-3.669434,15.421143,0

0.355957,0.640259,0.576660,-17.315674,-4.096680,-29.012451,0

0.015625,0.976562,0.929565,-34.344482,-22.102051,-36.275635,1

0.117554,2.297852,2.488525,-49.481201,-73.676758,-127.584229,1

1.086304,2.624634,3.709839,-80.181885,21.110840,-159.261475,1

1.687866,2.061279,3.238281,-152.996826,171.074219,-112.325439,1

1.269775,0.996582,2.030396,-138.897705,245.659180,-128.377686,1

1.805664,0.373291,1.489136,-83.111572,315.361328,-91.817627,1

2.005493,0.581299,1.265259,-32.452393,348.076172,-111.959229,1

1.945435,0.468018,0.907227,-44.110107,352.531738,-121.785889,1

1.598389,0.651123,0.783203,13.873291,343.193359,-158.834229,1

1.380249,0.715332,0.737427,-3.094482,286.918945,-191.671143,1

1.208130,0.372925,-0.286621,4.718018,211.967773,-199.666748,1

0.940063,-0.778809,-2.707520,-50.946045,82.390137,-178.182373,1

0.881836,-2.096191,-3.969604,-37.945557,-46.943359,-89.864502,1

0.338257,-1.650635,-2.829224,-23.114014,-172.919922,98.306885,1

0.311646,0.142212,-1.307617,-62.481689,-222.480469,224.222412,1

1.154053,0.645020,-0.068848,28.338623,-198.615723,127.237549,1

1.588257,0.769409,1.406982,82.598877,-305.000000,179.117432,1

1.276611,0.524048,1.225098,54.705811,-258.002930,129.862061,1

1.163452,0.345459,0.797729,32.244873,-296.455078,96.658936,1

1.093872,0.310059,0.949219,47.625732,-328.681641,21.463623,1

0.989502,0.061890,1.817139,36.761475,-221.137695,44.107666,0

0.553711,0.170410,1.398682,38.714600,-222.907715,35.318604,0

1.474976,0.640503,2.923828,90.777588,-226.936035,62.357178,0

0.996582,1.819946,2.170410,85.650635,-64.582520,66.141357,0

1.079956,1.741211,2.579712,142.535400,-69.953613,23.111572,0

0.176025,1.192749,1.914185,79.302979,73.906250,92.935791,0

0.333740,0.413330,0.698730,17.657471,107.048340,74.136963,0

0.005981,0.604004,0.352417,-26.776123,96.245117,75.296631,0

0.512695,0.049805,0.353882,-22.259521,44.365234,5.045166,0

0.296265,0.624512,0.390747,-71.087646,53.703613,14.871826,0

0.728394,0.324219,0.582886,-7.427979,-5.134277,-33.956299,0

0.614502,0.411499,0.903076,-15.301514,-5.561523,-3.743896,0

0.491577,0.371826,0.791260,6.549072,5.607910,5.289307,0

0.411499,0.363403,0.739014,-3.277588,1.823730,9.866943,0

0.460693,0.374878,0.789307,14.300537,-2.875977,-10.152588,0

0.515991,0.308105,0.809692,0.445557,-5.866699,-3.438721,0

0.489868,0.344482,0.778442,26.141357,4.814453,5.289307,0

0.429077,0.433350,0.859009,1.605225,-10.261230,-3.072510,0

0.442993,0.353271,0.755005,11.370850,0.786133,-10.457764,0

0.537109,0.307373,0.789429,4.351807,-2.692871,-3.377686,0

0.485596,0.376343,0.769775,17.169189,4.020996,1.627197,0

0.474854,0.392944,0.767090,7.647705,-8.552246,1.199951,0

0.473267,0.383667,0.694824,9.661865,-5.744629,0.711670,0

0.401245,0.403198,0.715576,12.835693,-5.256348,-3.927002,0

0.298706,0.441162,0.739380,4.534912,1.152344,-2.034912,0

0.259033,0.561279,0.678223,-10.479736,-4.157715,-30.843506,0

0.315918,0.562744,1.001709,-24.822998,4.448242,-17.476807,0

0.209839,0.653931,0.730713,-34.527588,31.547852,-44.881592,0

-0.157837,1.881958,2.286499,-28.302002,-62.507324,-77.718506,0

0.656372,1.967285,3.372803,-54.852295,-0.251465,-142.843018,0

1.203491,1.782715,3.098022,-113.385010,166.679688,-139.852295,0

1.060913,0.231934,1.357178,-77.313232,226.738281,-86.812744,0

1.732788,-0.003906,0.896606,-86.285400,256.218262,-72.591553,0

1.506104,-0.159912,-0.027954,-87.933350,310.600586,-54.769287,0

0.821533,0.037598,-0.448364,-104.779053,195.732422,-35.054932,0

0.545166,0.174927,-0.957642,-37.823486,113.029785,-80.892334,0

0.333618,0.013916,-1.058105,-31.231689,47.661133,5.716553,0

-0.087402,-0.178833,-0.748169,-13.165283,-55.244141,1.993408,0

-1.017456,-0.114380,0.204834,-27.691650,-154.792480,33.121338,0

-1.158447,-0.029175,1.265015,12.896729,-153.205566,40.750732,0

-0.656006,0.306274,1.170288,-3.887939,-116.462402,23.660889,0

0.000366,0.169556,1.393311,81.561279,-150.397949,52.042236,0

0.553101,0.099487,1.315796,87.908936,-99.921875,23.721924,0

0.326050,-0.129883,0.729858,-41.241455,-130.927734,40.872803,0

0.011353,0.074463,0.903809,-15.545654,-99.677734,33.731689,0

-0.276855,-0.111206,0.589478,-67.120361,-99.860840,24.210205,0

-0.344116,-0.278320,1.059448,-20.916748,-16.730957,21.097412,0

-0.275024,0.234009,1.780273,10.516357,-45.417480,34.219971,0

0.209717,0.231323,2.197021,22.784424,-17.280273,37.088623,0

-0.039062,0.146851,1.537720,10.638428,-17.951660,31.351318,0

-0.036743,0.135742,1.258545,21.502686,-19.111328,43.192139,0

0.017822,0.079102,1.060791,-7.916260,-9.284668,14.932861,0

0.013672,0.014160,0.615112,-7.794189,27.397461,23.294678,0

0.088257,-0.013794,0.662231,1.666260,9.392090,5.411377,0

0.148682,0.127441,0.992188,10.943604,3.654785,5.777588,0

0.273682,-0.056396,1.176270,2.703857,-11.054688,1.383057,0

0.036865,0.039917,1.001465,-5.474854,0.786133,14.871826,0

0.078979,0.036133,0.986816,0.628662,-0.861816,10.233154,0

0.039551,0.082642,0.914551,3.863525,6.218262,7.730713,0

0.087402,0.023315,0.960571,3.619385,-9.406738,-3.560791,0

0.217163,-0.046997,1.031128,13.018799,-7.026367,-2.279053,0

0.066406,0.031494,1.147705,10.394287,-9.833984,21.951904,0

-0.207642,0.070312,1.266846,6.610107,22.331543,9.622803,0

-0.577026,0.142212,1.298584,-27.325439,64.812012,5.533447,0

-0.076416,-0.060425,1.523926,-23.907471,89.470215,-18.941650,0

-0.151001,-0.341187,1.386475,-33.245850,150.261230,32.510986,0

-0.340088,-0.436768,1.190674,-12.677002,95.634766,17.191162,0

-0.348877,-0.219604,0.723633,-55.950928,-30.830078,35.989990,0

-0.339478,-0.246460,0.239258,52.081299,7.561035,-28.585205,0

0.025513,0.264771,0.365112,23.150635,-120.612793,29.581299,0

0.584473,0.290894,0.604492,81.622314,-4.523926,-45.858154,0

0.748779,0.279175,0.971680,39.874268,-32.600098,12.796631,0

0.217651,0.368408,0.779907,12.347412,45.524902,24.637451,0

0.351929,0.686035,0.750610,-21.893311,56.999512,24.332275,0

0.246948,0.767578,0.896973,2.093506,67.009277,64.371338,0

0.098999,0.535645,1.088379,-56.439209,-19.599609,69.254150,0

-0.146729,0.580322,1.108521,4.656982,-87.897949,74.136963,0

-0.046143,0.273560,1.286255,-22.564697,-162.666016,9.134521,0

0.258911,-0.153198,1.099609,-35.870361,-174.628906,-68.441162,0

0.012939,-0.410889,0.824829,-31.475830,-91.926270,-36.092529,0

-0.250977,-0.480591,0.654785,-4.925537,-34.125977,-95.723877,0

-0.154907,-0.525269,0.909058,-21.466064,11.223145,-42.318115,0

-0.124512,-0.468872,0.829956,-60.772705,60.295410,-13.387451,0

0.068726,-0.139771,1.098999,14.849854,24.650879,38.309326,0

0.503296,0.122437,1.556763,16.131592,-31.684570,8.524170,0

0.383179,0.101685,1.615967,5.755615,-28.510742,19.022217,0

0.256348,0.047729,1.067383,-9.259033,-17.463379,2.176514,0

0.256958,0.059326,0.880981,8.380127,-10.871582,29.337158,0

0.239380,0.095215,0.714722,7.952881,3.105469,22.012939,0

0.282471,0.133911,0.697510,15.521240,19.279785,28.787842,0

0.276123,0.127686,0.745239,12.957764,1.457520,-1.729736,0

0.259521,0.180420,0.951294,18.634033,4.143066,-9.847412,0

0.356812,0.141846,1.116455,14.361572,-19.538574,-35.054932,0

0.285767,0.157837,1.197144,7.708740,-6.965332,-25.594482,0

0.364868,0.006226,1.023804,6.854248,-6.354980,-29.989014,0

0.389404,-0.162109,1.016235,26.507568,38.261719,5.960693,0

0.369751,-0.452271,0.976562,-23.297119,40.886230,31.290283,0

0.198120,-0.370850,1.033936,-27.691650,83.671875,87.198486,0

-0.052856,-0.614990,1.509644,-39.288330,80.925293,110.147705,0

-0.311768,-0.507690,2.015381,-45.635986,132.866211,181.375732,0

-0.414307,-0.576294,1.755127,-25.494385,86.479492,150.308838,0

-0.735352,-0.084229,0.601562,-13.531494,12.626953,131.571045,0

0.026855,0.304077,0.228516,-8.343506,-63.544922,45.938721,0

0.347168,0.686646,-0.061523,22.235107,-87.592773,30.496826,0

1.009033,0.692017,0.191284,112.750244,-68.793945,-56.417236,0

1.342529,0.265503,1.378052,50.433350,-39.619141,-80.770264,0

0.573730,0.505737,0.050537,-23.663330,116.936035,45.572510,0

0.620117,0.718872,0.928711,74.542236,92.949219,-14.913330,0

0.966187,1.216797,1.276855,21.746826,97.099609,39.346924,0

0.487671,0.608032,1.062134,-69.561768,21.660156,102.640381,0

0.049194,0.563721,1.069946,-34.649658,-48.225098,57.413330,0

-0.035522,0.060669,0.896729,-129.071045,-188.422852,-21.199951,0

0.275391,-0.220703,1.057495,15.765381,-93.208008,-68.319092,0

0.058105,-0.198486,0.831421,-85.125732,-134.895020,-83.883057,0

0.054077,-0.505249,0.990967,16.070557,-18.073730,-84.188232,0

-0.483887,-0.508911,0.826416,-25.616455,-36.201172,-128.011475,0

-0.544800,-0.547119,0.879761,14.788818,48.820801,-67.159424,0

-0.303467,-0.448853,1.160645,22.418213,47.111816,-48.299561,0

0.201782,0.097168,2.120117,38.836670,5.363770,35.562744,0

0.505737,0.413818,1.690552,-34.344482,10.979004,-4.110107,0

0.099976,0.104004,0.883545,-31.353760,38.444824,-5.574951,0

0.146729,-0.048218,0.819824,-43.743896,19.401855,-19.429932,0

0.207520,-0.032837,0.619019,-27.142334,20.927734,26.407471,0

0.298096,0.086426,0.709961,-12.554932,11.162109,3.702393,0

0.115723,0.072388,0.900269,21.807861,-10.749512,20.731201,0

0.276001,0.102173,1.350464,32.244873,-40.229492,-30.416260,0

0.135376,0.212646,0.986450,-24.822998,-5.012207,-3.682861,0

0.048340,0.250122,0.864014,-8.099365,-1.716309,-38.472900,0

0.148315,0.132446,0.947510,5.633545,-12.153320,-35.970459,0

0.183228,0.144897,1.108765,-12.066650,-8.247070,-69.173584,0

0.020142,0.079590,0.887939,-19.757080,4.509277,-61.727295,0

-0.203003,0.171265,0.726074,-10.784912,29.899902,-79.183350,0

-0.184937,0.020508,0.671753,-33.673096,15.251465,-80.953369,0

-0.051636,0.025757,1.224487,-43.927002,-7.819824,-103.597412,0

0.593384,-0.559814,2.265625,5.633545,10.246582,-155.294189,0

1.483643,-1.039429,1.935303,-150.494385,87.395020,-134.114990,0

1.659668,-1.852539,0.628662,-120.587158,54.680176,-15.706787,0

1.671387,-1.018555,0.790649,43.780518,-60.249023,181.253662,0

1.582886,-0.009155,0.630737,-7.611084,-76.545410,361.734619,0

1.514160,0.564331,0.038452,52.264404,-19.233398,383.402100,0

1.668335,0.748779,-0.360352,79.180908,-32.966309,422.037354,0

1.241211,0.853882,-0.256470,53.546143,-47.370605,339.334717,0

1.351929,0.641846,0.105957,123.309326,-35.346680,269.022217,0

1.062866,0.757690,0.750366,66.851807,-34.187012,283.487549,0

1.441650,1.280396,1.781250,97.735596,-40.290527,190.103760,0

1.366211,2.930664,3.164185,13.812256,-51.765137,146.585693,0

1.219360,2.265015,2.137207,-84.881592,34.904785,-38.045654,0

0.856934,1.427490,1.223511,-74.017334,10.002441,-161.336670,0

0.853760,0.768066,0.879883,-107.220459,34.477539,-200.277100,0

1.185791,0.596313,0.440430,-129.193115,132.805176,-244.649658,0

1.657593,0.313965,-0.042847,-159.161377,179.375000,-325.643311,0

1.534912,0.213135,-0.103149,-86.651611,209.343262,-288.350830,0

1.354004,0.048096,-0.073120,-7.366943,209.038086,-316.243896,0

0.924561,-0.181030,0.124756,58.673096,187.858887,-284.688721,0

0.704834,-0.390991,0.081665,-26.776123,69.816895,-292.562256,0

1.100952,-0.779785,0.778076,117.327881,25.383301,-291.585693,0

1.671265,-1.327759,0.761597,42.803955,-80.085449,-273.031006,0

1.750977,-1.146606,1.251587,103.533936,-94.062500,-193.441162,0

1.293091,-0.898193,1.622437,76.068115,-83.869629,-138.753662,0

0.739624,-0.871582,1.229126,44.940186,17.387695,-19.063721,0

0.587280,-0.590942,1.003906,-7.427979,13.542480,27.506104,0

0.663330,-0.320068,0.850708,-14.263916,58.586426,70.047607,0

0.662354,-0.253174,0.766724,6.427002,45.341797,61.746826,0

0.544067,-0.245728,0.871948,46.221924,56.022949,81.705322,0

0.567993,-0.349121,0.531738,52.569580,69.572754,102.335205,0

0.277954,0.077637,0.727417,88.763428,35.576172,149.759521,0

0.516968,-0.054932,0.702271,127.581787,51.872559,98.673096,0

0.397339,0.081909,0.435425,79.852295,19.707031,189.249268,0

0.161987,0.348877,0.523804,84.918213,-39.741211,134.683838,0

0.218506,0.243896,0.475830,80.706787,-52.436523,116.129150,0

0.070068,0.644043,0.579468,56.903076,-95.039062,76.151123,0

0.346802,0.322144,0.515747,-11.517334,-133.063965,-36.153564,0

0.338135,0.432983,0.645020,-26.531982,-127.509766,-47.017822,0

0.608276,0.873535,1.097412,-20.306396,-151.496582,-77.108154,0

0.678101,1.771606,2.874756,19.610596,-95.710449,-123.983154,0

1.549194,1.958008,3.999512,-74.627686,-9.528809,-96.456299,1

2.087158,1.230591,3.277832,-137.371826,213.066406,-41.707764,1

1.602905,0.505127,1.937988,-110.150146,309.318848,1.810303,1

1.455078,0.052002,0.862427,-129.010010,300.651855,33.121338,1

1.495605,-0.214600,0.383057,-1.873779,344.353027,40.872803,1

1.403687,-0.356079,0.451904,28.399658,304.924316,21.646729,1

1.117920,-0.179443,0.470459,54.217529,340.019531,5.472412,1

0.652344,-0.128418,0.209351,50.616455,281.853027,-39.449463,1

0.089600,0.140625,-0.031860,160.540771,230.339355,-68.197021,1

-0.011719,0.385986,-1.243164,46.099854,127.556152,-89.620361,1

-0.805786,-0.087524,-3.720215,-41.363525,-38.459473,-17.110596,1

-0.006836,-0.263062,-3.051636,-39.837646,-174.567871,30.313721,1

1.142212,0.434082,-0.615845,-31.597900,-239.631348,105.142822,1

1.402832,0.395020,0.581543,-20.001221,-260.200195,65.897217,1

1.700439,-0.270752,0.992432,-28.302002,-310.615234,14.200439,1

1.698853,-0.604614,1.210571,-68.585205,-321.845703,-18.575439,1

1.341309,-0.475952,1.051270,-3.277588,-285.102539,-24.495850,1

0.838501,-0.493408,1.017456,-30.194092,-307.502441,-34.505615,1

1.009277,-0.446899,2.022461,106.402588,-255.134277,-33.773193,0

1.144897,0.264526,2.333496,35.906982,-247.932129,76.761475,0

1.635376,1.562012,2.756714,155.352783,-90.522461,-40.731201,0

1.575439,1.580200,2.306763,121.844482,-105.415039,7.547607,0

1.032349,1.005615,2.093140,133.624268,-16.364746,-38.228760,0

0.511475,0.547607,0.898804,-38.311768,82.084961,44.168701,0

0.312866,0.150635,0.220947,-17.742920,123.222656,-0.264893,0

0.188965,0.287109,-0.037842,-28.729248,89.409180,36.783447,0

0.418335,-0.047485,-0.151978,-18.780518,40.825195,-32.308350,0

0.391724,0.205688,0.021729,4.290771,23.002930,14.261475,0

0.096313,0.825562,0.599243,3.680420,-31.989746,-44.454346,0

0.261475,1.494019,2.214600,-57.781982,-84.357910,-88.948975,1

1.735596,1.977661,3.999512,-13.226318,23.552246,-80.709229,1

1.857178,1.462891,2.813354,-145.489502,226.433105,-45.064697,1

1.262207,0.462524,2.071777,-81.097412,263.542480,-51.046143,1

0.907593,-0.005737,0.744995,-85.186768,323.601074,-17.781982,1

1.249146,-0.088501,0.742554,-40.142822,308.220215,-59.652100,1

1.291992,-0.123779,0.767578,-7.916260,329.887695,-40.609131,1

1.183960,-0.024292,0.415527,-73.529053,300.773926,-28.157959,1

0.776733,0.169922,0.564697,61.663818,295.585938,-87.484131,1

0.454956,0.211792,-0.317017,14.117432,224.052734,-85.347900,1

-0.359253,0.082031,-1.847778,-4.681396,111.198730,-134.969482,1

-0.527222,-0.556396,-3.536499,-17.010498,-34.675293,-13.509521,1

-0.454224,-0.256348,-2.751831,-45.574951,-163.459473,49.539795,1

0.793823,0.324585,-0.511108,-49.114990,-206.062012,131.510010,1

0.959229,0.269775,0.216431,23.638916,-203.315430,104.166260,1

1.165039,-0.048462,0.715210,-16.156006,-280.280762,43.863525,1

1.432129,-0.282959,0.888428,28.399658,-322.089844,-14.180908,1

1.264526,-0.110962,1.351807,30.169678,-313.117676,-43.599854,1

0.845337,-0.191406,1.075684,-10.418701,-291.389160,-40.792236,1

0.577271,-0.490723,1.455933,11.798096,-272.834473,-112.630615,1

0.404053,0.069824,1.876099,56.964111,-157.355957,-18.697510,1

0.824707,0.639160,3.140381,182.025146,-105.292969,4.984131,1

0.875122,2.161133,2.743408,100.360107,-53.229980,-1.973877,1

1.237427,1.727661,3.999512,1.361084,-114.326172,-30.965576,1

-0.111816,1.040039,2.633545,-73.040771,47.600098,-34.810791,1

-0.054565,0.209351,1.980225,-146.710205,132.377930,-4.598389,1

1.069824,0.671631,2.227295,-140.850830,246.635742,27.750244,1

1.664062,0.652466,1.219482,-105.511475,382.805176,60.831299,1

2.008057,0.354492,0.935913,-95.928955,397.331543,0.955811,1

1.407837,-0.077881,0.432129,-54.180908,392.631836,22.073975,1

0.693115,0.110962,0.557373,3.314209,320.427246,-46.041260,1

0.138794,0.141602,-0.249634,-4.986572,211.784668,-16.927490,1

-0.282715,0.219971,-1.470703,2.947998,94.536133,-110.921631,1

-0.355469,-0.108276,-2.777832,-65.289307,5.913086,-2.218018,1

-0.015137,0.092285,-1.636963,-6.573486,-85.822754,65.714111,1

0.184814,0.200439,-0.666870,-22.076416,-154.975586,121.439209,1

0.886963,-0.013672,0.364502,83.392334,-223.273926,70.352783,1

0.824829,-0.017578,0.915649,-24.090576,-260.627441,36.722412,1

0.852417,-0.122925,0.819336,37.615967,-205.817871,26.224365,1

0.572144,0.066895,0.744873,-75.115967,-277.106934,-48.970947,1

0.727417,-0.383179,0.912476,60.931396,-213.874512,-64.840088,1

0.365601,-0.226318,1.667847,69.415283,-247.504883,-42.501221,1

0.320923,0.643677,1.995361,92.425537,-117.988281,100.321045,1

0.149902,2.576904,3.726074,135.150146,-216.132812,36.356201,1

0.179199,2.249023,3.999512,147.845459,-98.457031,-15.401611,1

-0.100586,1.234741,3.029541,-33.489990,-56.159668,-58.980713,1

-0.277710,0.298828,1.795288,-76.702881,107.963867,-2.218018,1

0.332886,0.693115,1.639404,-50.274658,220.512695,-4.842529,1

1.071289,0.786987,1.531250,-109.417725,292.778320,3.946533,1

1.455933,0.723633,1.364136,-69.561768,378.898926,-31.148682,1

1.521240,0.216064,0.866455,-57.171631,414.848633,-36.458740,1

1.043945,0.037842,1.073975,8.074951,364.006348,-101.156006,1

0.232178,-0.138184,0.529663,85.040283,318.779297,-57.332764,1

-0.519653,0.553345,-1.110107,26.019287,198.845215,-73.323975,1

0.164673,-0.343872,-2.841919,-22.869873,87.700195,-107.503662,1

0.378784,-0.503784,-3.371460,-77.435303,-74.531250,43.070068,1

0.845337,0.050537,-0.641724,-15.606689,-187.507324,116.617432,1

0.956543,0.283936,0.752563,-11.578369,-203.986816,100.687256,1

0.872559,-0.050415,0.638916,-36.114502,-211.555176,76.029053,1

0.730957,-0.003052,0.721802,-15.667725,-256.721191,31.778564,1

0.864746,-0.351196,1.096802,-24.029541,-260.200195,-9.114990,1

0.318970,0.000854,1.037109,3.619385,-234.199219,-10.091553,1

0.226929,-0.307129,1.107422,-55.828857,-261.848145,-61.422119,1

-0.084229,-0.095337,1.657349,38.775635,-206.123047,-18.636475,1

-0.421265,1.060913,3.582275,191.790771,-152.656250,32.877197,1

-0.906982,2.709717,3.999512,121.783447,-121.955566,9.195557,1

-0.146851,1.556519,3.545410,42.620850,-99.006348,-55.745850,1

-0.519165,0.537964,2.438599,-41.790771,79.155273,-23.397217,1

-0.051880,0.358765,1.419189,-90.435791,171.928711,-5.086670,1

0.699097,0.543335,1.337646,-65.960693,248.405762,7.486572,1

1.201294,0.658569,1.344849,-90.008545,275.322266,-34.627686,1

1.141479,0.484985,1.030762,-50.640869,347.587891,-37.801514,1

1.110229,0.272217,0.978027,-52.410889,342.766113,-108.968506,1

0.204834,0.137451,0.625244,130.206299,386.284180,-122.335205,1

0.169189,-0.007202,-0.784302,86.138916,295.097656,-82.967529,1

0.272339,-0.822144,-2.039551,36.334229,144.768066,-150.716553,1

0.636353,-1.464233,-3.180542,-99.713135,-6.782227,44.351807,1

0.609009,-0.068604,-1.110962,-98.736572,-173.591309,171.427002,1

0.551880,0.172363,-0.307739,-97.760010,-231.757812,146.951904,1

0.970337,0.314331,0.581177,-42.950439,-284.736328,117.410889,1

0.953735,0.059082,0.801514,-67.425537,-284.248047,21.524658,1

0.793213,0.070679,0.383667,-26.287842,-253.120117,-7.772217,1

0.913330,0.089722,0.871948,12.774658,-286.811523,-52.999268,1

0.741699,-0.215454,1.271729,83.148193,-208.808594,-41.158447,1

0.342041,0.403931,1.831543,15.338135,-216.560059,39.652100,1

0.112427,0.525146,2.221313,145.220947,-123.786621,22.867432,1

0.698853,2.300781,3.567627,162.005615,-211.982422,109.964600,1

0.496338,2.505615,2.607422,179.888916,-83.198242,85.367432,1

0.528076,1.149658,2.479736,50.860596,-81.611328,51.981201,1

-0.315796,0.490356,1.115356,-5.657959,86.174316,64.249268,0

0.109619,0.033936,0.425903,-20.672607,97.832031,82.010498,0

-0.129639,0.445435,0.281616,-35.809326,137.810059,61.990967,0

0.348145,0.087524,0.433716,-89.215088,99.052734,-7.467041,0

0.446167,0.184448,0.489624,-66.143799,149.467773,47.037354,0

0.256348,0.601440,0.751587,-41.302490,164.299316,26.651611,0

0.279907,0.387817,0.854126,-53.570557,122.673340,-10.335693,0

0.156860,0.369995,1.145142,-34.100342,51.140137,-23.214111,0

0.011597,0.224121,1.209961,-4.864502,-40.961914,-31.636963,0

-0.186401,0.421265,1.226074,44.635010,-68.305664,37.698975,0

-0.078247,0.318604,1.021729,19.244385,-49.689941,-7.222900,0

0.063965,0.236816,1.073730,33.953857,-44.929199,-4.415283,0

-0.026245,0.220703,0.757080,-9.197998,12.687988,36.295166,0

-0.141235,0.287964,0.650513,-19.696045,29.289551,18.167725,0

-0.052246,0.290405,0.810181,-14.752197,11.284180,6.510010,0

-0.032471,0.392944,1.145508,-18.475342,29.106445,-22.786865,0

-0.098633,0.306274,1.227783,-26.409912,13.237305,-27.974854,0

-0.037231,0.210571,1.489502,22.418213,-3.425293,-33.590088,0

-0.109741,0.213135,1.363525,-10.662842,28.190918,1.810303,0

-0.235474,0.145264,0.952759,-32.696533,69.328613,13.773193,0

-0.169556,0.074951,0.706543,-15.057373,68.901367,6.082764,0

-0.119385,0.061157,0.786621,-0.775146,43.876953,4.678955,0

-0.164062,0.051270,0.738647,2.398682,64.018555,0.101318,0

-0.241455,0.088867,0.861450,22.784424,14.152832,-12.471924,0

-0.228394,0.118774,0.819214,-5.963135,23.491211,20.548096,0

-0.391235,0.301392,0.732910,4.962158,33.684082,19.998779,0

-0.401245,0.260376,0.818481,1.788330,11.650391,6.265869,0

-0.615601,0.378906,0.936401,-7.305908,5.852051,-1.912842,0

-0.602173,0.358887,0.964844,-6.268311,25.444336,-0.814209,0

-0.568481,0.328125,0.867798,-15.118408,47.661133,-14.058838,0

-0.499390,0.202515,0.599365,-38.067627,48.149414,-23.580322,0

-0.511841,0.130493,0.357666,-27.874756,43.205566,-14.852295,0

-0.474609,0.082764,0.352661,-35.015869,7.072754,5.106201,0

-0.392700,0.132446,0.406616,-35.748291,-12.275391,10.904541,0

-0.274658,-0.026123,0.401245,-17.193604,-25.092773,15.360107,0

-0.223755,-0.088257,0.384521,-31.170654,-25.520020,28.848877,0

-0.165894,-0.004883,0.628540,0.567627,-85.029297,18.411865,0

-0.068848,-0.039307,0.675171,7.464600,-83.808594,22.440186,0

0.033813,0.095215,0.891479,59.649658,-74.470215,-0.447998,0

0.082397,0.486572,1.024536,73.992920,-81.367188,30.435791,0

0.084229,0.385010,1.197998,11.676025,-132.331543,6.571045,0

0.219238,0.317017,1.528320,34.075928,-78.742676,21.524658,0

0.118652,0.313354,1.096191,91.937256,65.483398,40.079346,0

0.001831,0.629395,1.383057,163.714600,76.835938,29.947510,0

0.084473,0.713745,0.884033,19.183350,-42.487793,37.882080,0

0.068726,0.418213,1.329590,-64.068604,-56.342773,14.200439,0

0.039917,0.576050,1.010376,24.981689,11.345215,39.102783,0

0.241333,0.525635,1.409668,-44.415283,26.054688,26.956787,0

-0.021118,0.511841,0.854492,46.771240,36.369629,5.838623,0

-0.027222,0.494995,0.961304,5.389404,57.731934,13.834229,0

-0.071655,0.503540,0.864990,24.249268,15.556641,15.177002,0

-0.016357,0.577637,0.823853,-9.991455,47.294922,12.003174,0

-0.108643,0.467041,0.823486,-42.095947,87.822266,28.543701,0

-0.093872,0.508789,0.896362,22.235107,21.538086,17.374268,0

-0.117554,0.500854,0.812744,-39.044189,-21.003418,19.205322,0

-0.101807,0.187622,1.320312,-103.863525,-6.782227,-3.682861,0

-0.125366,0.330444,0.943604,-29.095459,4.326172,-0.264893,0

