0.007690,0.014282,0.999268,0.037231,-0.094604,-0.071411,0

0.006592,0.016357,1.002930,-0.023804,0.149536,-0.010376,0

0.004883,0.014282,1.003662,-0.023804,0.088501,-0.010376,0

0.006348,0.019287,1.001831,-0.023804,-0.033569,-0.010376,0

0.008179,0.013550,1.002197,-0.023804,0.088501,-0.010376,0

0.004028,0.015869,1.004761,0.098267,0.027466,0.050659,0

0.006226,0.015259,1.002319,0.037231,0.027466,-0.071411,0

0.007935,0.014893,1.001343,0.037231,0.027466,0.050659,0

0.004517,0.017700,1.003662,0.098267,0.027466,-0.010376,0

0.006836,0.015137,1.002808,0.037231,-0.033569,-0.010376,0

0.008301,0.013184,1.003540,0.098267,-0.033569,-0.010376,0

0.004761,0.016602,1.005493,-0.084839,0.088501,0.050659,0

0.006226,0.013794,1.003784,0.037231,0.027466,-0.010376,0

0.008545,0.016724,1.002441,0.037231,-0.033569,-0.010376,0

0.005981,0.017578,1.002075,-0.023804,0.027466,0.050659,0

0.005371,0.013062,1.008179,0.037231,0.027466,-0.071411,0

0.002686,0.022705,1.009033,-0.206909,-0.155640,-0.010376,0

0.012573,0.005737,1.001831,-0.267944,-0.033569,0.050659,0

0.003662,0.010254,1.008423,0.464478,0.210571,-0.010376,0

-0.001709,0.033936,1.013428,0.098267,-0.033569,-0.010376,0

0.010986,0.003296,1.002808,-0.390015,-0.155640,-0.071411,0

0.004395,0.001221,1.011963,0.281372,-0.094604,0.050659,0

0.001099,0.026978,1.017090,0.159302,-0.216675,0.050659,0

0.009644,0.010498,1.000732,-0.267944,-0.582886,0.050659,0

0.020752,-0.000244,0.997681,0.159302,0.088501,-0.010376,0

0.003540,0.024902,1.019531,0.281372,0.271606,-0.010376,0

0.003540,0.021729,1.012695,-0.267944,-0.216675,-0.071411,0

0.016846,0.007568,0.990845,0.037231,-0.033569,-0.071411,0

-0.067993,0.379639,0.965454,5.957642,0.881958,16.896362,0

0.222290,-0.339600,1.040771,-1.671753,2.774048,88.063354,0

0.084717,-0.006592,0.994629,2.722778,0.759888,19.154663,0

0.122314,-0.062134,1.005493,14.014282,-0.155640,6.032104,0

-0.258789,-0.032593,1.505615,310.889282,2.163696,16.163940,0

-0.191284,0.437866,0.162476,250.769653,42.507935,68.593140,0

0.347290,0.633667,1.265137,293.128052,-23.043823,4.628296,0

0.719482,1.318359,1.265869,-135.338745,-129.183960,-74.534302,0

0.177612,0.857910,0.480225,-178.673706,2.835083,-35.776978,0

0.238159,0.963623,0.787842,-221.642456,-58.322144,-143.870239,0

-0.231812,0.664673,0.689575,-62.157593,-40.499878,-145.274048,0

0.199219,0.263062,1.065186,-67.467651,-96.469116,-207.713013,0

-0.594238,0.415527,0.867188,21.582642,-2.474976,-130.320435,0

-0.234741,0.445923,0.782104,-21.813354,-26.522827,-160.410767,0

0.724243,-0.177368,0.533203,151.526489,97.439575,-255.869751,0

2.359375,-1.349487,1.941040,112.769165,87.429810,-54.636841,0

2.373535,-0.523193,1.373901,-66.185913,89.932251,334.462280,0

0.678101,2.105225,0.882202,-99.205933,39.395142,418.446655,0

-2.610352,3.997559,1.115479,-72.106323,113.247681,124.257202,0

-1.242920,2.235962,-0.072754,64.612427,91.030884,-372.568970,0

0.057007,1.102051,0.536621,367.713013,105.618286,-518.076782,0

1.666748,0.069336,1.119019,406.043091,53.189087,-432.505493,0

2.424438,0.110107,3.799316,199.072876,64.419556,186.513062,0

1.362427,3.545776,1.788940,-229.149780,467.556763,395.314331,0

-1.507812,2.967651,-3.198608,-160.546265,402.859497,15.492554,0

-0.631836,1.185913,-3.307007,-1.854858,-176.425171,-213.816528,0

0.525391,0.515015,-1.316650,220.557251,-279.818726,-250.925903,0

1.444458,-1.693359,3.720825,225.562134,-271.334839,-133.494263,0

1.617554,1.947998,3.721558,-26.207886,215.420532,235.219116,0

-0.173706,1.407959,-0.643799,-140.892944,273.220825,187.977905,0

-1.753418,0.861206,-2.202271,52.466431,100.918579,35.390015,0

-1.226074,0.210449,-1.410522,-148.766479,-176.730347,53.151245,0

-0.661743,1.085815,-0.062988,-89.867554,-246.066284,46.498413,0

-0.239624,0.391846,0.981445,-32.860718,-95.980835,-12.217407,0

-0.251587,0.717041,0.497314,-29.381714,132.473755,25.746460,0

0.187378,-0.208374,0.448120,176.550903,203.335571,-54.026489,0

-0.416748,0.707397,1.198364,287.940063,134.793091,72.865601,0

-0.753662,1.255371,0.333008,-181.908569,17.910767,91.420288,0

-0.702759,0.923584,0.212158,-268.090210,-5.404663,69.264526,0

-0.933105,1.142212,-0.083130,-122.887573,-92.440796,57.118530,0

-0.688354,0.857300,0.052002,-62.645874,-75.961304,-25.950317,0

-0.518066,0.971436,0.274414,-56.847534,-172.518921,-20.457153,0

0.135498,0.954834,1.301025,-59.533081,-126.925659,-25.950317,0

0.035156,0.179321,0.761963,82.007446,40.493774,-7.700806,0

-0.468506,0.532227,0.318481,201.819458,111.355591,-30.466919,0

-0.266968,1.036621,0.491577,110.999146,81.326294,30.140991,0

-1.016113,0.896484,-0.789429,172.095337,34.085083,-79.539185,0

-0.414062,0.493408,0.159302,-110.314331,-106.784058,153.615112,0

-0.443359,1.255249,0.116699,24.085083,-127.902222,45.460815,0

-0.804077,1.287598,-0.221558,70.776978,-9.127808,-62.510376,0

-0.755371,0.715088,-0.578979,180.029907,-10.348511,-164.133911,0

0.908081,0.254517,0.306030,234.351196,-154.025269,-40.903931,0

3.429321,1.492798,3.969482,110.266724,184.902954,114.735718,0

2.167969,2.090942,-1.098267,28.418579,461.514282,24.525757,0

-0.724121,2.568481,-3.088501,-153.954468,274.624634,39.967651,0

-1.426514,1.629761,-3.031006,-165.856323,-132.540894,-60.801392,0

-0.557373,1.513306,-1.531860,-119.164429,-254.916382,-146.067505,0

0.609009,0.740356,-0.093872,-0.206909,-263.522339,-233.836060,0

0.818604,0.304688,1.071289,209.204712,-117.404175,-206.126099,0

1.162109,1.428833,2.354858,147.742310,-116.671753,-37.363892,0

1.453369,1.964233,2.029053,-144.616089,173.611450,1.332397,0

0.174438,0.956055,-1.073608,-109.154663,318.447876,-52.012329,0

-1.824097,-0.141357,-3.942261,-79.613647,97.317505,-92.295532,0

-1.170166,-0.224976,-2.619629,50.696411,-268.893433,-42.734985,0

0.806641,-0.022095,0.011841,213.721313,-356.967163,-76.792603,0

2.149170,1.360229,3.352051,291.235962,-79.196167,-38.889771,0

2.595459,2.942017,2.636841,-117.943726,282.986450,104.115601,0

1.799316,0.662476,-0.867676,-106.469116,510.342407,84.157104,0

1.166504,0.750244,-1.044312,-248.986206,334.194946,257.802124,0

0.066895,1.188721,-3.058105,-77.843628,277.920532,249.501343,0

-0.051025,1.113403,-3.746094,70.532837,-97.689819,85.866089,0

1.056030,1.314331,-2.693237,2.112427,-382.235718,188.954468,0

2.822876,1.683105,-1.218872,-238.121948,-608.676147,259.633179,0

3.385620,3.693237,3.999512,-174.706421,-247.592163,-133.372192,0

2.999878,1.872437,1.871826,172.339478,350.796509,-532.969360,0

1.262451,0.874634,-1.819580,-106.163940,463.955688,-342.112427,0

-0.375610,-1.830688,-3.997559,184.912720,37.136841,-315.745239,0

2.497925,-1.093750,-2.943359,-123.314819,-546.176147,49.183960,0

3.713745,-0.486084,3.999512,87.134399,-335.116577,3.834839,0

3.622070,-0.154053,2.396851,87.561646,370.266724,113.026733,0

1.245728,-0.609131,-3.779907,-13.817749,479.580688,251.454468,0

0.582764,0.297119,-3.270020,-143.456421,-238.925171,390.919800,0

3.245361,3.801636,1.979370,-184.166870,-490.267944,427.846069,0

-0.458740,3.997559,-0.223145,160.986938,52.273560,23.549194,0

-0.193481,3.331665,-0.338745,-170.128784,-113.742065,-49.326782,0

2.094482,3.769287,0.662109,25.366821,-129.000854,-275.156860,0

3.251953,3.531372,-1.159180,-149.437866,60.879517,-510.325317,0

3.996094,0.691895,-1.056152,-91.698608,-62.838745,-790.354614,0

1.011719,-1.203369,-0.485718,-86.022339,-87.619019,-369.089966,0

0.398804,-0.443237,-0.266113,-20.043335,-118.014526,-139.963989,0

0.304932,-0.626709,0.238770,16.638794,-67.294312,-119.700317,0

1.279175,-0.904663,0.217041,-8.446655,-36.959839,-3.794556,0

2.952393,-2.103271,0.203369,80.786743,147.915649,169.667358,0

3.996094,-0.531494,-0.996460,48.377075,409.512329,1137.684937,0

3.877197,3.997559,-0.079346,16.760864,133.389282,917.714233,0

1.594238,3.997559,-0.543823,74.378052,-86.215210,283.253784,0

0.553833,0.951538,-0.223511,-68.200073,73.757935,55.836792,0

0.432495,1.105225,-1.128418,97.632446,-35.006714,-53.477173,0

0.882935,1.108398,-0.300293,75.598755,-123.690796,-27.476196,0

0.856323,0.494141,-0.097900,13.648071,7.717896,-36.814575,0

0.603394,1.009766,-0.586914,-35.851440,14.370728,9.083862,0

0.623047,0.728149,-0.373779,-44.823608,-18.283081,-20.090942,0

0.739746,0.576416,-0.139160,-24.559937,-20.297241,-28.025513,0

0.714111,0.653931,-0.173828,2.234497,13.272095,-22.166138,0

0.765381,1.260254,-0.344727,-68.383179,15.713501,32.460327,0

0.944946,2.101196,-0.008545,-121.361694,6.008911,-77.647095,0

1.475952,2.148560,-0.969849,318.945923,-165.438843,-663.889771,0

1.961060,-1.029175,0.793945,126.807251,-161.532593,-725.901489,0

0.425293,-0.297729,0.484985,-162.133179,196.438599,277.089233,0

2.971436,2.417480,0.820557,-218.346558,730.191040,-12.888794,0

0.837402,0.252319,-3.997559,82.739868,604.275513,-379.893188,0

0.049805,-0.902588,-3.302612,-249.596558,-235.995483,9.083862,0

2.534546,-1.243652,-1.722900,-256.615601,-782.321167,307.118530,0

3.992310,2.085083,1.959839,-131.249390,-849.154663,435.475464,0

1.549194,2.894897,0.852539,42.273560,9.976196,-112.437134,0

1.228882,2.805908,0.044189,23.963013,-23.104858,-593.455200,0

1.481567,0.315063,-0.370361,40.564575,2.774048,-832.835083,0

0.546143,-1.669312,0.177856,-46.837769,-51.608276,-527.659302,0

0.098022,-1.239380,-0.154053,-26.818237,82.058716,20.314331,0

0.084961,-0.749146,0.499390,113.196411,95.608521,134.938354,0

3.984131,0.533203,0.527466,-167.687378,560.635376,847.401733,0

1.682251,3.997559,0.043701,-237.084351,586.636353,456.044312,0

0.683594,0.784546,-1.161987,-311.242065,30.789185,169.057007,0

0.716064,1.850098,-0.242432,-41.222534,-34.030151,56.935425,0

0.736694,1.122559,0.318359,-128.624878,81.143188,36.427612,0

0.462402,1.192871,-0.709717,-216.454468,63.198853,19.642944,0

0.051758,1.299194,-1.372925,-70.885620,-210.910034,-44.260864,0

2.290527,1.202271,-0.961548,-71.129761,-598.666382,-55.613403,0

2.545166,1.802490,0.750977,-62.279663,-563.388062,-130.930786,0

2.156372,3.540039,1.304932,-103.600464,-53.744507,-518.992310,0

2.480225,1.083862,-1.464722,-46.898804,229.946899,-917.124634,0

0.882446,-3.991211,-0.327271,-118.248901,-15.353394,-588.633423,0

1.635498,-2.747681,0.359253,14.014282,-31.161499,653.554077,0

3.280762,3.997559,2.558838,-438.378296,143.154907,927.907104,0

0.794922,0.284302,-1.571167,528.723755,556.790161,-401.438599,0

2.005615,1.330200,0.858765,-468.041382,434.292603,72.621460,0

0.514038,0.947876,-1.412720,-185.082397,532.376099,-100.901489,0

-1.738037,0.074219,-2.995972,-161.583862,-38.363647,-21.799927,0

1.229370,0.890381,-1.543823,61.987915,-599.765015,10.304565,0

3.040649,1.188599,-0.807617,87.073364,-749.057007,251.759644,0

2.137451,2.114746,2.303711,-50.194702,-462.191772,224.843140,0

1.356567,2.569702,-0.014282,53.931274,197.659302,-154.551392,0

0.598877,0.739014,-0.135132,32.935181,169.155884,-198.618774,0

0.370728,0.099243,-0.432739,-11.437378,83.462524,-133.433228,0

0.368774,-0.265137,-0.296997,124.487915,75.100708,-85.398560,0

0.531738,-0.210449,-0.425781,24.939575,-50.021362,120.961304,0

0.977417,1.017090,0.132812,-81.566772,-68.881226,294.240112,0

2.216553,3.997559,1.546631,-194.420776,10.525513,186.329956,0

2.240234,3.116577,0.224854,153.662720,118.679810,-560.923462,0

2.958984,1.783447,-0.957397,293.494263,-116.122437,-959.971313,0

2.868530,-0.416016,-0.376465,-97.130737,-259.494019,-680.552368,0

1.502197,-1.739502,0.934326,46.240845,-97.689819,-199.290161,0

1.384644,-0.619019,0.729736,-10.521851,68.936157,133.168335,0

2.097534,-3.468262,0.884888,121.436157,320.401001,464.894409,0

3.996094,3.997559,-2.344238,-444.786987,507.962036,1450.917358,0

0.680298,2.112671,-1.733765,238.318481,-51.852417,38.624878,0

0.435181,0.936401,0.022705,-23.400269,36.099243,24.281616,0

0.377441,1.133057,-0.154175,-105.065308,-3.329468,58.339233,0

0.505615,1.070679,-0.324463,10.901489,-12.118530,-8.921509,0

0.580200,0.551270,-0.075562,21.887817,-28.292847,-25.278931,0

0.504639,0.648315,-0.129883,3.760376,-13.217163,11.647339,0

0.590454,0.715332,-0.105591,2.356567,-0.338745,63.344116,0

0.656982,1.755981,-0.158447,-74.303589,26.821899,95.509644,0

0.984375,2.733398,0.181641,-54.161987,-26.339722,-60.068970,0

1.247070,2.447510,-0.153809,104.468384,22.305298,-290.049438,0

1.781860,3.017090,-1.418091,236.060181,-125.704956,-704.172974,0

2.357788,-0.417236,-0.011597,1.868286,-343.783569,-707.102661,0

0.834595,-0.936279,0.349854,-45.128784,-186.618042,-361.094360,0

0.155884,-0.761841,0.254272,-44.335327,-56.857300,-81.553345,0

-0.482788,-0.692261,0.124512,6.873169,-4.183960,-64.402466,0

-0.421143,-0.663696,0.042603,9.741821,-14.315796,-19.358521,0

0.476318,-1.274292,0.606445,31.836548,17.544556,34.230347,0

3.196167,-2.308105,1.107910,131.629028,327.175903,633.473511,0

3.996094,2.661377,-2.912964,-235.009155,582.241821,1139.515991,0

2.099243,3.997559,1.272705,-29.076538,-46.359253,385.975952,0

0.952759,1.288208,0.866211,83.533325,-43.246460,-34.678345,0

0.124512,1.450439,-0.525513,-91.393433,66.067505,92.946167,0

0.351318,1.169800,-0.381348,40.137329,-8.517456,-3.794556,0

0.555664,1.052734,-0.291992,2.478638,-21.090698,-5.869751,0

0.782837,1.985474,-0.195801,-11.803589,-39.401245,-50.364380,0

0.900391,3.314087,-0.788086,149.085083,-35.067749,-279.673462,0

2.582642,3.271240,-2.156738,274.268188,-397.433472,-855.479126,0

3.050659,-0.124146,0.007935,-114.708862,-419.894409,-785.899048,0

0.882690,-2.112549,0.879150,-89.196167,-151.339722,-114.329224,0

-0.090820,0.037842,-0.072266,-63.622437,-11.874390,54.432983,0

-0.625122,-0.470093,-0.116455,29.151001,14.981079,-49.143677,0

0.100220,-0.712524,0.351685,-22.728882,-50.021362,18.788452,0

1.473999,-2.558716,1.165039,47.827759,147.244263,266.713257,0

3.996094,-0.306885,-0.542847,69.251099,567.410278,887.929077,0

1.777954,3.997559,-0.689941,-692.650757,89.138794,827.748413,0

1.183960,2.372192,-0.275269,400.488892,-61.190796,-19.236450,0

0.684692,1.447144,-0.146362,-30.785522,7.656860,85.438843,0

0.494995,1.431519,-0.161743,-101.830444,-10.653687,62.306519,0

0.420166,0.855347,-0.294067,66.260376,6.863403,-38.401489,0

0.540894,1.305054,-0.385498,-3.380737,-18.954468,12.807007,0

0.809937,2.380371,-0.447388,-75.951538,-25.729370,-59.031372,0

1.044189,3.177612,-1.251709,132.056274,-111.666870,-342.783813,0

2.507568,2.890747,-1.443237,127.722778,-402.438354,-720.408325,0

2.786865,-0.834473,0.821899,-105.370483,-269.076538,-762.217407,0

0.428467,-1.544312,0.061035,-49.096069,-0.827026,-129.832153,0

-0.118530,-0.226074,0.000610,-86.571655,-11.935425,39.540405,0

-0.581299,-0.749390,-0.209229,51.978149,56.851196,-28.452759,0

0.501465,-1.672363,0.730957,-28.466187,59.536743,285.267944,0

3.326660,-1.309937,0.728394,93.726196,401.028442,750.172729,0

1.311279,3.997559,-0.621094,-655.785522,136.318970,741.383667,0

0.460815,1.568359,-0.458618,337.805786,-26.095581,-172.434692,0

0.124268,1.048828,-0.124878,-182.702026,41.470337,92.457886,0

-0.002563,1.093628,-0.328491,-181.603394,-47.274780,36.488647,0

0.300903,1.185425,0.230103,-66.185913,24.075317,-75.266724,0

0.200439,1.193970,0.107910,-200.585327,-69.918823,-30.466919,0

0.446655,1.156738,0.411255,-462.548218,-84.506226,-113.596802,0

-0.070068,0.434814,0.552002,-104.088745,92.190552,-56.956177,0

-0.046997,0.757324,0.765259,-3.014526,62.100220,-86.741333,0

0.084595,0.786133,0.630249,-159.081421,7.595825,54.677124,0

-0.111206,0.490845,0.769775,-210.289917,-55.758667,134.633179,0

0.456177,0.279541,0.820679,-198.021851,101.773071,23.060913,0

-0.637085,0.188232,0.768921,392.615356,81.387329,-18.442993,0

-0.289551,0.654297,0.847412,-43.175659,-17.489624,8.839722,0

-0.126587,0.190674,0.748169,-108.727417,-57.833862,-42.796021,0

-0.001465,0.308960,0.958740,60.828247,1.309204,46.864624,0

-0.121582,0.256470,0.780518,-51.659546,35.733032,17.140503,0

-0.164917,0.198853,0.801636,54.175415,42.446899,46.498413,0

-0.203613,0.387573,0.867188,25.610962,-35.861206,43.263550,0

-0.005981,0.345337,0.790527,50.391235,-29.940796,46.742554,0

-0.093384,0.542603,0.926025,98.486938,-0.582886,22.145386,0

-0.074829,0.671753,0.697266,85.669556,-9.432983,9.755249,0

-0.068604,0.651245,0.813721,-58.129272,-18.649292,2.247925,0

-0.151733,0.478516,0.675171,-20.165405,-28.231812,16.163940,0

-0.036255,0.495605,0.758667,80.542603,45.864868,-74.595337,0

-0.149780,0.874634,0.817139,159.400024,104.458618,-158.823853,0

-0.342285,0.919800,0.580688,0.464478,-24.691772,86.903687,0

-0.211060,0.830933,0.618042,-142.785034,-110.995483,81.715698,0

0.055786,0.411865,0.575195,-96.581421,-16.024780,5.116577,0

0.132324,0.627563,0.764160,-67.467651,-21.517944,-7.883911,0

0.020142,0.557495,0.849121,36.170044,36.221313,6.947632,0

-0.050537,0.484253,0.761230,-47.631226,8.084106,32.765503,0

-0.012817,0.567993,0.994873,9.192505,-16.757202,17.018433,0

-0.019043,0.499512,0.907959,39.771118,-8.517456,28.737183,0

-0.030029,0.476685,0.992920,30.676880,20.046997,60.597534,0

-0.005005,0.607178,0.979736,-21.813354,-13.949585,46.254272,0

-0.162964,0.574219,0.695435,17.005005,-22.860718,37.892456,0

0.175659,0.880615,1.125977,40.198364,-5.892944,12.074585,0

-0.019043,0.660767,0.941284,32.630005,133.816528,-134.348755,0

-0.233032,0.984985,0.695801,-52.147827,29.019165,-112.498169,0

-0.123413,0.517944,0.692749,-129.357300,-29.147339,-70.567017,0

-0.002319,0.283813,0.713745,-31.029663,6.375122,-11.179810,0

-0.031982,0.149048,0.588257,-6.676636,-48.190308,5.604858,0

-0.104370,0.321045,0.939697,30.982056,3.933716,7.313843,0

-0.068115,0.304565,0.647949,57.654419,-9.555054,49.000854,0

0.041504,0.474487,0.963867,60.767212,-7.968140,18.971558,0

-0.081665,0.431763,0.676636,22.559204,-21.090698,48.329468,0

0.036865,0.667725,0.909912,74.927368,-12.606812,45.704956,0

-0.064697,0.635620,0.850098,58.020630,7.656860,53.029175,0

-0.008423,0.675659,0.709351,46.912231,-8.578491,57.911987,0

0.048828,0.768188,0.666992,51.428833,-6.686401,33.986206,0

0.096802,0.779663,0.629883,46.973267,-37.020874,16.469116,0

0.183350,0.750977,0.645020,22.559204,-40.499878,3.468628,0

0.150757,0.691650,0.604736,8.887329,-35.067749,14.760132,0

0.140259,0.490234,0.475708,-18.578491,-48.373413,-8.005981,0

-0.055420,0.391602,0.238037,-41.161499,-55.209351,3.346558,0

-0.156250,0.594482,0.294189,-27.672729,-76.144409,-42.918091,0

-0.102661,1.888062,1.110474,-19.799194,-79.562378,-91.807251,1

-0.599243,3.024414,2.691406,-53.246460,-105.502319,-98.460083,1

-0.055908,2.606567,2.694702,-65.697632,21.145630,-157.175903,1

-0.466675,1.374634,2.151733,-90.233765,94.265747,-183.665161,1

-0.083008,0.831665,1.970825,-161.644897,147.061157,-179.514771,1

1.319336,1.127319,1.634155,-103.844604,316.555786,-153.757935,1

1.187500,1.444702,1.328735,-101.525269,297.634888,-154.246216,1

1.271729,1.223145,1.440552,-122.521362,252.774048,-177.927856,1

1.415649,1.046753,1.214111,-81.505737,264.675903,-148.753052,1

1.623657,0.565918,0.565918,-60.021362,299.465942,-102.305298,1

1.752441,-0.800049,-1.179199,-171.227417,122.830200,-54.392700,1

0.965454,-1.036499,-3.094482,51.795044,76.382446,59.071655,1

1.200562,-1.333984,-2.222046,-138.634644,-128.024292,34.169312,1

1.280640,0.125488,-1.020264,-119.164429,-266.513062,76.832886,1

1.348755,1.527588,1.113892,1.563110,-459.140015,119.679565,1

1.847290,1.973755,2.058594,159.033813,-421.908569,164.357300,1

1.236084,1.169434,2.738159,29.517212,-474.215698,104.848022,1

0.735352,1.330688,2.413208,154.028931,-296.725464,190.785522,1

0.232544,1.040894,1.747314,147.925415,-162.692261,98.378296,0

-0.398193,1.274414,1.849487,306.006470,-135.958862,183.461304,0

0.157593,2.451172,1.258057,126.318970,91.519165,59.559937,0

0.114258,2.453613,0.779541,-8.019409,56.790161,24.830933,0

0.090210,1.401978,0.882568,4.370728,72.598267,67.616577,0

0.449707,1.021240,0.627319,-63.744507,-51.425171,-5.320435,0

0.367798,0.250244,0.106934,7.300415,120.327759,-33.274536,0

-0.000977,0.487549,0.143188,-40.856323,-9.799194,20.497437,0

0.183228,0.398926,0.174927,-20.897827,5.032349,-27.537231,0

0.135010,0.587036,0.137695,-55.504761,19.070435,-36.997681,0

0.067505,1.134033,0.297363,-24.987183,-20.419312,-56.589966,0

0.086060,2.677979,1.154785,-61.425171,-41.659546,-127.146606,0

-0.730103,2.777588,2.210815,-135.521851,-117.770386,-130.503540,0

-1.058105,1.413452,1.748657,-125.206909,23.953247,-156.138306,1

-0.765503,0.513184,1.516357,-127.160034,118.069458,-137.034302,1

0.350220,0.618042,1.399658,-130.150757,218.533325,-127.390747,1

0.715942,0.929321,1.464722,-140.831909,218.106079,-108.897095,1

0.938843,0.902466,1.449097,-113.305054,248.196411,-65.928345,1

1.326782,0.533569,1.204590,-86.937866,251.370239,-28.452759,1

1.188354,0.181152,0.970459,-69.542847,222.195435,-78.928833,1

0.531006,-0.079956,0.128906,-45.250854,208.340454,-57.261353,1

0.139526,-0.447754,-2.631592,-79.308472,116.909790,-0.376587,1

-0.099609,-0.629517,-3.306030,-51.171265,-44.345093,12.013550,1

0.678589,0.130615,-1.082642,-16.503296,-167.514038,51.320190,1

1.156006,0.559326,0.596924,-39.269409,-320.285034,36.854858,1

1.217651,0.509155,1.599854,67.969360,-313.815308,47.169800,1

0.668701,0.782471,2.229736,147.376099,-281.832886,124.135132,0

0.010864,0.570801,1.663208,102.271118,-202.059937,98.683472,0

-0.181030,0.615356,1.118896,132.849731,-151.889038,100.514526,0

-0.872925,0.748291,1.048828,69.861450,-168.246460,82.875366,0

-0.563477,1.479126,1.424438,101.538696,-82.919312,45.582886,0

-0.438599,2.014648,1.785034,105.444946,-3.512573,75.123901,0

-0.625122,1.869019,1.211060,50.208130,37.564087,60.109253,0

-0.121094,1.407471,1.025635,30.371704,5.459595,-9.226685,0

-0.266724,0.561523,0.614624,-40.612183,39.273071,-23.203735,0

-0.092407,0.299316,0.366333,-100.487671,23.037720,15.370483,0

0.192627,0.460083,0.438965,-59.716187,36.770630,3.346558,0

0.286865,0.820312,0.660645,-8.568726,8.450317,18.849487,0

0.174194,0.685425,0.589600,-67.467651,3.811646,19.093628,0

0.028809,0.615234,0.503906,-23.034058,1.126099,3.041382,0

-0.079834,0.303589,0.387573,-39.574585,-19.259644,-16.428833,0

-0.395264,0.419678,0.535767,-31.273804,-0.033569,-36.875610,0

-0.084961,1.628296,1.465576,-20.592651,-22.128296,-52.805786,0

-0.389893,2.372192,2.374268,-13.756714,-30.673218,-74.778442,0

-1.082275,1.171997,2.261230,-105.248413,-59.542847,-127.207642,1

-1.060669,0.436523,1.720337,-92.492065,38.601685,-175.303345,1

-0.193237,0.175659,1.640381,-140.587769,142.666626,-130.503540,1

0.533936,0.421387,1.832031,-120.507202,248.074341,-47.251587,1

0.975342,0.593872,1.755981,-126.793823,280.911255,-16.001587,1

1.294067,0.400146,1.681763,-107.384644,280.789185,7.435913,1

1.064087,0.424683,1.515991,-102.684937,267.178345,6.703491,1

0.874390,0.042969,1.000977,-6.432495,281.887817,2.125854,1

0.967529,-0.132568,-1.934937,25.122681,311.734009,43.934937,1

1.298584,-0.732910,-3.997559,-85.045776,-21.701050,-3.245239,1

1.152466,-0.060547,-2.584351,-43.602905,-185.153198,47.352905,1

1.655151,0.853760,0.179077,-68.200073,-313.021851,58.705444,1

1.881836,0.484985,2.177368,35.986938,-465.487671,-37.608032,1

1.351562,0.580566,2.665039,127.539673,-367.953491,53.700562,1

1.113892,0.414795,2.433594,107.214966,-332.675171,69.203491,1

0.485840,0.602173,2.121704,118.445435,-235.812378,144.276733,1

-0.338135,0.832764,1.262817,146.216431,-174.166870,105.092163,0

-1.143066,1.362183,1.821899,135.718384,-96.652222,49.122925,0

0.157349,2.147949,2.328125,123.694458,39.578247,70.119019,0

0.585083,2.266602,1.606201,89.026489,78.762817,28.615112,0

0.095947,1.143677,0.826416,27.930298,120.510864,40.272827,0

0.026001,0.987427,0.580322,12.305298,46.658325,29.347534,0

0.023438,0.254883,0.411377,-37.804565,38.418579,-4.954224,0

0.110718,0.454224,0.265015,-41.222534,55.752563,18.300171,0

0.453857,0.665283,0.634399,-19.921265,-11.447144,-30.039673,0

0.479980,0.757446,0.641479,-27.733765,31.094360,-9.409790,0

0.332642,0.610840,0.559326,-31.395874,-1.803589,-7.761841,0

0.129150,0.596680,0.494141,-22.240601,-4.794312,-10.447388,0

0.085693,0.475220,0.552856,-7.470093,-25.607300,-19.846802,0

-0.146851,0.254761,0.319092,-28.527222,-14.010620,-12.400513,0

-0.253296,0.579224,0.526245,-26.390991,-1.437378,-13.010864,0

-0.308960,1.609497,1.202515,-49.584351,-42.697144,-39.255981,1

-0.507324,2.560547,2.854492,-33.654175,-26.828003,-113.718872,1

-0.449341,1.945557,2.717407,-70.946655,-14.682007,-169.505005,1

-0.739624,0.916260,1.955200,-100.182495,48.733521,-163.645630,1

-0.299561,0.308228,1.479980,-92.919312,171.109009,-112.070923,1

0.797607,0.275757,1.607666,-95.848999,220.669556,-70.322876,1

1.062866,0.196411,1.553345,-101.403198,243.496704,-2.146606,1

1.223145,0.100830,1.277832,-85.473022,270.169067,49.550171,1

0.963135,0.213501,1.240356,-37.804565,260.647583,9.816284,1

0.991821,0.121704,1.148071,-47.631226,249.234009,-59.519653,1

0.915161,-0.023193,-0.126221,61.072388,263.577271,-5.808716,1

0.817383,-0.145630,-3.409302,48.621216,150.296021,24.708862,1

0.682251,-0.560913,-3.529663,-126.061401,-62.960815,-40.537720,1

1.507446,-0.160278,-1.871094,-54.711304,-217.318726,25.197144,1

1.746948,0.418823,0.671509,-54.467163,-418.185425,3.834839,1

2.018555,0.706421,2.835571,149.756470,-414.096069,92.396851,1

0.859497,0.583008,3.033325,61.499634,-340.670776,81.715698,1

0.786621,0.121948,2.319336,46.484985,-262.728882,69.630737,0

-0.303101,0.289673,1.297485,144.263306,-275.302124,147.328491,0

-0.613770,1.091919,1.421509,158.179321,-145.480347,104.664917,0

-0.893555,0.982788,1.048584,26.831665,-54.232788,43.568726,0

-0.122925,1.784302,1.558594,44.959106,-18.771362,-17.161255,0

-0.240845,3.297852,1.777954,25.366821,22.854614,10.792847,0

-0.024536,3.017090,2.714966,-145.043335,-35.372925,-88.633423,1

-0.878784,1.665649,2.252563,-113.060913,44.400024,-83.140259,1

-0.543823,0.803711,1.963257,-120.629272,132.717896,-152.293091,1

0.405029,0.774536,1.849487,-129.174194,284.390259,-118.540649,1

1.108032,0.511963,1.693359,-172.448120,283.963013,-99.802856,1

1.258789,0.312744,1.574707,-148.339233,294.033813,-17.649536,1

1.142822,0.262573,1.192139,-84.801636,301.419067,8.473511,1

1.120361,0.157227,1.178955,-22.728882,270.718384,-33.030396,1

0.853271,0.106445,0.072510,57.288208,234.768677,-1.170044,1

1.005615,-0.441528,-1.847900,53.931274,161.160278,80.433960,1

0.865723,-0.632324,-2.551636,-83.764038,31.277466,-40.049438,1

1.331665,0.066284,-1.953613,-212.365112,-190.402222,-5.320435,1

1.542603,0.576172,0.464844,-61.547241,-364.352417,35.328979,1

1.825806,0.842041,2.613892,163.611450,-464.389038,1.698608,1

1.171875,1.389893,3.111084,185.401001,-356.417847,173.207397,1

0.962524,0.312622,2.669922,28.784790,-327.304077,0.477905,0

0.470581,1.003052,2.285400,274.756470,-337.313843,156.117554,0

-0.892334,0.868042,1.277222,79.077759,-96.347046,102.955933,0

-1.546875,1.106445,1.233032,-2.526245,-47.579956,35.756226,0

-0.577515,2.239014,2.171143,13.648071,24.807739,-3.672485,0

0.412109,3.468018,2.845703,-70.580444,19.070435,-30.588989,0

-0.010620,2.430786,2.326782,-88.463745,40.798950,-92.234497,1

-0.846313,1.279297,1.837769,-124.108276,63.565063,-86.375122,1

-0.604004,0.778809,1.602417,-115.746460,208.096313,-125.681763,1

0.690918,0.686768,1.975220,-128.624878,272.183228,-104.502563,1

1.143066,0.520996,1.820435,-138.878784,302.151489,-56.406860,1

1.327271,0.171631,1.494995,-128.502808,292.263794,-21.372681,1

1.143188,0.025757,1.548096,-67.467651,276.638794,-31.992798,1

1.305298,-0.050781,1.059448,-4.357300,288.784790,-5.625610,1

1.061890,-0.107056,-0.833252,39.343872,231.228638,8.534546,1

0.990234,0.125244,-3.417847,1.013794,55.325317,33.803101,1

1.500854,-0.378418,-3.061646,-157.250366,-110.751343,-43.040161,1

1.547485,0.335571,-0.516846,-31.762085,-287.997437,35.756226,1

1.739502,0.300415,2.286499,64.490356,-461.581421,-21.860962,1

1.119507,0.350586,3.136963,161.536255,-371.554565,80.678101,1

0.777832,0.674316,2.661621,140.173950,-316.622925,66.945190,1

0.496948,0.616943,2.272461,92.871704,-250.338745,73.842163,1

-0.188721,0.259766,1.100220,127.539673,-171.359253,77.992554,0

-0.841919,0.976074,1.577515,58.630981,-100.070190,47.597046,0

-0.890137,2.136353,2.097900,72.608032,-81.149292,42.897339,0

-0.353027,3.414673,2.423828,-15.282593,69.119263,6.398315,0

-0.309448,3.492676,2.696533,-86.327515,65.762329,-97.910767,0

-1.003784,1.638062,1.676025,-122.094116,40.249634,-131.785278,0

-0.821899,0.531616,1.750000,-186.486206,153.225708,-155.711060,1

0.728760,0.506104,2.008545,-144.127808,278.958130,-91.196899,1

0.986694,0.484863,1.826904,-129.723511,290.615845,-43.345337,1

1.201782,0.256836,1.742920,-128.991089,268.948364,-22.105103,1

1.213013,0.084473,1.604858,-103.844604,274.624634,-8.799438,1

1.120605,-0.010620,1.078003,-36.522827,273.403931,12.807007,1

1.143799,0.033691,0.070679,27.686157,248.257446,6.764526,1

1.464722,0.034180,-2.493652,89.819946,210.659790,46.742554,1

1.387817,0.122803,-3.997559,-214.745483,-61.984253,-57.017212,1

1.606567,0.432129,-1.868896,-91.881714,-227.633667,10.487671,1

1.806152,0.469849,0.617554,-82.787476,-442.050171,-77.708130,1

2.287842,0.590332,3.440186,258.399048,-381.625366,116.505737,1

1.275635,0.786743,3.382568,146.643677,-436.618042,90.321655,1

1.032593,0.329590,2.765259,128.272095,-283.297729,48.390503,0

0.207031,1.034912,2.417603,171.301880,-320.651245,158.803101,0

-0.582031,1.004272,1.367065,101.233521,-73.153687,124.440308,0

-0.843140,1.605957,1.394897,58.936157,-40.805054,103.078003,0

0.035645,2.310913,1.652466,47.766724,78.152466,71.095581,0

-0.122803,1.927979,0.933716,37.817993,140.347290,49.611206,0

0.689941,1.719604,1.216553,49.902954,53.616333,-49.570923,0

0.124390,0.742554,0.630981,-34.630737,74.551392,-39.805298,0

0.116943,0.554932,0.421997,-24.682007,104.946899,-55.430298,0

0.275391,0.444214,0.493042,-18.700562,87.673950,-88.328247,0

0.397827,0.388794,0.395264,-22.301636,99.453735,-71.665649,0

0.474731,0.597534,0.370850,15.845337,82.424927,-24.119263,0

0.536621,0.794800,0.426880,27.197876,22.610474,-5.076294,0

0.354736,0.643799,0.393311,66.260376,-52.401733,3.834839,0

0.160278,0.496460,0.531128,43.311157,-60.458374,71.095581,0

0.158081,0.757324,0.349487,7.422485,38.540649,57.973022,0

0.236206,1.195435,0.149414,50.757446,65.762329,62.916870,0

-0.058716,1.168213,0.391357,45.752563,53.005981,42.286987,0

-0.292236,1.060181,0.395142,-14.611206,-5.892944,29.042358,0

-0.310303,1.040771,0.499756,14.319458,-52.645874,17.811890,0

-0.177490,1.043335,0.596436,14.624634,-44.711304,7.069702,0

-0.320679,0.718628,0.556274,-115.807495,6.558228,31.666870,0

-0.121704,0.740356,0.558228,-11.132202,18.582153,6.581421,0

0.018433,0.840454,0.595825,-12.597046,16.201782,-12.583618,0

0.110840,0.766235,0.595337,11.206665,7.107544,-37.485962,0

0.187134,0.783447,0.669312,-6.371460,-9.738159,-34.922485,0

0.108032,0.712646,0.589355,0.769653,-5.648804,-25.950317,0

0.112183,0.814453,0.608154,16.211548,-15.536499,-23.692017,0

0.093994,0.842407,0.576172,15.296021,-27.194214,-24.912720,0

0.038208,0.943604,0.555786,6.079712,-27.499390,12.074585,0

-0.066284,1.695557,0.055420,-53.917847,-54.904175,144.337769,0

-0.424316,2.852051,-1.237671,-92.492065,-68.515015,-23.142700,0

0.107056,1.966919,-0.295532,-8.263550,-224.826050,-367.319946,0

3.208496,1.907837,0.994141,59.424438,-511.691284,-629.404907,0

3.095459,-1.862793,2.254272,66.992798,60.879517,-359.934692,0

1.949951,0.612305,0.166382,-243.004761,329.312134,352.772827,0

0.487427,3.009277,-0.866699,-119.225464,216.885376,604.725952,0

-0.965332,2.502563,-1.981323,32.263794,258.267212,189.076538,0

-0.811523,2.611938,-0.934570,-54.039917,-212.435913,-31.199341,0

0.508057,2.597778,0.771729,205.115356,-456.820679,-335.215454,0

2.445801,1.887085,1.241699,35.559692,-501.864624,-430.491333,0

3.869019,-0.566162,2.977905,147.742310,86.514282,-317.881470,0

2.881348,1.295654,-0.010986,-513.207397,507.901001,519.703979,0

0.767456,3.979614,-2.714233,-187.523804,495.449829,570.729370,0

-1.017700,2.846191,-2.665039,-70.458374,-47.518921,30.690308,0

0.705322,1.918579,-0.758301,59.302368,-429.171753,-316.477661,0

1.966553,2.199097,1.251221,259.558716,-533.908081,-379.710083,0

1.791748,1.550171,3.514404,101.904907,-191.073608,-253.550415,0

0.534302,1.991089,0.412109,-337.975464,303.738403,-193.308716,0

1.210205,0.416626,-0.757568,-73.876343,413.174438,-528.696899,0

2.258179,-2.003906,-1.099854,-57.640991,352.688599,-379.526978,0

1.882202,-0.741943,-0.150024,-105.187378,-136.691284,656.056519,0

3.258301,3.488770,0.112427,-325.524292,-226.168823,1218.251343,0

0.114746,3.997559,1.023926,-364.342651,33.963013,149.891968,0

-0.111450,3.002075,1.020386,305.396118,79.495239,-286.997681,0

0.185547,2.611206,0.504028,-9.911499,-21.762085,-333.445435,0

0.940186,1.096191,0.147705,7.483521,23.281860,-507.944946,0

1.896606,0.617554,0.083984,50.635376,38.479614,-582.774048,0

2.316895,-0.269165,0.155151,-5.211792,73.086548,-388.316040,0

1.930054,-0.972412,0.093872,-16.930542,204.922485,297.963257,0

2.627441,2.294922,-0.534058,-254.113159,70.156860,1032.155151,0

-0.218140,3.997559,0.953369,-506.737671,-469.088745,603.200073,0

-0.384888,3.075195,1.365967,153.052368,82.485962,-55.613403,0

-0.326294,2.649780,0.613647,62.903442,35.855103,-167.796021,0

0.014648,2.445435,0.379639,-51.964722,-1.681519,-233.286743,0

0.671143,1.056763,0.045044,-31.884155,77.053833,-405.588989,0

1.449707,0.665894,-0.133789,41.235962,93.594360,-554.880981,0

2.350220,0.055176,0.052856,25.610962,48.001099,-524.851685,0

1.735229,-1.483032,0.539185,75.964966,158.718872,197.438354,0

2.409790,1.197510,-0.381470,-212.243042,73.330688,978.078003,0

0.626831,3.997559,0.450073,-220.543823,-255.160522,872.853394,0

0.104248,1.965332,-0.337769,56.311646,82.302856,37.465210,0

0.228882,1.717041,0.555176,106.421509,-54.782104,-55.918579,0

0.409302,1.092529,0.036377,-28.710327,-11.325073,-5.686646,0

0.337524,1.287109,0.350586,-5.883179,-4.855347,13.661499,0

0.281738,1.709839,0.062134,46.546021,59.353638,7.191772,0

-0.062378,3.610474,-0.056396,32.691040,73.513794,-172.129517,0

1.522583,3.333984,-0.934204,88.660278,-163.851929,-800.974731,0

2.426270,-2.145996,0.965088,-83.519897,110.867310,-609.629517,0

0.343262,-0.311279,-0.281494,-103.417358,-72.726440,89.284058,0

-1.106445,0.707520,-0.042603,-14.183960,8.328247,5.665894,0

-1.080200,0.281860,-0.211914,-26.268921,14.675903,-18.198853,0

-0.902466,0.321899,-0.002319,26.709595,-20.114136,-76.426392,0

0.579346,-0.612183,0.251099,0.952759,24.563599,-132.822876,0

2.572388,-1.589600,0.303223,38.184204,158.657837,711.781616,0

3.338501,3.997559,-0.274536,-230.858765,9.060669,1171.742554,0

0.282227,1.381714,-1.070190,-24.193726,52.090454,-8.494263,0

0.160156,1.165894,0.306519,52.710571,-21.395874,-24.424438,0

0.264282,1.106201,0.299561,-72.960815,-32.443237,97.706909,0

0.307495,1.539673,-0.010132,10.535278,15.713501,40.944214,0

0.306152,2.351562,0.450195,27.564087,-0.521851,-78.013306,0

0.336182,2.844971,0.245117,13.770142,6.741333,-356.394653,0

0.941528,1.946899,-0.401978,15.601196,-62.838745,-686.167603,0

1.157349,-0.531372,0.224854,-71.251831,9.365845,-476.633911,0

0.229736,-0.619019,-0.180664,24.695435,101.467896,-180.369263,0

-0.979736,0.407715,0.010254,-54.039917,-52.401733,65.663452,0

-0.740601,0.013184,0.034546,-4.479370,31.765747,-63.059692,0

0.089355,-0.524780,-0.102295,4.675903,36.831665,-10.935669,0

1.741089,-1.393311,0.115112,68.762817,55.813599,641.957397,0

1.843994,3.997559,-0.184814,-213.829956,-105.380249,1014.271851,0

0.455200,1.612061,-0.342773,-130.639038,-36.044312,112.050171,0

0.386719,1.575684,0.615845,164.404907,6.436157,-61.716919,0

0.323242,1.842773,0.650513,-78.881226,1.248169,107.411499,0

0.113770,2.558594,0.268066,-7.164917,90.786743,-74.107056,0

0.324707,2.194824,0.188354,43.067017,15.835571,-391.856079,0

0.985962,1.426147,0.013550,-2.587280,-72.116089,-638.071899,0

1.060059,0.274292,0.002075,-66.613159,-3.756714,-514.658813,0

1.164429,-0.858643,-0.029541,-27.977905,116.604614,-247.080688,0

1.206055,-1.192505,-0.060913,-72.472534,105.618286,350.148315,0

2.512817,1.002197,-0.266113,-33.471069,139.187622,931.325073,0

-0.183350,3.997559,1.018799,-453.392944,-186.312866,565.297241,0

0.120361,1.933960,0.495605,124.304810,16.812134,-54.209595,0

-0.116577,1.928223,0.561035,9.070435,-8.395386,-81.065063,0

-0.022827,2.104126,0.654663,-64.843140,-3.695679,-130.991821,0

0.540894,1.501465,-0.006836,93.604126,102.932739,-489.817505,0

1.151001,0.547729,0.220581,106.177368,22.671509,-626.841431,0

1.506714,-1.028687,0.295288,-25.719604,147.488403,-330.149536,0

1.254883,-0.862549,-0.260620,-63.073120,151.699829,500.661011,0

2.463379,2.670288,0.060303,-212.304077,-73.214722,1050.343628,0

-0.384277,3.141113,1.715088,-344.445190,-202.304077,177.846069,0

-0.132568,1.927246,0.649292,226.477661,108.914185,-120.554810,0

-0.138428,2.280640,0.468384,-16.442261,42.385864,-102.183228,0

0.105835,1.973022,0.176514,-88.463745,42.019653,-200.144653,0

0.593872,1.234741,-0.213623,22.742310,95.669556,-462.351685,0

1.068970,0.739868,-0.054321,53.870239,77.664185,-545.420532,0

1.267334,-0.372803,0.183960,14.990845,130.032349,-329.478149,0

0.949219,-0.688232,0.046753,-24.376831,108.975220,236.683960,0

1.657837,0.150391,-0.248779,-78.759155,55.752563,764.882202,0

-0.020508,3.859863,0.531738,-515.648804,-499.118042,556.325073,0

0.220581,1.805054,0.962280,93.421021,150.662231,-74.473267,0

-0.035645,1.679932,0.581543,-3.075562,46.047974,-84.116821,0

0.123535,1.829224,0.730591,-49.706421,11.441040,-199.778442,0

0.353394,1.217163,0.201782,48.071899,86.514282,-449.595337,0

0.877441,0.692871,0.167847,68.518677,21.328735,-525.339966,0

1.194580,-0.332397,0.110596,-38.720093,101.223755,-329.600220,0

1.067627,-1.107910,-0.174805,-34.691772,166.226196,265.919800,0

2.207031,0.607666,-0.302490,-47.814331,9.548950,872.487183,0

0.068726,3.875854,1.345703,-573.143921,-491.305542,520.070190,0

0.308228,2.183960,1.213501,241.797485,163.540649,-198.191528,0

-0.120850,1.802246,0.376099,36.841431,83.950806,-172.922974,0

0.063843,1.870117,0.393799,-21.691284,-6.320190,-272.532349,0

0.440308,1.002686,0.012939,47.888794,49.160767,-467.417603,0

1.015503,0.419922,0.033813,14.136353,42.446899,-445.689087,0

1.181763,-0.398193,0.133545,-34.691772,92.861938,-272.471313,0

1.066772,-1.040894,-0.214722,-30.602417,149.990845,237.294312,0

1.878784,0.613037,-0.311035,-111.290894,37.503052,837.147827,0

-0.425903,3.997559,1.146484,-550.988159,-361.361694,467.885132,0

0.025146,1.983154,1.007690,236.548462,84.927368,-82.468872,0

-0.255493,1.954346,0.559692,71.265259,76.504517,-89.548950,0

-0.280884,2.022217,0.402832,-87.731323,-0.521851,-120.005493,0

-0.001709,1.526733,0.131226,24.573364,52.944946,-341.257935,0

0.465332,0.867065,0.072144,52.222290,20.230103,-421.275024,0

0.701172,0.284424,0.173706,26.770630,39.761353,-375.315552,0

0.951416,-0.414062,0.146729,-25.780640,118.801880,-205.881958,0

0.913940,-1.085327,-0.132935,-67.650757,163.601685,259.633179,0

1.593628,1.979614,-0.311401,-134.240112,-79.928589,874.867554,0

0.056641,2.704224,1.722900,-278.771362,-346.896362,323.903198,0

0.104126,1.947021,0.626709,154.517212,136.318970,14.271851,0

-0.345337,2.181152,0.042114,-45.922241,36.404419,8.351440,0

-0.135742,2.218384,0.275879,-14.000854,15.164185,-213.084106,0

0.318115,1.253296,0.036499,-27.550659,-9.677124,-351.817017,0

0.317505,0.940552,-0.105835,-32.616577,-44.650269,-350.535278,0

0.610229,0.383911,0.154419,25.855103,14.126587,-420.176392,0

0.459473,-0.657593,-0.116699,45.264282,181.362915,-287.241821,0

-0.525513,-0.664429,-0.792358,100.684204,5.642700,254.445190,0

-0.379761,2.480225,-1.326660,42.883911,-411.776733,508.412476,0

1.456665,1.945312,3.999512,0.098267,-733.493042,107.411499,0

2.163330,1.409058,1.744629,41.174927,514.981079,-533.640747,0

1.158936,0.121460,-0.705322,-551.659546,600.491333,-52.012329,0

0.089966,2.587402,-2.794678,-485.619507,361.904907,509.999390,0

-0.220825,1.308838,-3.010986,-33.837280,-240.573120,71.034546,0

0.862549,1.059204,-0.543945,52.771606,-564.486694,-63.486938,0

1.457520,1.497803,0.585693,22.864380,-561.923218,-108.225708,0

2.431030,1.830322,2.538696,256.018677,-319.003296,-347.483521,0

2.067017,0.358276,1.744629,-140.465698,500.088501,-272.593384,0

3.010376,0.904785,-0.522217,-380.211792,857.022095,52.113647,0

0.688232,1.795166,-2.912598,-485.741577,341.519165,462.086792,0

-0.065430,1.847412,-1.843506,-114.464722,-136.996460,150.441284,0

0.747192,1.978882,-0.775024,-91.393433,-467.929077,-60.862427,0

1.024780,2.303711,0.231201,-146.630249,-508.761597,-193.796997,0

1.773193,1.446655,1.628418,-71.495972,-391.513062,-369.212036,0

1.506348,1.319946,2.417847,38.001099,144.314575,-510.142212,0

1.193604,1.115845,-0.038452,-233.910522,573.086548,-356.272583,0

1.296021,0.210083,-1.808594,-209.557495,429.043579,-387.705688,0

0.104614,-1.200684,-1.512817,35.925903,310.086060,-86.192017,0

0.723267,-0.461792,-1.171631,38.489380,-339.999390,301.869507,0

3.535278,1.090576,-0.005249,73.096313,-677.340698,887.013550,0

3.052856,2.376831,3.999512,-300.255737,-377.658081,704.030151,0

2.027344,1.104858,-0.845459,401.709595,889.370728,51.991577,0

-0.004150,2.169067,-1.745972,-238.488159,324.612427,164.784546,0

-0.369751,1.507202,-1.567505,-89.989624,-9.616089,-64.097290,0

0.378784,1.266235,-0.313354,16.638794,-298.617554,-148.203735,0

0.986816,2.119019,0.513916,60.706177,-343.234253,-218.516235,0

1.247437,1.535767,1.242920,16.699829,-296.237183,-335.764771,0

0.999023,2.064209,1.551636,111.792603,68.569946,-456.431274,0

1.032959,0.808960,0.104858,-53.429565,326.748657,-622.446899,0

1.071045,-0.479858,-0.817749,-213.219604,220.059204,-447.398071,0

0.525269,-1.743652,-0.730713,11.328735,113.430786,63.161011,0

1.842041,0.138428,0.341553,-80.101929,-288.424683,774.464722,0

2.412354,3.837646,3.762939,-244.957886,-20.724487,933.461304,0

0.959106,2.225708,-0.743042,7.971802,553.738403,99.537964,0

0.096313,1.906128,-0.974487,-163.414917,146.206665,144.154663,0

-0.483398,1.718628,-1.208374,-83.214722,-57.894897,-83.567505,0

0.508545,1.186523,-0.541016,-73.327026,-329.196167,-171.641235,0

0.910522,1.925049,0.083252,94.458618,-352.206421,-197.214966,0

1.099121,2.305176,1.439087,65.039673,-342.501831,-258.128052,0

0.901001,1.503296,1.174805,12.366333,7.534790,-394.114380,0

0.989624,0.707397,0.547974,65.039673,209.439087,-552.805786,0

0.968994,-0.036743,-0.153687,-108.239136,249.417114,-386.607056,0

0.902954,-1.272095,-0.649658,-129.174194,162.197876,-54.942017,0

1.586182,-0.309814,-0.349854,-22.789917,-86.642456,659.352417,0

3.223633,2.895874,1.999146,-215.416870,-338.717651,1104.237671,0

0.709106,2.676270,-0.062622,46.118774,539.517212,132.680054,0

-0.049805,1.858765,-0.080933,-32.311401,14.859009,-21.189575,0

0.039551,1.712036,-0.417847,-239.037476,-31.771851,-51.340942,0

-0.157959,1.894043,-0.636719,-136.864624,-83.895874,-129.710083,0

0.551880,1.509033,-0.206177,-53.246460,-246.615601,-278.513794,0

0.836914,1.341675,0.473755,24.634399,-246.676636,-331.309204,0

1.073242,1.828247,1.474609,179.846802,-131.381226,-431.284790,0

0.997070,1.213989,0.942627,-71.434937,223.233032,-481.516724,0

0.547729,0.156128,-0.090698,-107.811890,312.222290,-406.016235,0

0.564453,-0.793945,-0.791382,-204.918823,178.494263,-187.083130,0

0.502197,-1.315552,-0.696411,-90.538940,12.600708,297.352905,0

1.763916,0.364014,-0.149048,-73.510132,-292.514038,743.703003,0

2.562744,3.021484,3.980957,-63.256226,-346.102905,754.811401,0

0.726929,1.717773,-0.692627,117.407837,482.327271,160.695190,0

-0.245361,2.362061,-0.029297,-145.897827,21.389771,142.994995,0

0.101929,1.911987,0.075195,-7.653198,14.309692,-54.636841,0

0.420410,2.188354,0.479980,174.902954,9.609985,-267.771606,0

0.465942,1.773438,0.731934,192.664185,13.211060,-354.441528,0

0.752319,1.276489,0.659302,197.608032,36.648560,-546.885376,0

0.420166,0.468384,0.218994,-11.620483,15.774536,-428.110962,0

0.786255,-0.170044,-0.154663,-105.492554,60.086060,-319.041138,0

1.031128,-1.532593,-0.547607,-6.859741,141.690063,-47.434692,0

2.426636,-1.022461,-0.164795,-20.897827,-82.186890,791.005249,0

3.995605,3.997559,1.732422,-327.782593,-232.943726,1220.143433,0

0.478882,2.716064,-0.996826,7.910767,197.171021,33.131714,0

0.040405,1.729126,0.783081,202.063599,20.413208,-97.727661,0

0.210449,1.157959,0.119751,-134.728394,-22.677612,5.177612,0

-0.024658,2.652954,-0.108643,46.912231,42.324829,-107.127075,0

0.346069,3.116943,-0.638184,20.850220,-139.437866,-542.918091,0

1.530151,1.843384,0.392212,60.278931,-240.267944,-780.955200,0

1.447021,-0.755249,0.938232,0.220337,131.192017,-437.876587,0

0.716064,0.074829,-0.318237,-92.736206,113.674927,-34.006958,0

0.994019,-0.684204,0.277588,-57.396851,52.395630,100.880737,0

2.234009,-0.241455,-0.301636,-85.350952,164.517212,781.361694,0

0.137451,3.997559,-0.482422,-417.077026,-204.806519,766.469116,0

0.675171,2.235107,0.807373,-16.930542,-62.228394,93.312378,0

0.070557,1.395508,0.226929,96.228638,65.518188,-33.335571,0

0.184570,1.791992,0.302490,-97.069702,31.948853,83.912964,0

0.346558,2.117065,0.135864,13.709106,73.880005,-58.543091,0

0.443237,2.046143,0.281006,-37.194214,-5.770874,-201.182251,0

0.797607,1.410156,0.145264,2.417603,-45.321655,-428.477173,0

1.200806,1.372070,-0.093262,112.036743,-54.598999,-595.713501,0

1.759399,0.164673,0.363159,-24.132690,-93.417358,-580.271606,0

1.918213,-1.973511,0.713257,-37.804565,116.299438,-165.171509,0

2.273193,-1.689087,0.143188,-123.925171,201.016235,617.665405,0

3.583496,3.997559,-0.677490,-132.348022,-1.742554,1304.555054,0

0.085815,1.646240,-0.288452,170.630493,-7.235718,-104.380493,0

-0.478027,1.691528,0.117065,112.219849,80.776978,-70.078735,0

-0.099609,1.395752,0.273804,-130.150757,-77.609253,80.739136,0

-0.168945,2.410767,0.307129,-16.564331,77.847290,-20.640259,0

-0.014160,1.886230,-0.030640,3.150024,-10.043335,-284.983521,0

0.348633,1.837036,0.062256,80.542603,-60.031128,-526.072388,0

1.088013,0.085327,0.531738,-37.133179,-114.840698,-548.472290,0

1.377808,-0.609863,0.404297,-36.156616,114.346313,-283.457642,0

1.287109,-1.437500,0.072754,-51.415405,170.498657,289.357300,0

2.272827,1.482300,-0.124878,-107.994995,41.958618,1018.544312,0

0.241821,3.997559,1.253662,-164.879761,34.329224,700.734253,0

0.045288,1.213379,-0.564087,34.949341,-32.382202,-26.743774,0

-0.129639,1.722534,0.087646,-57.396851,-16.513062,18.666382,0

0.175049,1.568359,0.269043,-58.068237,-63.021851,-0.010376,0

0.201660,1.616943,0.161743,24.695435,29.446411,-140.086060,0

0.148926,1.781250,0.107178,-37.926636,-21.395874,-252.390747,0

0.802979,1.061035,0.135620,26.709595,-69.125366,-447.581177,0

0.921753,-0.051636,0.353394,-2.221069,-7.296753,-450.022583,0

0.658691,-1.111694,0.207520,-47.753296,55.996704,19.276733,0

1.457397,0.812256,1.609619,29.395142,-159.640503,650.746460,0

0.643677,3.936523,0.817261,-170.067749,342.312622,542.958374,0

0.367676,1.338501,-1.424561,-22.728882,381.924438,-73.801880,0

-0.079834,1.135498,-0.970581,-145.287476,-43.612671,187.367554,0

-0.154053,1.216919,-1.016602,-79.918823,-209.445190,68.654175,0

0.864502,1.728638,-0.504150,-109.948120,-599.520874,-94.126587,0

2.978271,0.172729,1.067383,-360.253296,-636.752319,-243.174438,0

2.022827,-0.227173,1.709839,-266.991577,-236.666870,-93.699341,0

1.031250,1.071411,0.995850,-203.270874,101.406860,45.338745,0

0.500610,1.177246,0.705688,-157.189331,207.669067,-168.528442,0

0.714111,0.538208,0.604858,-151.207886,318.447876,-238.963013,0

0.359863,-0.221191,-0.210205,-5.700073,374.478149,-159.312134,0

-0.451660,-0.263672,-0.561157,-54.650269,100.918579,20.558472,0

0.296265,0.130249,-0.141357,102.026978,-353.976440,200.551147,0

1.720825,0.771851,1.418823,196.692505,-497.958374,278.676147,0

1.357910,0.710938,1.673218,102.820435,80.166626,165.822144,0

0.944336,0.315674,0.171875,38.245239,277.615356,209.889526,0

0.699951,1.223633,1.269653,-25.719604,-88.717651,360.646362,0

0.196411,1.497803,1.196167,-73.204956,57.156372,82.203979,0

0.201416,1.190552,0.913086,-23.644409,2.468872,-192.210083,0

0.672119,0.630249,0.884766,58.630981,4.971313,-354.380493,0

1.001343,-0.453857,0.770020,122.229614,100.308228,-218.577271,0

0.976318,-0.071167,0.286011,247.351685,276.821899,62.916870,0

0.378906,0.367432,-0.655884,108.618774,169.400024,226.918335,0

0.480591,1.094116,0.045288,-9.423218,-117.709351,242.665405,0

0.409424,1.993896,0.639160,-26.879272,-80.477905,118.153687,0

0.727295,2.285767,1.202271,42.029419,-6.015015,-73.862915,0

0.687866,2.320557,0.924805,59.790649,90.603638,-251.047974,0

0.448730,2.470947,0.395264,94.641724,92.495728,-461.497192,0

0.858521,1.294067,-0.047363,-8.202515,-5.343628,-568.858032,0

0.856079,0.435425,0.078369,-43.602905,-49.349976,-477.488403,0

0.285767,-0.317749,0.181885,-74.913940,-15.170288,-304.453735,0

-0.109253,-0.290283,0.036621,-51.964722,3.933716,-158.823853,0

-0.204590,-0.336914,0.037231,-11.071167,18.093872,-126.902466,0

0.227051,-0.622803,0.105469,-15.648804,35.183716,-68.919067,0

0.373901,-0.260498,-0.020752,37.756958,37.258911,56.264038,0

1.197754,-0.780273,0.130371,-13.878784,120.571899,312.916870,0

3.995605,0.885010,-0.638428,16.394653,233.670044,1210.682983,0

1.418945,3.997559,0.960693,-424.523315,115.139771,763.356323,0

0.504272,1.597534,-1.132568,155.554810,-87.985229,-93.394165,0

0.210327,1.168579,0.307861,-55.932007,10.159302,12.440796,0

0.413330,1.212891,0.021973,-74.669800,-13.705444,114.674683,0

0.348877,1.759399,-0.219116,-5.761108,20.962524,10.487671,0

0.568604,1.672485,0.229980,-30.419312,-34.335327,-67.393188,0

0.615356,1.732178,0.228760,-57.335815,12.173462,-103.526001,0

0.666626,1.941772,0.213013,-2.221069,35.000610,-218.699341,0

0.673828,1.973022,-0.174316,79.016724,-14.620972,-480.845337,0

1.431274,1.210083,-0.071167,-4.601440,-126.315308,-638.621216,0

0.650269,-0.238647,0.172119,-65.636597,-63.327026,-403.574829,0

0.110229,-0.241211,0.132446,-66.796265,-17.428589,-189.158325,0

0.214355,-0.430298,0.082886,-73.998413,21.145630,-190.623169,0

0.324097,-0.855225,-0.025757,-25.536499,93.045044,-13.010864,0

0.888550,-1.161133,-0.277100,2.112427,101.101685,316.578979,0

3.030151,0.425049,-0.329712,-2.404175,126.431274,1177.601929,0

0.763550,3.997559,1.821655,-334.557495,60.452271,817.128296,0

0.339966,1.551758,-1.368286,81.946411,-27.133179,-29.185181,0

0.409302,1.735962,0.435425,129.736938,-14.071655,30.995483,0

0.492554,1.102661,0.234741,-81.688843,-49.899292,31.483765,0

0.379272,1.161987,-0.298218,-25.109253,28.775024,46.742554,0

0.465454,1.332520,0.002686,-6.127319,-29.696655,-18.809204,0

0.469971,1.677734,0.121948,-14.550171,-15.780640,-40.903931,0

0.546875,1.709839,0.026611,-50.499878,-8.761597,-146.555786,0

0.369873,1.961792,0.144409,24.329224,16.629028,-265.818481,0

0.408813,1.484375,-0.097046,7.666626,-25.057983,-422.739868,0

0.226685,1.067749,0.025635,-32.616577,-66.134644,-418.833618,0

0.066528,0.910034,0.003296,-41.161499,-75.961304,-373.057251,0

0.354492,0.116089,0.050049,-63.988647,-78.524780,-394.785767,0

0.328491,-0.321655,0.113281,-42.687378,3.140259,-279.795532,0

0.356201,-1.081299,0.098389,15.845337,58.621216,-188.731079,0

0.328979,-0.766357,-0.020630,-16.198120,50.930786,108.876343,0

0.681274,-0.674561,-0.025879,-4.723511,76.992798,299.244995,0

1.817261,-0.368164,-0.061157,37.512817,240.261841,770.009155,0

1.996460,3.997559,-0.687622,-201.073608,31.216431,949.513550,0

0.343872,2.250732,-0.454102,113.318481,116.116333,173.329468,0

0.424194,2.010864,-0.159058,101.904907,-35.800171,107.777710,0

0.350220,1.447754,0.081299,-61.425171,-50.143433,48.573608,0

0.368164,1.532471,-0.018799,4.736938,19.924927,19.215698,0

0.499756,1.605957,-0.079346,-24.682007,-5.404663,-22.959595,0

0.541260,1.768311,0.174561,-29.137573,3.262329,-70.628052,0

0.482422,2.084595,0.019897,-36.400757,-2.597046,-194.346313,0

0.584106,2.139526,-0.088623,-20.287476,-60.275269,-408.030396,0

1.031738,1.523438,-0.233032,-30.663452,-120.639038,-629.160767,0

0.354492,0.305176,0.105835,-77.660522,-79.196167,-445.994263,0

0.124268,0.082886,0.104248,-41.649780,-21.151733,-329.539185,0

0.078979,-0.445190,0.168579,-50.011597,12.844849,-241.221313,0

0.147949,-0.751343,0.087646,-30.175171,37.625122,-164.255981,0

0.307007,-0.811157,-0.031738,5.591431,64.053345,-44.688110,0

0.618652,-0.586670,-0.106079,12.366333,81.387329,115.407104,0

1.958862,-1.418335,0.127563,0.220337,252.224731,635.792847,0

3.464844,3.988892,-0.909790,-107.750854,159.451294,1208.058472,0

-0.225830,2.788940,0.353882,-219.872437,56.423950,243.031616,0

0.364258,1.660156,0.001099,202.307739,-26.400757,66.273804,0

-0.101807,1.785156,-0.119873,-25.414429,9.732056,120.961304,0

0.229248,1.315552,0.089233,-68.200073,-51.791382,60.048218,0

0.239990,1.480957,-0.064209,16.028442,16.262817,14.515991,0

0.294678,1.554321,0.102661,-10.521851,-2.841187,-3.184204,0

0.377808,1.619019,0.090332,-41.710815,10.342407,-72.092896,0

0.368530,1.738892,0.158813,-56.176147,2.529907,-138.316040,0

0.296875,1.831055,-0.033691,-38.842163,-0.094604,-271.494751,0

0.169556,2.043701,0.039307,11.450806,-21.090698,-469.614868,0

0.741089,0.756104,-0.173096,-49.462280,-143.283081,-599.558716,0

0.446045,-0.233521,0.216919,-69.603882,-66.806030,-400.645142,0

0.045410,-0.417847,0.065430,-37.987671,16.629028,-234.019165,0

0.096802,-0.629517,0.125244,-38.231812,2.835083,-149.119263,0

0.257935,-0.743896,0.053589,1.624146,56.607056,-51.279907,0

0.457153,-0.735840,-0.140137,-5.700073,70.767212,88.002319,0

0.969116,-1.203857,0.092285,-14.244995,131.497192,427.907104,0

2.536987,1.406128,-0.451294,33.362427,252.651978,976.185913,0

1.014526,3.997559,0.131836,-259.240112,22.610474,758.412476,0

0.270996,1.619385,-0.611816,-29.198608,-7.235718,26.356812,0

0.403809,1.484863,0.417236,49.109497,-69.247437,62.367554,0

0.240234,1.199219,0.290039,-105.065308,-22.921753,-51.829224,0

0.316162,1.282349,0.409302,-133.324585,32.131958,-134.898071,0

0.007690,1.109619,0.379517,-77.111206,76.992798,-178.843384,0

-0.057739,1.074707,0.315186,-67.894897,-2.413940,-53.171997,0

0.120850,1.375732,0.340820,-138.695679,-111.483765,-54.087524,0

-0.223633,0.574463,0.570312,-151.513062,-34.945679,-69.102173,0

-0.171265,0.363892,0.591309,-93.407593,-22.677612,-38.157349,0

-0.066162,0.422485,0.919189,-72.960815,-75.839233,-13.193970,0

-0.070801,0.398682,0.870605,-45.128784,36.709595,-19.419556,0

-0.008667,0.344238,0.622559,5.896606,-29.452515,28.248901,0

0.075684,0.455566,0.804443,30.371704,-31.100464,34.474487,0

0.176270,0.360840,0.801636,24.451294,-22.921753,85.744019,0

0.126221,0.639038,1.006226,9.985962,27.615356,49.550171,0

0.031738,0.615112,0.839478,37.329712,41.165161,68.165894,0

0.070923,0.826660,1.109009,118.384399,96.829224,28.065796,0

-0.120850,0.698853,1.206177,-203.881226,53.982544,52.174683,0

-0.171875,0.389160,0.615967,-44.274292,61.734009,3.834839,0

0.036255,0.458374,1.533325,-48.973999,98.721313,-139.597778,0

-0.410156,0.414307,0.898438,-259.484253,46.414185,-86.802368,0

0.167725,0.330688,0.749878,-95.177612,151.943970,-90.891724,0

-0.565674,0.140503,0.932617,-14.550171,44.033813,-40.842896,0

-0.186279,-0.005737,0.434326,41.235962,3.323364,-52.073364,0

-0.502319,0.249756,0.936401,88.171997,-84.628296,36.366577,0

-0.241943,0.217529,0.623047,-34.081421,-27.255249,62.611694,0

-0.239502,0.170898,0.579102,34.827271,-40.011597,7.374878,0

-0.107178,0.326294,0.833740,53.992310,-110.018921,-6.846313,0

0.163208,0.260376,0.933716,35.559692,-165.927124,14.149780,0

0.145752,0.344727,0.961792,74.500122,-66.134644,44.606323,0

0.111694,0.450562,0.788574,102.026978,-32.809448,15.431519,0

0.208374,0.341675,0.729980,57.227173,-66.989136,-15.757446,0

0.184326,0.448975,0.661621,46.973267,-54.598999,-10.325317,0

0.018555,0.249268,0.650269,58.692017,-24.630737,10.365601,0

-0.028076,0.513550,0.758179,29.395142,0.698853,-7.395630,0

0.147827,1.485962,0.896362,32.691040,11.807251,23.121948,0

0.109985,2.732178,1.815552,39.343872,-103.732300,-85.703735,1

0.387451,2.500488,2.602173,-1.610718,-65.280151,-113.413696,1

-0.854004,1.207764,1.990845,-45.861206,30.972290,-93.088989,1

-0.665283,0.615112,1.707520,-152.794800,53.250122,-148.814087,1

0.845093,0.859619,1.316406,-87.365112,233.364868,-106.943970,1

0.979370,0.896484,1.007202,-61.547241,299.160767,-79.905396,1

1.199585,0.606201,1.074341,-78.576050,242.092896,-74.961548,1

1.020264,0.427734,0.892456,-62.401733,232.571411,-111.460571,1

0.960327,0.357422,0.793457,-68.383179,228.237915,-108.042603,1

0.978394,-0.008789,0.162842,-56.542358,173.916626,-68.186646,1

0.381958,-0.857544,-2.616699,10.230103,200.222778,31.605835,1

0.355713,-1.626099,-2.755371,-30.663452,-23.287964,11.525269,1

1.111938,-0.393188,-2.634888,-174.645386,-260.958862,109.303589,1

1.979736,0.940063,1.185791,75.476685,-399.752808,121.571655,1

1.524536,1.669189,2.561157,97.266235,-205.477905,215.809937,0

1.187134,1.526855,2.355957,148.840942,-354.586792,161.122437,0

0.412476,1.312134,1.721680,138.648071,-115.817261,164.235229,0

-0.417969,1.253662,1.071289,77.368774,-106.295776,113.392944,0

-1.224609,1.222778,0.749268,82.129517,10.708618,110.463257,0

-0.474609,1.664551,1.020996,68.030396,-40.438843,51.686401,0

-0.487549,2.217041,0.712646,-12.841187,131.619263,73.292847,0

0.476318,2.618164,1.067017,32.691040,36.404419,-18.626099,0

-0.153931,1.343750,0.360596,-27.367554,62.161255,8.046265,0

0.006714,0.767578,0.344116,-52.514038,-8.639526,-24.302368,0

0.022583,0.416016,0.014648,-46.471558,-1.559448,-23.386841,0

0.242310,0.281860,0.202271,-57.640991,-54.415894,-31.504517,0

0.270020,0.334106,0.227539,-24.193726,-17.672729,-25.217896,0

-0.018066,0.578369,0.285034,-45.189819,-24.386597,-21.860962,0

-0.178345,1.865479,0.877441,-7.592163,-9.432983,-53.965454,0

-0.130249,2.890869,1.721924,-70.336304,-72.238159,-53.660278,0

-0.605469,2.350952,2.181519,-67.223511,-99.703979,-131.541138,1

-0.843140,0.911011,1.870483,-142.357788,13.333130,-121.470337,1

-0.112427,0.699463,1.509766,-99.450073,178.005981,-119.456177,1

0.673462,0.800903,1.424438,-77.782593,211.880493,-105.357056,1

1.202637,0.873291,1.353271,-83.947144,248.806763,-108.164673,1

1.332275,0.554932,1.271240,-80.956421,229.763794,-109.202271,1

1.265625,0.609741,1.242676,-116.051636,233.059692,-75.693970,1

1.308594,0.271240,0.685913,-46.410522,254.177856,-67.759399,1

0.890869,-0.313721,-2.058228,-0.390015,301.663208,-25.889282,1

0.511841,-1.351929,-3.997559,-20.775757,-13.522339,-52.500610,1

0.923218,-0.817749,-2.862793,-45.250854,-151.034546,65.724487,1

2.222168,0.686768,0.037354,-37.377319,-264.559937,131.764526,0

2.939453,1.824829,2.353149,238.867798,-582.980347,243.764038,0

1.620239,2.031860,2.918579,160.498657,-287.631226,241.688843,0

0.702148,1.476196,1.891846,133.948364,-115.390015,196.034546,0

0.268188,1.781860,1.657349,138.953247,-77.487183,189.503784,0

-0.698364,1.453735,1.088623,56.250610,-49.044800,183.766479,0

-1.166626,1.009766,0.386597,-69.237671,-8.639526,89.406128,0

-0.504639,1.563354,0.812622,3.882446,-49.655151,24.403687,0

-0.167480,3.568481,0.929321,56.128540,167.691040,77.504272,0

-0.088623,3.943359,1.046875,-78.637085,-50.021362,-96.995239,0

-0.533936,2.608398,1.136230,-118.676147,-83.224487,-143.198853,1

-0.809570,1.348877,1.578369,-161.705933,-32.321167,-200.327759,1

0.280151,1.331665,1.633423,-104.088745,227.383423,-196.299438,1

0.917603,1.079712,1.702026,-168.053589,240.689087,-159.739380,1

1.414062,0.706665,1.616211,-154.076538,254.177856,-109.568481,1

1.358643,0.443604,1.439697,-68.505249,303.005981,-73.740845,1

1.282837,0.351807,1.414673,-49.340210,288.540649,-71.116333,1

1.218140,-0.193359,-0.054199,66.992798,271.939087,-60.435181,1

0.856689,-0.704956,-2.326782,-52.575073,132.046509,-45.298462,1

0.762085,-0.915161,-3.213867,-75.768433,-27.133179,10.365601,1

1.129028,-0.214600,-1.951416,-116.845093,-231.906128,62.672729,1

1.577881,0.672729,0.106445,-94.078979,-364.352417,84.767456,1

2.438599,0.677368,2.016724,111.182251,-461.398315,32.155151,1

1.585205,0.995483,3.227783,184.302368,-267.855835,167.531128,1

0.755493,0.700073,1.988159,89.331665,-281.405640,212.391968,0

0.551880,1.372559,1.579834,169.531860,-148.471069,267.201538,0

-0.289917,1.722778,0.761719,226.172485,-25.546265,184.804077,0

-1.077148,1.655640,0.284058,33.911743,-62.106323,57.240601,0

-0.591309,2.871582,0.885132,-13.695679,-131.015015,15.370483,0

0.211060,3.986450,1.194458,-45.067749,17.788696,-135.508423,0

0.287354,3.659180,1.226685,-157.738647,-18.099976,-124.338989,0

-0.608276,2.002319,1.131592,-113.976440,-7.113647,-201.731567,0

-0.783936,1.586060,1.321289,-151.513062,152.493286,-184.763794,1

0.972290,1.460083,1.786499,-151.940308,215.420532,-211.497192,1

1.222900,1.075439,1.800659,-161.644897,256.008911,-188.609009,1

1.470947,0.549805,1.506958,-170.983276,264.126587,-122.691040,1

1.317261,0.469971,1.560181,-36.583862,307.888794,-99.131470,1

1.461060,0.186279,0.964355,2.783813,292.813110,-70.139771,1

0.836182,-0.332031,-0.864868,-46.166382,189.053345,-2.268677,1

1.191895,-0.639404,-3.191895,3.638306,111.782837,72.255249,1

0.775391,-0.552368,-3.448853,-197.899780,-110.934448,-39.927368,1

1.463135,0.281006,-1.212036,-70.458374,-261.447144,62.550659,1

2.271606,0.387573,1.095581,-17.785034,-473.300171,-21.555786,1

2.249878,1.033203,3.198853,238.196411,-414.584351,116.383667,1

1.679199,0.776123,2.890625,21.155396,-449.618530,18.483276,1

1.577637,0.152710,1.967896,92.139282,-322.421265,65.419312,1

0.439575,0.762939,2.218262,292.883911,-69.857788,151.661987,0

-1.096802,1.143188,1.186523,95.618286,-74.069214,157.521362,0

-1.005371,1.861572,1.282959,97.266235,23.648071,66.701050,0

-0.457764,3.259277,1.528687,100.195923,83.462524,46.559448,0

0.502441,3.997559,1.781128,6.873169,24.868774,-115.061646,0

-0.349609,2.570190,1.009277,-138.085327,27.188110,-171.336060,0

-0.851440,1.451904,1.003784,-117.882690,16.629028,-171.885376,0

-0.138184,1.075684,1.379150,-121.788940,138.516235,-183.115845,0

1.058838,1.081543,2.003540,-112.328491,206.814575,-193.552856,0

1.497681,0.810181,1.912354,-172.509155,258.999634,-130.259399,1

1.501465,0.399170,1.731445,-124.230347,296.536255,-99.314575,1

1.486328,0.475464,1.395264,-48.485718,323.574829,-88.816528,1

1.520508,0.228271,0.357300,-2.831421,308.560181,-72.214966,1

1.009399,-0.412109,-1.968140,70.593872,198.513794,7.130737,1

1.052368,-1.016113,-3.426880,-111.046753,-80.477905,-43.101196,1

0.967163,-0.341675,-2.415894,-101.952515,-169.467163,52.662964,1

1.553345,0.753784,-0.026611,-58.190308,-306.124878,118.153687,1

2.170288,1.255615,2.123413,73.645630,-477.511597,26.356812,1

1.631348,1.097900,3.102539,223.853149,-342.929077,143.910522,1

1.315796,1.114990,2.568237,137.427368,-295.077515,118.275757,1

0.408325,1.130859,1.857544,192.847290,-151.278687,200.307007,1

-0.315186,0.949585,1.614868,43.616333,-178.683472,170.277710,1

-1.200684,1.231567,0.886353,88.110962,-25.363159,167.653198,1

-0.390015,1.755981,1.352539,16.943970,0.698853,86.537476,1

-0.000488,2.936157,1.433350,110.877075,154.141235,75.184937,1

1.190796,3.997559,1.576416,79.443970,-39.096069,13.600464,0

0.126465,2.147217,0.681641,-86.998901,10.281372,-140.940552,0

-0.768921,1.637085,0.752441,-149.071655,53.677368,-183.726196,0

-0.483521,1.352417,1.374268,-175.866089,58.193970,-255.137329,1

0.764282,0.997192,1.926758,-172.692261,153.225708,-207.407837,1

1.309937,0.863037,1.924927,-120.507202,283.291626,-157.664185,1

1.622192,0.645996,1.889893,-120.202026,317.654419,-112.864380,1

1.726929,0.544922,1.534668,-71.007690,332.791138,-62.815552,1

1.418335,0.287354,0.209106,-2.892456,302.334595,-28.147583,1

0.837036,-0.296143,-2.208740,121.375122,218.228149,15.797729,1

0.967163,-1.076538,-3.847900,-135.949097,-93.844604,-82.835083,1

1.319458,-0.351196,-2.280151,-33.287964,-214.266968,50.282593,1

1.989014,0.440674,0.711426,-9.057007,-403.964233,55.531616,1

1.830811,1.259399,3.104980,180.335083,-330.844116,184.071655,1

1.147583,1.002197,2.583374,141.882935,-258.517456,176.442261,1

0.947021,0.789551,1.814209,119.177856,-188.265991,180.226440,1

0.093994,0.967773,1.019165,62.903442,-83.590698,176.930542,0

-0.065552,1.572388,1.457031,62.964478,-146.090698,244.496460,0

-0.744141,1.290283,0.823364,11.633911,-72.665405,127.919312,0

-0.118896,2.794067,1.163086,180.579224,101.528931,98.195190,0

0.302368,3.122437,1.096069,127.112427,158.169556,0.294800,0

0.307983,2.197388,0.614990,2.417603,89.443970,-14.841919,0

0.264160,0.996460,0.510010,-25.292358,30.850220,-87.778931,0

0.081055,0.472290,0.258057,-58.983765,-6.015015,-78.196411,0

-0.028320,0.375488,0.289185,-42.565308,-63.632202,-63.364868,0

0.341553,0.232910,0.397827,-95.665894,2.224731,-47.678833,0

0.404907,0.378296,0.493286,-3.746948,8.877563,-21.372681,0

0.686768,0.607910,0.436157,-27.367554,49.465942,-6.174927,0

0.609985,0.564575,0.462280,70.410767,-48.556519,-18.992310,0

0.659180,0.637695,0.581055,160.315552,-60.336304,-29.490356,0

0.250366,0.799561,0.313721,97.815552,20.596313,108.571167,0

0.832031,0.858643,0.391602,45.752563,-79.196167,285.756226,0

0.536255,2.141479,0.505371,75.537720,84.927368,227.040405,0

-0.103638,2.785034,-0.103149,-105.065308,27.554321,-37.241821,0

0.585693,1.651123,-0.626831,-92.247925,-97.018433,-356.150513,0

1.676270,0.734009,0.168457,-63.927612,-305.209351,-386.179810,0

2.493408,-0.322021,3.215210,337.134399,-51.852417,-324.961548,0

2.937988,1.353760,0.116943,-163.414917,719.570923,-3.916626,0

1.402588,2.000000,-2.444946,-364.342651,592.739868,293.019409,0

-0.642578,1.187622,-3.322632,283.484497,59.475708,-40.537720,0

1.132935,0.875244,-1.244507,-138.390503,-574.923706,-109.324341,0

2.694824,0.299927,0.182617,-176.720581,-695.956421,-175.791626,0

2.257080,0.558594,3.999512,739.600220,8.511353,-52.927856,0

3.379883,1.609497,-0.603882,-232.445679,819.851685,33.375854,0

1.208496,2.711914,-2.400391,-370.018921,530.850220,218.983765,0

-1.137939,2.221436,-2.731934,-35.729370,21.450806,-41.880493,0

1.652466,1.162354,-0.692017,-110.985718,-510.104370,-441.965942,0

2.114502,0.130737,-0.049683,-109.215698,-568.392944,-349.802856,0

2.262451,-0.832153,2.486328,522.315063,-257.235718,-195.689087,0

2.837036,1.731445,0.282471,28.479614,759.182739,238.576050,0

0.877930,3.649658,-1.019775,-319.237671,492.276001,328.969116,0

-1.100220,1.997192,-2.240356,-83.641968,172.451782,-114.329224,0

0.835571,1.331909,-0.968262,26.221313,-364.962769,-413.828735,0

2.526489,0.168823,-0.500244,25.000610,-563.021851,-356.394653,0

2.201782,1.625610,2.326050,796.484985,-128.512573,96.242065,0

0.290161,3.699341,-0.850098,-332.787476,435.696411,-94.614868,0

0.423584,1.885864,-0.207764,-230.675659,45.742798,-425.791626,0

1.468506,-0.104614,0.402344,107.398071,122.219849,-606.699829,0

0.956665,-0.881592,0.963623,159.277954,169.461060,-98.826294,0

1.765381,-0.588257,0.904175,-125.573120,304.776001,307.789917,0

2.658325,3.922607,-1.227295,-271.691284,318.386841,858.143921,0

-0.685547,2.952637,-1.688110,-189.415894,-48.312378,-16.367798,0

1.065308,1.490601,-0.821045,-195.092163,-396.701050,-293.528442,0

1.497070,0.686401,0.370605,-85.778198,-503.512573,-240.610962,0

1.999146,-0.004517,3.095459,281.653442,-248.141479,-222.361450,0

2.467041,1.300537,1.734985,15.540161,644.436646,149.220581,0

1.567749,3.096924,-0.755005,-380.211792,580.288696,254.262085,0

-0.486572,1.812012,-1.119995,-93.102417,406.460571,-133.067017,0

-0.395874,0.970947,-0.908691,-134.118042,-90.914917,-292.857056,0

0.548462,0.512695,0.072876,-39.818726,-246.554565,-404.368286,0

1.263916,-0.125000,0.840576,81.336060,-246.005249,-417.551880,0

0.994629,-0.327637,0.879395,100.806274,25.967407,24.159546,0

0.490479,0.560913,0.708740,50.086060,43.118286,230.275269,0

0.699707,0.679810,0.976196,82.800903,3.689575,334.828491,0

0.317017,1.155640,0.953369,38.916626,65.762329,329.518433,0

-0.409546,1.306519,0.687500,-84.374390,56.729126,76.466675,0

0.071411,0.807617,0.271118,80.237427,25.112915,-213.999634,0

0.600220,0.372803,0.288208,123.633423,-151.034546,-195.994263,0

0.991699,0.239624,1.312500,253.027954,-162.997437,128.163452,0

0.394043,1.801270,1.262329,-24.071655,105.374146,265.370483,0

-0.137695,1.725098,0.755737,-219.078979,101.651001,-63.486938,0

0.330566,0.578735,0.133423,-113.854370,8.572388,-282.359009,0

0.713989,-0.197754,0.680298,65.344849,-137.606812,-209.055786,0

1.014893,0.035522,1.355103,140.357056,-53.622437,19.581909,0

0.400879,1.218750,1.065796,-77.233276,167.996216,281.178589,0

-0.287842,1.205322,0.527710,-120.568237,64.968872,-66.477661,0

0.274780,0.524414,0.344360,-62.890015,-61.373901,-232.432251,0

0.721802,-0.231201,0.883545,34.216919,-84.872437,-147.166138,0

0.594238,0.387817,0.876343,4.981079,73.574829,139.760132,0

-0.081787,0.747925,0.658081,33.423462,76.077271,143.483276,0

0.112183,0.726074,0.840820,-169.701538,-8.578491,-16.795044,0

0.229736,0.227539,0.860107,-111.840210,-46.725464,-37.424927,0

0.219238,0.055908,0.930054,-114.281616,-38.363647,-16.550903,0

0.332153,0.119995,0.986328,6.751099,-33.114624,-31.748657,0

0.317505,0.139771,1.012085,26.404419,2.346802,-17.100220,0

0.470703,0.278564,1.139771,52.283325,34.817505,-23.569946,0

0.225342,0.121216,0.936401,-22.606812,108.853149,4.323120,0

0.120972,0.265625,1.025146,-36.034546,131.802368,-27.232056,0

-0.088135,0.036377,0.946533,-41.344604,107.815552,-28.452759,0

-0.060425,0.187012,0.981079,59.424438,-18.405151,22.755737,0

