0.164062,0.560669,0.880615,-69.542847,-12.484131,23.348999,0
0.120361,0.541138,0.763916,-7.409058,27.982178,31.283569,0
0.079224,0.735596,0.753418,-10.521851,7.962646,14.804077,0
0.073120,0.834106,0.816162,-20.958862,9.610596,-25.784302,0
-0.102173,0.609619,0.737549,-86.815796,-12.606201,-79.922485,0
0.305298,0.197754,0.862061,-13.329468,-25.789795,-105.801392,0
0.480347,-0.345825,0.973511,14.319458,-5.892334,15.170288,0
1.149902,-0.110229,0.949707,77.490845,39.456787,389.132690,0
0.457031,2.355469,0.846680,90.003052,173.245850,397.799683,0
-0.711304,2.563354,0.194702,93.970337,117.886963,-102.566528,0
0.388062,2.070557,0.598267,-143.578491,-132.540283,-463.040161,0
1.131226,-1.483765,1.226807,-166.588745,-73.641357,-444.363403,0
2.403320,-1.826172,1.594604,39.465942,129.788818,73.703003,0
0.896606,1.657349,1.482422,-44.396362,242.154541,517.062378,0
-1.045776,2.211426,-0.089355,60.645142,337.247314,-48.062134,0
-0.359375,0.471191,-0.479248,38.977661,75.345459,-306.057739,0
0.722900,-1.108398,0.760620,141.333618,-99.459229,-213.345337,0
0.872070,-0.821289,1.123535,68.701782,133.695068,286.715698,0
-0.622925,2.619263,-0.167236,9.070435,249.600830,254.306030,0
-0.859985,0.895020,-0.440918,-68.505249,-82.918701,-47.207642,0
-0.638794,0.398438,0.658936,46.118774,-81.575928,-35.977173,0
-0.660645,0.295532,0.635254,41.235962,-39.034424,32.199097,0
-0.408325,0.703247,1.119995,52.893677,6.436768,171.908569,0
-1.279907,3.093140,0.307983,64.429321,162.076416,9.555054,0
0.840820,1.448608,0.462280,208.228149,26.029053,-583.706665,0
1.950195,-3.999512,0.047363,64.856567,59.110107,-314.236450,0
3.995850,0.237427,0.459106,-104.577026,64.725342,1078.829956,0
-2.211792,3.997559,3.756470,-429.039917,-20.968018,-141.751099,0
0.727173,0.884277,-0.678955,199.683228,4.178467,-588.589478,0
2.905884,-3.999512,1.364624,80.969849,-192.537842,-266.629028,0
3.826050,1.547119,-0.249023,-25.231323,333.829346,971.102905,0
-0.670410,3.997559,1.791992,20.422974,-9.371338,-499.295044,0
1.707886,-0.257202,-0.229736,-73.021851,-67.537842,-563.748169,0
3.338867,-3.999512,0.532471,-13.573608,10.159912,-441.494751,0
3.811401,0.128418,-1.384888,-1.854858,262.967529,898.898315,0
-1.285278,3.997559,2.216675,-275.353394,-264.620361,369.601440,0
-0.663574,1.208496,0.552368,75.781860,-25.423584,-152.310181,0
-0.546265,0.379761,0.041626,-64.232788,-45.504150,-84.744263,0
-0.299561,0.916382,0.094849,297.827759,-29.940186,-63.870239,0
-0.224365,0.623047,0.318726,-44.152222,-103.609619,-8.511353,0
-0.103760,0.266113,-0.053711,16.760864,-143.465576,53.622437,0
0.112061,0.144287,0.226074,162.634888,-54.171143,4.244995,0
0.228394,0.743896,-0.136719,248.389282,-61.068115,254.061890,0
1.011108,0.889526,-0.071777,84.204712,-82.247314,311.007690,0
0.886963,1.436523,0.414185,-76.622925,-7.113037,309.481812,0
1.470459,3.236450,0.546997,-112.572632,44.156494,228.244019,0
2.406006,3.997559,0.375488,49.841919,25.723877,-327.969360,0
3.827881,3.057495,-0.638916,169.898071,-113.863525,-914.212036,0
3.996094,-1.005493,-0.109009,-183.556519,-159.273682,-897.244263,0
0.617432,-1.537598,0.109863,-10.521851,-84.139404,-111.233521,0
-0.560425,0.115356,0.090332,9.375610,33.780518,-73.880005,0
-0.910522,-0.331909,0.059692,9.131470,3.568115,-49.588013,0
-0.973755,-0.012939,0.306763,-11.986694,18.094482,-30.606079,0
-0.935669,-0.389160,-0.118286,20.667114,23.709717,-61.062622,0
-0.559814,-0.352173,0.064453,9.619751,-9.859619,-37.625122,0
0.530884,-1.743774,0.185181,37.573853,0.821533,12.606812,0
2.314209,-2.645630,0.720093,162.940063,102.567139,510.470581,0
3.996094,1.534668,-1.761108,125.647583,505.399170,961.398315,0
2.032104,3.997559,1.376099,31.104126,-121.614990,373.507690,0
0.813232,1.818115,0.258179,-40.734253,-32.137451,97.262573,0
0.285034,1.575562,-0.355469,-61.791382,54.227295,67.538452,0
0.568726,1.165405,-0.198730,8.826294,-3.023682,-26.699829,0
0.433960,0.677368,-0.253296,-2.343140,-0.582275,3.512573,0
0.482422,0.860596,-0.233032,13.464966,-7.784424,-0.576782,0
0.409546,0.769165,-0.320801,45.386353,-12.239990,-11.807251,0
0.434937,0.562256,-0.240967,17.920532,-4.183350,23.837280,0
0.632202,0.786377,-0.238281,-31.151733,0.150146,43.978882,0
0.398560,0.739258,-0.268677,28.479614,5.277100,40.744019,0
0.865723,1.085571,-0.331421,-68.322144,5.155029,199.984741,0
2.315674,3.997559,-0.302856,-179.161987,13.883057,122.714233,0
3.253540,3.481445,-0.300903,46.851196,33.902588,-551.724243,0
3.574829,1.372192,-0.826050,81.580200,-48.861084,-836.209106,0
2.475098,-2.042969,0.185425,-80.040894,-116.854248,-593.838501,0
0.407715,-0.744629,0.280518,63.880005,-46.541748,-191.677856,0
-0.332397,-0.640381,0.041626,50.635376,-53.682861,-120.327759,0
-0.744751,-0.145508,-0.095947,35.803833,-50.692139,-89.443970,0
-0.004272,-0.690430,0.362915,-40.368042,-83.162842,-95.242310,0
1.528320,-2.185303,0.792725,-20.165405,-53.927002,-0.820923,0
3.996094,-2.606323,0.808838,97.632446,310.025635,595.065308,0
3.996094,3.988037,-3.772705,-212.304077,510.831299,1161.715698,0
2.327271,3.580200,-1.303589,96.411743,-29.757080,190.646362,0
0.927734,2.130249,0.460815,-7.470093,-34.334717,80.355835,0
0.426880,2.065552,-0.968872,-63.927612,78.885498,67.416382,0
0.570435,1.276855,-0.493408,50.513306,-32.625732,-69.607544,0
0.528442,0.589233,-0.238281,-6.859741,1.004639,-12.722778,0
0.472290,0.729980,-0.439209,-6.737671,11.746826,-10.403442,0
0.427979,0.534302,-0.450439,-3.197632,-0.765381,-5.459595,0
0.498657,0.854614,-0.248169,-11.071167,-6.929932,29.696655,0
0.543823,1.608521,-0.421875,-30.846558,6.864014,37.997437,0
0.862915,2.786133,-0.595093,-30.236206,1.553955,-19.314575,0
1.299927,2.871948,-0.442261,-76.012573,26.944580,-209.805298,0
1.759888,3.161987,-0.968994,54.968872,-25.667725,-489.102173,0
2.838379,1.082275,-0.870117,82.861938,-195.345459,-747.036743,0
1.793213,-1.167358,-0.080322,-54.039917,-219.515381,-420.315552,0
0.374756,-0.732300,0.688721,-81.994019,-130.404053,-158.108521,0
-0.237549,-0.828735,0.294312,-0.084839,9.366455,-104.519653,0
-0.867920,-0.469849,-0.054443,15.296021,-21.517334,-40.615845,0
-0.771484,-0.399048,0.200928,-24.743042,-38.973389,-32.131958,0
-0.316528,-0.580811,0.100342,6.934204,-46.175537,-86.697388,0
1.573364,-1.955933,0.643433,41.663208,-66.256104,2.169800,0
3.995605,-2.078491,0.925171,95.618286,282.864990,575.473022,0
3.995605,1.540771,-2.100708,27.258911,648.648682,947.482300,0
1.301025,3.997559,-3.922729,-10.888062,238.980713,372.409058,0
0.370361,3.702148,-0.597046,15.906372,-62.655029,110.263062,0
0.078247,1.402466,-0.608765,-91.332397,35.428467,30.673218,0
0.373169,1.609619,-0.728638,-39.269409,-40.377197,-55.386353,0
0.438232,0.723022,-0.246582,-22.850952,-59.725342,-48.733521,0
0.414185,0.913818,-0.070923,-68.627319,-44.832764,-27.066040,0
0.313721,0.928101,-0.094360,-56.481323,22.183838,-53.799438,0
0.139038,0.812866,-0.167603,-85.411987,-10.469971,-35.366821,0
0.136841,1.057983,-0.101196,-68.139038,-30.184326,-19.436646,0
0.094971,1.038208,0.125366,-104.943237,-31.893311,-45.864868,0
0.046509,1.092773,0.281372,-87.609253,-34.212646,-59.109497,0
-0.137939,1.281860,0.231445,-121.911011,-8.272705,-64.053345,0
0.111450,0.529175,0.283081,-182.946167,-78.585205,-108.914185,0
0.018799,0.475220,0.315430,36.963501,15.775146,-46.292114,0
0.068481,0.520020,0.393799,84.937134,9.671631,-61.856079,0
0.029175,0.344116,0.277954,62.415161,24.991455,38.851929,0
0.077148,0.415894,0.091675,5.957642,15.775146,90.975952,0
0.243652,0.719849,-0.119629,81.946411,20.596924,123.202515,0
0.398804,0.765259,-0.016846,58.997192,-31.099854,93.356323,0
0.616333,0.789307,0.082031,78.955688,-1.070557,125.033569,0
0.792358,0.987305,0.026367,46.973267,-14.620361,139.010620,0
0.737183,1.310547,-0.099854,-30.175171,-33.052979,159.274292,0
0.250977,2.181885,-0.136597,3.088989,-102.449951,141.818237,0
0.045288,3.997559,0.664429,40.442505,-133.516846,53.256226,0
1.403076,3.431885,1.388184,-134.118042,-58.443604,-247.525024,0
2.131226,2.838013,0.312134,-78.942261,169.583740,-373.013306,0
2.790527,1.584717,-0.603638,-37.682495,152.677002,-463.223267,0
2.229126,-0.262085,-0.798218,-74.181519,123.502197,-464.382935,0
1.736816,-1.072388,-0.809692,38.367310,-213.045654,-265.835571,0
2.831665,-3.371704,3.969971,-220.360718,-265.718994,257.846069,0
3.386719,3.042358,0.886353,-208.153687,427.884521,701.510620,0
0.625244,3.997559,-2.263916,-84.618530,456.632080,272.616577,0
-0.577393,3.264038,-3.164429,-4.967651,21.329346,91.708374,0
0.071289,2.553223,-2.118896,-17.235718,-336.641846,-106.106567,0
1.202515,2.106079,-0.387329,97.815552,-471.590576,-225.796509,0
2.366699,2.425781,1.867188,267.188110,-438.692627,-315.274048,0
2.489746,1.131226,3.105957,217.566528,-66.195068,-321.072388,0
2.324219,-0.454712,3.187378,-249.108276,167.081299,-52.090454,0
3.638550,0.487183,-0.236084,-282.921753,633.084717,487.094116,0
-1.096436,3.997559,-3.098267,-373.864136,16.690674,270.785522,0
-0.922485,3.335083,-1.964722,118.140259,40.738525,-206.265259,0
-0.140747,1.759888,-1.566162,27.747192,-268.099365,-280.361938,0
3.272339,1.406250,2.726685,98.364868,-466.829834,-463.284302,0
3.995605,-1.436890,3.124634,-77.904663,30.789795,-340.481567,0
3.310791,-0.490112,1.073120,-142.235718,308.804932,447.848511,0
3.155640,3.695312,-0.978271,-102.623901,515.653076,698.214722,0
-0.504517,3.997559,-3.250610,-95.177612,129.727783,146.884155,0
-0.926270,3.598877,-3.048706,-40.245972,-168.673096,-191.555786,0
0.448608,1.376221,-0.475220,16.089478,-436.129150,-244.107056,0
1.161621,0.184326,1.348145,74.561157,-237.154541,-267.239380,0
3.801758,-1.606323,3.823242,414.588013,-133.333740,-227.017212,0
3.996094,1.463501,3.993774,-243.737183,500.028076,428.012085,0
3.995605,3.826904,-3.554688,-136.803589,624.600830,426.608276,0
-0.660645,3.997559,-3.997559,-28.954468,159.818115,-25.662231,0
1.594727,2.165161,-2.961792,-37.926636,-472.506104,-393.887329,0
2.764771,0.424561,2.574585,367.957153,-465.426025,-377.651978,0
2.199585,1.214355,3.999512,116.980591,-81.575928,-90.786743,0
0.646240,-0.137329,-0.244019,69.983521,352.811279,-70.217896,0
-0.673706,-0.306885,-1.346069,17.432251,51.663818,49.166870,0
0.005493,-0.416992,-0.815308,-25.231323,-108.126221,184.664917,0
0.437988,1.229980,0.590210,1.502075,-166.414795,184.664917,0
0.059082,0.892822,-0.273804,-50.133667,25.723877,240.328979,0
0.359985,1.432129,-0.177246,120.459595,-113.436279,200.961304,0
0.496582,0.731934,0.150391,63.452759,-68.331299,118.075562,0
0.790161,1.338867,-0.062500,78.345337,13.272705,270.358276,0
3.246948,3.997559,0.614136,-177.880249,59.232178,317.660522,0
3.995605,3.991211,-1.125977,222.327271,89.078369,-1012.112427,0
3.995605,-0.074341,-0.656982,-47.448120,-132.723389,-877.468872,0
2.082886,-1.748657,0.256226,-91.698608,-175.081787,-375.820923,0
0.479370,-0.608887,0.507935,-10.704956,-79.744873,-124.111938,0
-0.285278,-0.562012,0.559814,-10.338745,14.066162,-76.260376,0
-0.624634,-0.647461,-0.007812,-9.118042,25.113525,-76.138306,0
-0.373657,-0.534912,0.119873,7.117310,1.370850,-62.222290,0
0.203125,-0.645142,-0.103760,-50.499878,-7.357178,-61.367798,0
1.755249,-0.891968,0.135986,61.743774,-47.701416,100.009155,0
3.995605,-1.386841,0.894165,65.588989,356.412354,877.474976,0
3.995605,3.997559,-3.236816,-132.470093,368.497314,1112.826538,0
0.154297,3.156494,-3.173950,171.301880,171.353760,-5.703735,0
0.193970,1.646362,0.673950,-151.818237,-165.072021,-1.126099,0
-0.066284,1.011963,-0.389282,-79.857788,29.813232,25.241089,0
0.329346,1.083618,-0.816528,-65.941772,-67.598877,-41.470337,0
0.540894,0.661255,0.013184,17.798462,-101.900635,-95.669556,0
0.474976,0.673828,-0.001953,11.206665,-35.921631,-21.084595,0
0.288574,0.775024,-0.098389,6.506958,-11.690674,53.256226,0
0.121704,1.116943,-0.226196,63.757935,56.790771,90.670776,0
0.227905,0.912842,-0.225830,-39.940796,-32.076416,36.532593,0
0.454956,0.913818,-0.269043,-1.183472,-11.629639,122.897339,0
0.548950,2.143921,0.114868,-22.057495,-18.892822,235.202026,0
1.725098,3.776733,0.248779,-159.386597,36.588135,-45.315552,0
1.965332,3.454834,-0.375488,122.290649,100.736084,-460.781860,0
3.995605,3.120850,-1.145508,14.014282,-206.270752,-964.016724,0
3.995117,-3.999512,0.424194,-114.586792,-44.588623,-629.299927,0
0.385498,-0.322998,-0.007812,-188.073120,-185.823975,46.359253,0
-0.789307,-0.233276,0.008423,25.610962,79.251709,-23.464966,0
-1.146118,0.048340,-0.218140,-15.831909,19.132080,-37.075806,0
-0.797119,-0.300537,0.320679,-22.606812,8.267822,-19.558716,0
-0.398560,-0.012085,-0.445190,-25.963745,35.001221,-78.152466,0
0.837769,-0.936646,-0.162720,24.390259,-60.091553,-90.969849,0
3.706665,-3.993530,2.137939,252.966919,51.602783,528.048706,0
3.995605,3.997559,-3.293701,-301.781616,372.464600,1107.821655,0
0.961304,3.836060,-0.792603,61.804810,191.495361,42.391968,0
0.334473,2.630127,0.436890,45.813599,-39.217529,50.326538,0
0.096680,1.242310,-0.212402,-150.414429,29.508057,93.783569,0
0.392578,1.659302,-0.317017,-58.312378,34.146729,24.447632,0
0.526733,1.199463,-0.016357,19.141235,-18.465576,-135.220337,0
0.364014,0.755249,0.188354,-21.447144,27.554932,-83.462524,0
0.254272,1.143921,0.137817,-39.208374,47.940674,-81.570435,0
0.110962,0.953125,-0.274780,-90.844116,50.443115,-92.129517,0
0.074463,1.263428,0.264893,-211.266479,-40.865479,-81.753540,0
-0.081787,0.652100,0.317261,-119.103394,17.423096,-119.595337,0
-0.233398,0.818726,0.542603,-141.198120,-52.950439,2.230835,0
-0.089478,0.846313,0.766479,-26.268921,65.030518,-95.547485,0
-0.080078,0.675903,0.542725,-66.369019,157.315674,-96.890259,0
-0.569946,0.458740,0.507080,-232.384644,75.650635,-71.011353,0
-0.858765,0.518066,0.491455,-100.914917,18.216553,-39.212036,0
-0.648560,0.036255,0.547607,-94.567261,-54.903564,-21.206665,0
-0.437012,0.231689,0.772583,-85.839233,-62.716064,12.973022,0
-0.607056,0.026733,0.864746,16.577759,-67.537842,14.804077,0
-0.273315,0.400757,1.135376,-46.288452,-37.813721,76.937866,0
-0.473877,0.193848,1.362671,39.954224,164.578857,24.203491,0
-0.840820,0.391479,0.798584,86.035767,251.370850,13.339233,0
-0.862915,0.482178,0.438232,75.903931,220.975342,-35.977173,0
-0.898438,-0.058472,0.500977,-32.921753,113.858643,-45.925903,0
-0.998413,0.495239,-0.065063,-70.275269,93.839111,-15.164185,0
-0.915649,0.218994,-0.076538,-157.250366,-123.201904,-94.021606,0
-0.582520,-0.261230,0.732910,-122.887573,-133.699951,-58.926392,0
-0.808716,0.160645,0.879883,-67.101440,16.385498,3.268433,0
-0.861694,-0.016235,0.334595,-117.150269,-26.278076,-34.634399,0
-0.698486,-0.042603,0.336548,-57.640991,-19.136963,-44.461060,0
-0.510986,-0.336304,0.282471,-97.008667,-79.744873,-44.155884,0
-0.519165,-0.261475,0.272461,-20.043335,-105.013428,-7.412720,0
-0.333374,-0.242432,0.691284,29.456177,-118.380127,-32.864380,0
-0.361694,-0.664062,0.793579,26.343384,-149.324951,23.348999,0
-0.195801,-0.166382,1.151245,114.966431,-110.140381,53.439331,0
-0.369263,-0.254150,0.990112,46.851196,-14.498291,56.918335,0
-0.275635,0.095337,1.030151,11.755981,-46.114502,64.303589,0
-0.366577,0.004028,1.244629,-5.578003,53.128662,-6.619263,0
-0.573730,-0.166870,0.851807,-27.001343,84.195557,-39.456177,0
-0.501465,-0.160156,0.715820,-16.320190,-12.056885,13.644409,0
-0.512939,-0.218506,1.202637,-98.595581,55.997314,58.688354,0
-0.624268,-0.253296,0.557129,36.841431,82.547607,88.351440,0
-0.547363,0.115112,0.743896,218.848267,23.099365,24.935913,0
-0.814697,0.172119,0.735474,73.157349,71.195068,-81.570435,0
-0.597412,0.172485,0.803589,-29.564819,-86.092529,-13.577271,0
-0.470459,0.068237,0.966187,13.770142,-14.559326,-47.940063,0
-0.546021,-0.088379,0.492920,-21.813354,-15.352783,-7.656860,0
-0.535767,0.019653,0.432373,-40.490112,-102.449951,-94.204712,0
-0.263916,-0.289062,0.652710,12.488403,-139.376221,-157.009888,0
-0.065063,0.020752,0.593018,-25.658569,-171.236572,-53.067017,0
0.159180,-0.283569,0.964233,80.725708,-55.269775,-45.864868,0
-0.097168,0.347290,1.074951,129.492798,-37.752686,-7.229614,0
0.166504,0.008545,1.005005,55.151978,-82.369385,22.616577,0
0.185913,0.003784,0.978638,72.791138,-63.692627,14.682007,0
0.278687,0.320679,0.779419,177.161255,-78.157959,40.316772,0
0.432007,0.567749,1.306519,108.130493,-77.242432,61.618042,0
0.399170,0.636963,1.179199,177.771606,-9.554443,-15.347290,0
0.544678,1.090088,0.839966,56.189575,-93.416748,65.463257,0
0.054077,0.685791,0.770874,-74.852905,32.010498,-9.365845,0
0.481689,0.843506,1.131470,18.530884,-12.728271,-53.250122,0
0.350586,0.474243,0.754395,-20.104370,30.606689,-5.093384,0
0.444336,0.496460,0.740112,-3.380737,-0.093994,-0.088501,0
0.364258,0.644165,0.744507,27.564087,11.319580,22.677612,0
0.376221,0.611084,0.746216,-10.827026,-14.315186,9.860229,0
0.418945,0.583496,0.665039,1.318970,3.629150,0.765991,0
0.442749,0.588379,0.690063,9.375610,-5.404053,8.395386,0
0.399170,0.614258,0.688599,11.023560,-1.009521,3.329468,0
0.436279,0.563232,0.677246,8.826294,-11.568604,2.169800,0
0.374023,0.595459,0.608643,13.281860,-1.864014,6.442261,0
0.354980,0.434692,0.517822,18.652954,-3.939209,5.892944,0
0.240601,0.282959,0.336914,8.704224,-8.760986,4.977417,0
0.121338,0.245850,0.240234,-5.089722,2.957764,18.832397,0
0.300171,0.677368,0.527466,-10.765991,-4.915771,-0.576782,0
0.791504,2.323242,1.698730,6.567993,-57.283936,-42.630005,1
0.539429,3.039429,3.114136,-84.923706,-38.546143,-87.368774,1
-0.248169,2.197144,2.255615,-95.665894,47.452393,-137.356567,1
-0.410645,0.821167,1.779053,-167.199097,88.040771,-189.785767,1
0.938599,0.818359,1.534302,-76.195679,260.037842,-154.263306,1
1.102661,1.117432,1.558716,-44.823608,283.231201,-155.728149,1
1.675415,0.910156,1.742310,-82.421265,306.424561,-146.084595,1
1.620972,0.978027,1.542358,-79.857788,312.528076,-131.802368,1
1.618774,0.893066,1.217651,11.267700,355.740967,-98.660278,1
1.525879,0.361328,0.456299,32.507935,290.067139,-136.257935,1
1.397461,-1.143066,-1.996460,77.979126,199.490967,-63.687134,1
1.528320,-2.477905,-2.879395,-60.631714,-39.156494,-30.300903,1
2.200562,-2.186890,-3.495117,-215.477905,-232.882080,-26.150513,1
2.340332,1.205444,0.244141,14.929810,-392.733154,220.736694,1
2.237427,2.025513,2.491455,165.625610,-421.358643,235.690308,1
1.780273,1.538330,2.855591,15.723267,-412.142334,153.475952,1
1.746826,0.767578,2.139526,137.549438,-273.531494,195.407104,1
0.811646,1.142822,2.206665,81.824341,-290.010986,254.672241,1
-0.379395,1.312012,2.151123,47.217407,-179.720459,156.588745,1
-0.560303,0.756836,1.831787,-56.542358,-127.962646,39.950562,1
0.037231,1.042480,1.525635,59.607544,13.272705,66.134644,1
0.283081,2.674805,1.498901,209.754028,54.288330,154.391479,0
1.308472,3.302490,1.431152,49.719849,-14.986572,-67.288208,0
0.620605,2.438232,1.562744,-37.255249,53.189697,-170.620728,0
-0.053467,2.519897,2.021851,-1.976929,1.676025,-234.768677,0
-0.119019,1.654419,1.632446,-163.414917,174.893799,-321.987915,0
1.624268,1.313354,1.986328,-172.936401,297.086182,-296.109009,0
1.905273,1.282593,1.459717,-225.914917,407.132568,-239.346313,0
1.534424,0.841431,1.342773,-161.461792,253.812256,-138.516235,1
1.320557,0.581543,0.906982,-138.207397,185.147705,-102.627563,1
1.141235,0.565796,-0.264771,4.309692,215.299072,-17.544556,1
0.706421,-0.217773,-0.873657,73.767700,136.014404,-44.888306,1
0.501831,-1.459839,-2.228027,-85.534058,2.835693,-119.961548,1
0.416748,-1.700439,-2.743530,-93.834839,-108.431396,26.095581,1
1.340942,0.138550,-0.590942,-14.428101,-174.837646,168.551636,1
1.659668,0.782715,0.530640,-12.230835,-292.879639,212.191772,1
1.967896,1.747437,1.906128,81.702271,-352.938232,266.024780,1
1.481689,1.621582,2.489380,73.645630,-347.994385,240.206909,1
0.648682,1.660400,2.239380,15.112915,-334.749756,178.744507,1
0.085571,1.062622,1.858887,28.784790,-246.126709,124.423218,1
-0.710449,1.154907,1.599121,32.813110,-123.690186,79.989624,1
0.790039,1.869629,1.725708,171.240845,-5.220947,49.838257,0
0.047607,2.238770,1.521973,94.763794,11.868896,48.922729,0
0.690430,1.778687,1.133179,35.132446,107.388916,4.367065,0
-0.016357,0.962158,0.574341,14.258423,105.008545,-14.920044,0
0.103149,0.514771,0.443115,-60.082397,34.818115,-36.587524,0
0.310059,0.421387,0.286255,-66.307983,1.798096,-40.005493,0
0.786377,0.534058,0.737183,-88.097534,0.455322,-40.249634,0
0.459839,0.660034,0.711670,-17.723999,22.611084,10.714722,0
0.341919,0.547363,0.543579,-70.824585,16.751709,28.109741,0
0.302124,0.610107,0.618408,-15.099487,8.878174,-5.642700,0
0.210083,0.501343,0.707275,-60.936890,33.597412,1.681519,0
0.290161,0.602051,0.745972,-8.568726,-2.230225,19.381714,0
0.221436,0.537842,0.720215,-34.386597,15.225830,20.236206,0
0.199463,0.629639,0.814575,15.906372,6.131592,3.695679,0
0.210815,0.573364,0.808228,-0.328979,-8.760986,-1.614380,0
0.163330,0.541870,0.789673,24.573364,5.338135,-19.680786,0
0.214478,0.623657,0.821655,23.840942,-1.925049,-24.197388,0
0.315552,0.660400,0.901733,-1.366577,10.709229,-20.718384,0
0.223633,0.543457,0.716064,-9.850464,1.248779,-7.717896,0
0.146362,0.538330,0.654907,4.004517,-4.366455,3.634644,0
0.110474,0.546631,0.701050,17.310181,7.352295,12.179565,0
0.125366,0.621704,0.823853,4.736938,-11.995850,23.104858,0
0.282715,0.610229,0.948486,21.033325,2.469482,30.673218,0
0.214111,0.743652,0.873901,4.492798,13.333740,37.753296,0
0.237427,0.682861,0.792480,9.558716,4.422607,12.911987,0
0.258057,0.603882,0.687256,-13.756714,-14.925537,-9.121704,0
0.326782,0.550171,0.728394,2.356567,-14.010010,-0.942993,0
0.309692,0.527466,0.630493,-17.296753,-8.760986,-8.755493,0
0.306030,0.508057,0.663696,5.774536,-1.986084,-4.849243,0
0.409180,0.627686,0.696167,-3.197632,-5.404053,-13.943481,0
0.384888,0.565552,0.794312,8.399048,-6.746826,6.076050,0
0.308838,0.643921,0.759277,9.497681,-6.319580,0.643921,0
0.258667,0.570435,0.712646,2.234497,-9.432373,2.780151,0
0.221436,0.635620,0.720093,4.736938,8.145752,14.315796,0
0.305176,0.620605,0.799438,-0.817261,-7.723389,0.338745,0
0.290161,0.647461,0.784668,0.830688,1.126709,-0.759888,0
0.301025,0.630981,0.666504,-7.958374,3.934326,-8.206177,0
0.325562,0.633789,0.666138,-2.404175,-1.070557,-4.971313,0
0.354858,0.635132,0.699219,-4.113159,-5.037842,-4.483032,0
0.328125,0.633179,0.738403,1.013794,-4.732666,4.367065,0
0.312744,0.570679,0.714722,-7.348022,-5.892334,-2.285767,0
0.319824,0.547119,0.678955,4.004517,-7.235107,5.221558,0
0.253906,0.458618,0.569336,8.276978,-1.680908,2.047729,0
0.169189,0.358276,0.483521,8.887329,-0.521240,16.757202,0
0.038940,0.144043,0.273682,-22.973022,-10.408936,-1.248169,0
0.226074,0.803955,0.744873,-79.003296,-28.841553,7.846069,1
0.039062,2.414185,2.217407,-12.047729,-63.692627,-173.428345,1
0.018433,3.133545,3.315552,-36.828003,15.103760,-108.486938,1
-0.521240,1.670532,2.654053,-78.942261,56.424561,-213.772583,1
-0.305176,0.549683,2.086182,-88.952026,162.930908,-170.742798,1
1.258545,0.726807,1.933105,-53.795776,308.255615,-136.380005,1
1.508423,0.744873,1.646851,-21.874390,341.275635,-98.965454,1
1.584106,0.614136,1.497925,-33.837280,309.232178,-102.688599,1
1.294922,0.512207,1.097168,-3.563843,276.456299,-95.974731,1
1.124390,0.364868,0.826660,49.353638,248.380127,-93.838501,1
1.029541,-0.026855,0.057861,47.766724,203.031006,-83.584595,1
1.356812,-1.201172,-2.723633,8.338013,122.098389,-119.168091,1
1.016235,-1.553101,-3.823364,-82.116089,-91.402588,-56.973267,1
1.700073,-1.249390,-2.645142,-77.050171,-267.611084,28.231812,1
2.696045,0.641357,1.061523,35.681763,-363.375244,167.514038,1
2.456421,1.699951,3.398926,135.901489,-370.150146,301.974487,1
1.440063,1.745361,3.465454,8.826294,-340.548096,261.996460,1
0.548584,0.180908,2.244263,18.713989,-272.799072,158.297729,0
0.318237,1.341064,1.774658,119.116821,-309.053955,196.139526,0
-0.278809,1.240967,1.287476,113.623657,-125.643311,128.390503,0
-0.702759,1.305054,1.340698,38.733521,-45.809326,108.248901,0
1.019897,1.910767,1.457764,80.359497,11.136475,28.292847,0
0.838013,1.831421,0.996826,74.194946,140.653076,62.228394,0
0.904297,1.736572,1.285767,74.866333,45.987549,17.489624,0
0.630859,1.054565,0.951416,-38.720093,-5.831299,-21.817017,0
0.258057,0.437378,0.338257,-25.902710,34.451904,-21.206665,0
0.233521,0.185303,0.180420,-32.738647,-18.221436,-65.579224,0
0.283081,0.088379,0.336426,-45.739136,8.206787,-16.751099,0
0.206543,0.075195,0.144775,-64.965210,12.479248,-12.600708,0
0.477417,0.713379,0.526489,-125.817261,-32.076416,-5.642700,1
1.436279,2.347534,2.306396,-60.875854,-64.425049,-83.828735,1
0.245728,2.570068,2.650635,-42.870483,-39.217529,-55.935669,1
-1.069458,1.501465,2.463135,-98.595581,30.423584,-198.635864,1
-0.074341,0.680908,2.330811,-93.651733,217.435303,-177.883911,1
1.172729,0.812134,2.142700,-31.884155,330.838623,-131.985474,1
1.560181,0.836792,1.728271,-54.772339,341.641846,-150.662231,1
1.653442,0.787354,1.857056,-71.129761,317.899170,-132.168579,1
1.566040,0.792603,1.773560,-65.026245,302.396240,-133.999634,1
1.384399,0.642822,1.335571,-10.765991,318.082275,-105.130005,1
1.566162,-0.146118,-1.500122,-1.000366,272.427979,-95.669556,1
1.680298,-1.135376,-3.997559,-46.593628,67.960205,-84.805298,1
1.626709,-0.974609,-3.850342,-66.063843,-186.678467,14.193726,1
2.330688,0.787598,-0.078613,57.410278,-352.388916,146.456909,1
2.101807,1.083374,2.799316,149.512329,-409.395752,159.823608,1
1.381348,1.477417,2.845215,125.220337,-332.735596,239.474487,1
0.987915,0.713989,2.236694,-2.892456,-308.626709,164.462280,1
0.784424,0.353882,1.861938,-17.846069,-193.514404,156.710815,1
-0.288330,1.207275,1.697144,62.598267,-294.283447,289.096069,0
-0.583618,1.071899,1.151978,51.611938,-49.471436,159.274292,0
0.465088,1.961060,1.455811,48.316040,6.375732,96.530151,0
0.406982,1.972656,1.638550,93.359985,67.166748,110.263062,0
1.062134,1.730347,1.471802,19.629517,-5.037842,-45.559692,0
0.531006,0.799316,1.009399,25.305786,35.367432,29.086304,0
-0.091919,0.833618,0.450439,-23.949585,48.001709,19.625854,0
0.184448,0.226685,0.375977,-65.819702,0.394287,-84.317017,0
0.410522,0.167603,0.295532,-55.504761,6.864014,-43.423462,0
0.840820,0.543335,0.709717,25.427856,-1.009521,-37.442017,0
0.629028,0.296631,0.760498,9.985962,-10.531006,-11.563110,0
0.348145,0.503784,0.669678,4.553833,3.323975,33.236694,0
0.459839,0.648560,0.781372,21.643677,6.802979,18.222046,0
0.411011,0.483276,0.670288,-4.174194,-19.320068,14.071655,0
0.427246,0.560547,0.722168,-0.023804,-6.990967,21.578979,0
0.460327,0.422607,0.679321,-1.610718,-13.765869,24.325562,0
0.274780,0.439453,0.585205,13.281860,-1.986084,29.879761,0
0.153320,0.182251,0.432007,-29.808960,-15.718994,14.437866,0
0.053833,0.301270,0.272705,-57.763062,12.418213,17.428589,0
0.709106,1.200928,1.199219,18.225708,5.826416,-41.287231,0
1.183105,2.363525,2.649658,-76.256714,-66.561279,-87.796021,1
0.439941,2.041504,2.814575,-97.802124,-39.095459,-137.783813,1
-0.925537,1.687378,2.339355,-87.426147,88.712158,-163.723755,1
-0.193726,0.811523,2.095459,-118.859253,193.448486,-205.166626,1
1.288574,0.650146,1.981812,-17.479858,318.753662,-110.867310,1
1.670654,0.710571,1.844360,-57.091675,316.861572,-133.816528,1
1.756348,0.398193,1.676880,-70.214233,303.616943,-103.665161,1
1.704468,0.231812,1.622437,-9.667358,329.984131,-70.339966,1
1.467651,0.268433,1.354370,105.444946,344.632568,-51.419067,1
1.275635,-0.239868,-0.032227,79.627075,278.897705,-53.250122,1
2.044922,-1.797974,-3.997559,-81.017456,96.707764,-118.801880,1
1.563354,-1.479126,-3.997559,-162.316284,-136.751709,-16.812134,1
2.466797,0.174072,-1.532959,-91.454468,-380.953369,59.603882,1
3.004883,1.038330,3.244629,146.094360,-438.326416,192.965698,1
2.005981,1.250854,3.220337,71.387329,-398.836670,192.355347,1
1.870483,0.083252,3.123535,-14.855347,-307.100830,165.988159,0
1.292969,0.888428,2.321411,123.206177,-324.434814,257.785034,0
0.113403,1.714966,1.985474,40.015259,-137.850342,202.914429,0
-0.769531,2.224243,1.405640,4.981079,-74.434814,124.667358,0
0.707153,2.475464,2.120972,78.162231,-19.075928,29.879761,0
0.647583,2.083374,1.540894,46.362915,67.471924,40.072632,0
0.889404,1.281982,1.259644,33.789673,68.082275,-40.554810,0
0.299194,0.572388,0.673950,-77.172241,14.249268,-51.296997,0
0.234863,0.286743,0.477051,-75.463257,38.236084,-22.915649,0
0.266479,0.243408,0.252075,-51.903687,40.250244,-28.713989,0
0.409668,0.336060,0.380981,-16.259155,34.818115,-26.150513,0
0.587402,0.426636,0.608887,-6.249390,-10.714111,-42.507935,0
0.785278,0.410034,0.861694,20.728149,5.582275,-33.657837,0
0.295532,0.463745,0.719604,10.840454,-3.084717,28.964233,0
0.220581,0.564941,0.808350,15.234985,-6.136475,-12.295532,0
0.286255,0.491455,0.797485,-15.221558,-14.742432,-0.027466,0
0.239502,0.571167,0.852905,5.957642,1.187744,17.550659,0
0.313721,0.605591,0.822998,6.079712,6.131592,20.419312,0
0.305420,0.581055,0.714355,1.502075,7.169189,23.043823,0
0.387451,0.431519,0.625244,-12.352905,-6.441650,14.254761,0
0.328735,0.399048,0.526978,-5.578003,-7.723389,11.874390,0
0.225098,0.228271,0.430664,-11.376343,-11.812744,20.907593,0
0.153198,0.375977,0.480713,-30.114136,-13.277588,30.795288,0
0.779175,0.993042,1.148682,-26.879272,-58.870850,-6.253052,0
1.189331,1.934814,2.472534,-15.953979,-88.533936,-41.104126,1
-0.601318,2.198242,2.539917,-66.674194,-49.105225,-115.200806,1
-0.965332,1.538940,2.206543,-110.802612,49.283447,-191.189575,1
0.140503,0.997314,2.203613,-65.026245,215.726318,-218.045044,1
1.103271,0.916504,2.176147,-39.940796,313.077393,-151.882935,1
1.817993,0.716675,2.387573,-53.673706,337.918701,-165.615845,1
2.030518,0.516113,2.337891,-50.927124,381.497803,-107.754517,1
1.777588,0.564941,2.006836,28.052368,396.756592,-61.734009,1
1.759766,0.188721,0.854126,38.184204,353.909912,-75.466919,1
1.823975,-0.710083,-2.562378,23.535767,219.510498,-61.734009,1
1.939209,-1.505859,-3.997559,-75.646362,-49.410400,-77.786255,1
1.711914,-0.952515,-2.435181,-73.998413,-228.609619,46.298218,1
2.352783,0.390259,0.685913,-42.687378,-409.334717,94.271851,1
2.438477,1.117676,3.354004,74.561157,-457.735596,200.900269,1
1.838379,1.018799,3.157837,55.823364,-363.680420,210.726929,1
1.411011,0.780151,2.643799,51.367798,-300.081787,210.360718,1
0.501099,1.118896,2.236938,-3.441772,-269.197998,259.738159,1
-0.158936,1.208862,1.796387,74.194946,-59.725342,240.084839,0
-0.135010,2.535889,1.695435,131.751099,-110.323486,71.017456,0
0.573608,2.000000,1.293579,-59.105835,58.438721,12.057495,0
1.199463,1.770874,1.400024,43.311157,73.331299,-11.929321,0
0.329956,1.021362,0.924438,42.395630,76.810303,21.517944,0
0.030884,0.517456,0.431885,-43.358765,46.781006,-61.795044,0
0.140747,0.226196,0.369995,-58.251343,23.038330,-72.415161,0
0.512817,0.293701,0.382812,-34.691772,40.799561,-42.691040,0
0.657715,0.444092,0.690674,46.057739,4.788818,-26.028442,0
0.355347,0.371460,0.758545,52.405396,8.756104,-7.839966,0
0.395264,0.405273,0.635132,17.676392,-19.014893,-13.027954,0
0.462158,0.652832,0.533569,55.335083,13.883057,1.986694,0
0.345703,0.462769,0.599731,29.089966,-2.596436,-2.774048,0
0.348755,0.642456,0.626831,23.535767,-5.404053,52.645874,0
0.312866,0.831177,0.645386,69.373169,17.056885,59.176636,0
0.269897,0.900146,0.622192,73.950806,40.555420,55.270386,0
0.143799,1.260010,0.621094,32.568970,55.753174,60.031128,0
0.015137,1.209961,0.462158,-22.728882,37.259521,6.015015,0
0.152100,1.003296,0.596680,-21.141968,-18.343506,-30.850220,0
0.258789,0.723877,0.549316,-38.292847,-16.695557,-40.127563,0
0.309448,0.512207,0.698242,-75.646362,52.396240,28.353882,0
0.281372,0.651855,0.733765,50.513306,57.889404,40.194702,0
0.272705,0.516235,0.688843,-23.766479,57.462158,37.997437,0
0.322876,0.540039,0.736206,45.935669,52.762451,55.514526,0
0.278564,0.669434,0.665039,16.455688,83.157959,56.430054,0
0.271240,0.751587,0.594482,50.574341,45.987549,26.583862,0
0.314209,0.830688,0.618896,48.010864,33.536377,-6.130981,0
0.312256,0.873413,0.622314,31.714478,-9.249268,-36.404419,0
0.250977,0.794189,0.625610,-0.023804,-39.644775,-73.086548,0
0.201782,0.660156,0.506226,-5.700073,-37.630615,-56.912231,0
0.195923,0.679932,0.440063,2.478638,-5.098877,-9.365845,0
0.175781,0.882935,0.382446,54.297485,21.512451,10.226440,0
0.249023,0.817871,0.477783,53.198853,-15.718994,-40.737915,0
0.335205,0.878418,0.573364,27.625122,-50.753174,-19.070435,0
0.142578,0.782227,0.410278,-46.105347,-6.746826,3.634644,0
0.077637,0.828735,0.373901,-37.255249,-29.451904,9.066772,0
0.140625,0.689453,0.509277,-67.284546,-51.729736,-9.793091,0
0.196411,0.832031,0.690308,-28.283081,-39.156494,-14.126587,0
0.065552,0.760132,0.666138,-21.203003,-18.953857,25.241089,0
0.083130,0.800293,0.649902,-0.206909,14.676514,-8.877563,0
0.240845,0.763184,0.570923,-15.160522,21.573486,13.339233,0
0.194214,0.792969,0.575317,3.699341,16.507568,8.822632,0
0.234009,0.739502,0.630615,-10.704956,3.568115,15.902710,0
0.223877,0.766235,0.578857,-2.282104,35.123291,10.836792,0
0.303101,0.734497,0.570190,-19.494019,5.582275,-2.407837,0
0.288818,0.684204,0.583252,-6.310425,-15.841064,-16.567993,0
0.261108,0.663452,0.560181,-1.671753,-50.936279,-42.996216,0
0.187866,0.761108,0.607788,10.474243,-61.312256,-38.296509,0
0.270386,0.861450,0.695190,-26.085815,-53.804932,-30.239868,0
0.276245,0.793457,0.775635,-28.099976,-54.720459,-65.274048,0
0.269653,0.753296,0.816650,-58.983765,-68.697510,-78.457642,0
0.314209,0.625366,0.679077,-72.472534,-78.707275,-104.458618,0
0.338623,0.477783,0.642944,-76.744995,-103.487549,-97.622681,0
0.326416,0.437988,0.720581,-60.631714,-80.294189,-62.161255,0
0.319702,0.577148,0.714233,-29.076538,-29.268799,-48.611450,0
0.420288,0.742188,0.781616,-18.883667,-35.799561,-51.174927,0
0.290283,0.708374,0.842773,-8.263550,-40.621338,-48.794556,0
0.165161,0.549438,0.843384,-11.315308,-45.687256,-28.469849,0
0.065796,0.644775,0.855103,16.455688,-2.169189,-18.093872,0
0.072998,0.526123,0.872070,7.666626,-22.371826,-8.694458,0
-0.015015,0.586670,0.812744,10.046997,12.052002,0.888062,0
0.000366,0.491089,0.819336,8.765259,0.333252,4.855347,0
-0.014282,0.620850,0.840210,2.417603,19.620361,9.982300,0
0.156982,0.538574,0.791992,7.178345,0.333252,2.902222,0
0.203735,0.486816,0.788086,-3.136597,8.939209,13.705444,0
0.230835,0.547607,0.737793,8.765259,0.943604,23.410034,0
0.277466,0.603394,0.802368,14.868774,5.826416,27.865601,0
0.281982,0.565308,0.801147,5.530396,17.606201,36.166382,0
0.223511,0.559082,0.765869,19.873657,20.169678,28.659058,0
0.257446,0.581299,0.769653,2.112427,4.849854,18.832397,0
0.232056,0.557373,0.719604,9.558716,2.164307,16.818237,0
0.187988,0.527954,0.668701,7.239380,1.309814,12.118530,0
0.161133,0.332031,0.537231,-4.296265,5.338135,14.010620,0
0.155518,0.140991,0.331421,-53.734741,-26.278076,34.762573,0
-0.025024,0.804565,0.699829,-62.340698,-39.400635,4.489136,1
0.403076,2.109009,3.173462,-13.756714,-51.607666,-126.126099,1
-0.410645,2.214722,3.896484,-79.552612,48.184814,-66.189575,1
-0.839355,1.340698,2.729492,-79.552612,145.352783,-157.254028,1
0.166992,0.609253,2.332886,-121.727905,259.915771,-144.253540,1
1.375122,0.704590,1.987915,-66.491089,338.162842,-97.256470,1
1.509399,0.739502,1.984375,-66.857300,319.791260,-60.147095,1
1.647461,0.491211,1.874390,-40.856323,319.058838,-10.159302,1
1.433228,0.638794,1.730713,15.051880,345.853271,-48.184204,1
1.502563,0.226074,1.250366,34.766235,300.321045,-70.767212,1
1.403564,-0.435791,-1.137329,126.624146,272.244873,9.494019,1
2.156372,-1.408203,-3.995850,-105.065308,16.141357,-109.402466,1
2.101074,-1.767090,-3.934937,-187.462769,-187.716064,-83.584595,1
2.106812,-0.044556,-0.657349,-80.773315,-352.633057,85.665894,1
2.807251,0.463501,2.305542,7.361450,-468.294678,73.703003,1
2.062866,1.222900,3.764282,156.653442,-428.438721,181.246948,1
1.598877,0.793457,3.199951,26.709595,-348.116455,164.279175,1
0.059814,0.761841,1.934570,131.690063,-234.530029,191.683960,0
0.136108,1.311768,1.710938,37.451782,-257.479248,225.009155,0
-0.756592,1.680176,1.312378,47.888794,-90.792236,95.858765,0
0.048950,2.342896,1.735840,56.494751,-82.674561,-2.529907,0
0.126831,2.091187,1.252563,-19.127808,67.166748,-32.437134,0
0.552124,2.184082,1.280151,75.659790,63.870850,-40.432739,0
0.074585,1.073730,0.868408,12.122192,83.280029,-96.157837,0
0.102051,0.442383,0.544922,-89.013062,30.179443,-44.583130,0
-0.043457,0.317139,0.328125,-66.613159,29.447021,-72.415161,0
0.163452,0.490967,0.547852,-79.125366,59.232178,-34.817505,0
0.317749,0.507202,0.494141,-40.856323,51.907959,-105.130005,0
0.375488,0.792236,0.838379,63.635864,-20.357666,-67.532349,0
0.100098,0.626099,0.740845,12.183228,7.596436,-54.653931,0
0.068848,0.519043,0.538330,-6.859741,7.901611,-35.794067,0
0.037231,0.639526,0.545044,48.621216,3.629150,11.752319,0
0.099731,0.908325,0.606934,-12.108765,71.317139,-5.581665,0
-0.216309,0.595581,0.518311,32.813110,41.593018,39.950562,0
-0.267212,0.928711,0.696411,24.817505,42.569580,56.246948,0
-0.347778,0.861206,0.559448,4.553833,58.316650,52.462769,0
-0.376343,0.752197,0.667969,5.530396,-12.056885,46.603394,0
-0.412720,0.786133,0.737061,-39.940796,-18.038330,38.912964,0
-0.359863,0.755615,0.638062,-38.659058,2.408447,13.095093,0
-0.182007,0.763794,0.648438,-36.034546,9.854736,-5.337524,0
-0.076172,0.670654,0.632202,-16.808472,23.709717,24.569702,0
-0.056885,0.794312,0.700439,-24.743042,4.727783,19.747925,0
0.052856,0.541504,0.670654,-31.945190,-15.657959,40.621948,0
0.055420,0.675781,0.679688,-3.319702,11.502686,26.217651,0
0.105347,0.593384,0.689575,-10.277710,-18.404541,28.964233,0
0.063843,0.610840,0.590210,6.262817,-12.545166,24.935913,0
0.106445,0.503784,0.599121,11.206665,-22.127686,23.226929,0
-0.017700,0.206299,0.555420,-59.838257,-39.461670,62.655640,1
-0.092407,0.486328,0.319702,-47.936401,-52.767334,0.582886,1
-0.238281,1.833496,1.359009,25.549927,-46.419678,-51.907349,1
-0.507812,2.921143,2.784912,4.370728,-36.470947,-109.951782,1
-0.732666,2.542480,2.362305,-16.808472,11.136475,-188.320923,1
-0.835449,1.413574,1.861206,-50.866089,69.730225,-244.900513,1
-0.257080,0.841553,1.690308,-75.585327,171.292725,-222.073364,1
0.881714,0.849243,1.838745,-85.656128,257.840576,-167.385864,1
1.054565,0.737427,1.727905,-74.303589,261.624756,-98.599243,1
1.202271,0.526733,1.644897,-72.533569,268.643799,-60.513306,1
1.040649,0.403442,1.350830,-2.037964,278.836670,-51.785278,1
0.930054,0.398560,1.136719,28.296509,262.479248,-48.306274,1
1.268188,-0.259033,-0.087646,12.305298,214.383545,-76.382446,1
1.651733,-0.771851,-3.617554,-74.242554,107.144775,-96.035767,1
1.733521,-1.218384,-3.997559,-139.061890,-116.365967,-37.014771,1
1.874512,-0.083374,-1.102417,-71.312866,-307.528076,48.129272,1
2.054443,0.453613,1.563721,24.146118,-425.081787,79.501343,1
1.803833,0.852173,3.109131,126.502075,-380.220947,239.108276,1
1.172119,0.880249,2.739136,21.094360,-346.773682,181.552124,1
0.932861,0.817627,2.169067,25.794067,-306.917725,204.623413,1
0.520020,0.669800,2.097656,-5.333862,-237.398682,179.782104,1
-0.661133,1.225464,1.145996,71.448364,-97.994385,229.953003,0
0.588745,2.768433,1.979004,156.470337,-130.098877,77.243042,0
0.097290,2.407349,1.430420,11.939087,99.881592,49.411011,0
1.146484,2.495605,1.366333,65.344849,42.142334,-37.747192,0
0.216919,1.236938,1.188354,22.498169,51.602783,-26.394653,0
-0.124878,0.840820,0.856201,-38.475952,31.156006,-118.008423,0
0.085571,0.424805,0.658813,-106.041870,56.912842,-106.716919,0
0.295166,0.306030,0.588989,-55.504761,113.004150,-116.360474,0
0.502197,0.457153,0.606079,-26.085815,95.548096,-79.190063,0
0.461914,0.591675,0.802368,-39.635620,24.808350,-73.086548,0
0.149292,0.330322,0.638794,-69.359741,10.098877,-48.611450,0
0.120605,0.294434,0.606689,-40.490112,-7.052002,-52.334595,0
0.119507,0.318237,0.681519,-12.352905,-20.662842,-6.924438,0
-0.031494,0.474243,0.714355,-25.719604,8.939209,26.705933,0
-0.044189,0.412964,0.678223,14.929810,-32.930908,33.847046,0
-0.050293,0.652832,0.816528,68.518677,0.760498,36.715698,0
-0.101440,0.564209,0.747559,33.484497,-46.968994,27.133179,0
0.004761,0.701294,0.878174,39.343872,-52.706299,24.447632,0
-0.161621,0.735718,0.951904,66.382446,-20.357666,53.439331,0
-0.206055,0.697388,0.883667,31.714478,-15.413818,31.771851,0
-0.127075,0.777588,0.907593,21.765747,1.981201,38.851929,0
-0.123047,0.716064,0.732178,9.314575,16.751709,23.959351,0
0.026245,0.756226,0.852417,11.389771,19.376221,11.141968,0
0.018677,0.622192,0.754028,7.422485,16.202393,2.658081,0
0.078369,0.608276,0.790405,9.558716,18.826904,-1.553345,0
0.075562,0.643188,0.670166,4.126587,21.085205,-2.407837,0
0.094482,0.703369,0.651489,12.000122,3.934326,-12.905884,0
0.042114,0.682129,0.699341,17.981567,-11.812744,-17.788696,0
0.093750,0.738647,0.715576,40.381470,-27.803955,-35.610962,0
0.181763,0.939331,0.775635,63.208618,-35.067139,-31.399536,0
-0.014404,0.779663,0.645630,-2.648315,-10.469971,-18.643188,0
-0.122070,0.712036,0.518311,2.478638,15.653076,-30.178833,0
-0.108887,0.847412,0.505249,1.868286,19.559326,-33.657837,0
-0.085327,0.826050,0.523438,20.484009,-4.000244,-15.774536,0
-0.029663,0.919067,0.566162,25.733032,14.493408,-13.333130,0
-0.009521,0.885864,0.497559,6.384888,34.879150,-9.671021,0
-0.015137,0.823486,0.437744,14.807739,38.052979,-1.126099,0
-0.050781,0.803955,0.374023,18.408813,39.822998,11.996460,0
-0.078491,0.713501,0.437378,35.254517,34.512939,26.644897,0
-0.132935,0.890747,0.430786,25.427856,38.419189,35.311890,0
-0.126221,1.016479,0.478638,-56.054077,56.424561,6.625366,0
-0.156494,0.774414,0.527222,-15.709839,-25.057373,33.908081,0
-0.201172,0.787354,0.668091,-12.658081,-36.837158,-0.881958,0
-0.101562,0.952759,0.613647,-89.745483,28.775635,-1.736450,0
-0.114502,0.746216,0.530518,-25.536499,15.042725,1.132202,0
-0.121094,0.786011,0.574707,-33.410034,-1.864014,-8.206177,0
-0.064453,0.771484,0.555176,-19.127808,-7.113037,-16.018677,0
-0.067871,0.701660,0.578979,-21.203003,-35.067139,-14.370728,0
-0.025513,0.743896,0.641479,-8.751831,-49.715576,10.470581,0
-0.045532,0.746704,0.657715,-30.846558,-51.790771,-1.309204,0
-0.126831,0.774536,0.579468,-28.099976,-42.147217,-12.600708,0
-0.134888,0.749512,0.749390,4.187622,-58.748779,-32.254028,0
-0.349487,0.900635,1.140137,-60.875854,-49.471436,-49.649048,0
-0.851929,2.018555,1.136719,-234.520874,32.742920,-90.847778,0
0.955200,1.203613,0.325928,-81.200562,-9.798584,-556.057739,0
2.918335,-3.381104,1.094360,44.470825,-39.278564,-86.575317,0
1.875000,1.083984,1.402344,8.154907,139.005127,685.214233,0
-1.742188,3.968384,0.365112,-164.574585,404.752197,381.625366,0
-0.903564,1.994629,-0.687500,3.211060,11.685791,-361.721802,0
1.286011,0.958252,0.783813,182.654419,-166.903076,-628.567505,0
3.189819,-2.813721,1.829346,74.439087,-76.693115,-271.633911,0
2.493286,-0.442505,0.953857,-27.794800,176.846924,480.746460,0
1.173584,2.627319,1.238159,-79.430542,7.169189,785.128784,0
-1.850586,3.862427,-0.130493,-50.927124,227.139893,147.677612,0
-0.674438,2.591797,0.022827,-19.127808,-78.218994,-361.782837,0
1.252319,1.321045,0.751465,26.343384,-119.478760,-574.185181,0
3.060181,-2.149902,1.125244,165.869751,-88.839111,-496.182251,0
3.060669,-2.135864,1.130371,2.356567,92.252197,396.701050,0
2.416626,2.263794,0.882324,-22.789917,78.397217,859.591675,0
-1.859009,3.997559,0.061279,28.357544,217.252197,225.741577,0
-0.606079,2.886353,-0.173096,-19.738159,-51.851807,-392.117310,0
2.504517,0.840332,0.788940,13.709106,-218.050537,-689.419556,0
2.630005,-3.396240,1.755493,32.202759,142.728271,-74.917603,0
1.496582,-0.059692,0.267456,-22.667847,95.181885,535.983276,0
-0.989990,3.814819,1.827759,28.906860,100.797119,470.126343,0
-0.694824,2.583618,-0.225342,-37.560425,2.286377,-419.766235,0
1.401489,1.385620,0.442993,45.081177,-167.391357,-658.352661,0
3.246460,-3.999512,1.497925,12.000122,-93.355713,-365.567017,0
3.993286,0.801270,0.330200,77.734985,108.853760,905.612183,0
0.327637,3.997559,1.840210,170.081177,131.436768,714.450073,0
-1.081665,3.735352,-0.250610,-92.308960,-11.812744,-240.872192,0
1.652100,1.937256,0.696655,90.186157,-123.201904,-697.415161,0
2.223145,-0.963135,1.196411,1.257935,-179.293213,-592.251587,0
2.568726,-3.564941,0.355225,72.058716,244.779053,160.922241,0
2.296509,2.802246,1.545288,25.671997,66.983643,907.687378,0
-1.710938,3.997559,0.237183,-13.268433,247.891846,282.931519,0
-0.408813,2.244385,-0.149658,31.775513,-37.203369,-396.755981,0
1.849854,0.060547,0.755005,-22.789917,-264.986572,-586.819458,0
2.047607,-2.869873,1.312988,-147.606812,-59.542236,-0.820923,0
1.666626,1.465454,1.540283,86.218872,90.360107,700.839233,0
-1.426514,3.673950,0.272705,-70.031128,300.260010,218.417358,0
-0.205566,1.690186,-0.286621,-67.467651,-95.369873,-392.910767,0
1.305298,-1.363770,1.885742,31.104126,-114.901123,-464.932251,0
0.749756,-0.552002,0.730347,60.462036,173.489990,225.253296,0
-0.661255,1.341919,1.336670,108.435669,223.050537,212.619019,0
-1.295410,1.391357,-0.285034,91.528931,162.259521,-142.239380,0
-0.438477,0.631470,-0.134521,101.538696,-241.549072,-239.102173,0
0.204102,0.211060,0.853027,208.655396,-275.545654,-195.523071,0
0.304443,-0.486328,1.207886,87.439575,-66.500244,-94.265747,0
-0.223755,0.734497,1.136597,27.564087,86.209717,165.011597,0
-0.877808,1.045288,0.409912,-81.200562,88.101807,55.331421,0
-0.757080,0.557739,0.414307,-27.123413,-14.742432,-54.959106,0
-0.364746,0.055420,1.060425,2.905884,19.315186,-70.401001,0
-0.281006,-0.140137,1.165039,-82.848511,51.358643,0.643921,0
-0.166016,-0.135132,0.859375,-108.422241,17.911377,125.704956,0
-0.451172,0.203247,0.969360,-40.490112,-40.926514,88.534546,0
-0.221191,0.335083,0.954224,-24.559937,-83.651123,60.031128,0
-0.040527,-0.115723,0.720703,-102.379761,-99.886475,-3.872681,0
0.142212,-0.087158,0.928955,1.380005,-147.921143,13.888550,0
-0.137695,0.374146,0.921875,132.544556,-66.866455,26.400757,0
0.365967,0.052612,1.162598,51.062622,-77.913818,-37.625122,0
-0.032715,0.414673,1.085571,-13.207397,29.691162,53.317261,0
-0.544067,0.391357,0.983032,-84.008179,5.155029,64.791870,0
-0.252808,0.028076,1.422974,-110.680542,24.136963,49.655151,0
-0.336670,0.349609,1.057129,-74.486694,69.791260,125.460815,0
-0.330444,0.222168,0.905640,-8.995972,48.245850,61.923218,0
-0.094116,0.101685,0.960571,-22.606812,16.385498,71.994019,0
-0.237671,0.286743,1.051392,162.146606,69.669189,11.019897,0
0.403931,0.713623,1.078003,39.954224,38.297119,-123.257446,0
-0.027832,0.464355,0.847290,1.380005,100.125732,-64.419556,0
-0.351074,-0.031250,0.619629,-5.883179,78.580322,-120.449829,0
-0.323975,-0.162598,1.128418,-85.778198,25.540771,-58.071899,0
-0.295410,-0.246338,0.705811,-112.938843,40.555420,-37.869263,0
-0.315796,-0.214600,0.922363,3.760376,-62.777100,-38.723755,0
-0.279419,-0.006226,0.859619,53.748169,-22.738037,-63.259888,0
-0.224365,-0.010010,0.809814,84.631958,-65.523682,-53.005981,0
-0.132324,0.397949,1.010864,231.116333,-114.168701,-73.269653,0
0.183838,0.524414,0.890381,127.600708,-80.477295,35.800171,0
-0.013916,0.280029,0.905029,8.460083,-40.255127,78.890991,0
-0.288940,0.277954,0.666504,46.240845,-84.993896,51.608276,0
0.212158,0.418335,1.005249,68.945923,-103.121338,-18.887329,0
0.047607,0.502441,0.980103,132.727661,62.589111,14.254761,0
0.050781,0.610352,0.968018,185.034790,142.362061,52.951050,0
-0.072388,0.783813,0.727417,164.954224,179.105225,63.571167,0
-0.202148,0.922241,0.706177,49.780884,55.570068,90.548706,0
-0.328125,0.950073,0.628174,38.916626,-7.906494,11.325073,0
-0.151245,0.738403,0.754883,-2.221069,-73.580322,-25.601196,0
-0.084595,0.688477,0.757202,-31.823120,-39.949951,-17.910767,0
-0.089600,0.805664,0.671875,-11.559448,-13.765869,-0.515747,0
-0.076172,0.778076,0.618042,-10.949097,-10.714111,-16.262817,0
0.056519,0.742188,0.567627,-24.254761,-25.179443,-8.511353,0
0.034668,0.732666,0.561646,-9.911499,4.178467,8.639526,0
0.065430,0.776855,0.551636,-2.221069,-6.014404,1.071167,0
0.074951,0.560913,0.504761,-25.170288,-13.765869,10.897827,0
0.084595,0.412354,0.445679,-11.193237,-18.221436,12.973022,0
0.000732,0.163696,0.278320,-38.536987,-21.822510,15.109253,0
-0.326050,0.853149,0.587524,-1.305542,-9.676514,-7.473755,1
-0.753296,2.283569,1.553589,-15.526733,-61.312256,-84.988403,1
-1.124023,3.065186,2.359619,4.004517,-8.699951,-108.303833,1
-1.195679,1.922485,2.083496,2.356567,11.990967,-152.432251,1
-1.115723,0.834595,1.731934,-56.847534,39.639893,-211.270142,1
0.130371,1.011230,1.670410,-122.094116,127.896729,-231.350708,1
0.648193,1.087891,1.503906,-136.010132,193.631592,-176.724243,1
0.915649,1.068970,1.583862,-129.357300,191.617432,-126.675415,1
1.037842,0.876343,1.359009,-133.568726,243.436279,-108.609009,1
1.021240,1.014282,1.477661,-107.201538,228.055420,-51.968384,1
1.173950,0.749878,0.995728,-55.565796,287.564697,-75.650024,1
1.125366,0.197388,-0.331299,4.675903,270.230713,-52.639771,1
2.013672,-1.556396,-3.576050,-58.068237,91.031494,-87.673950,1
2.333496,-2.053223,-3.662231,-89.440308,-110.018311,-52.761841,1
2.400024,-0.323853,-1.577026,-26.757202,-285.738525,142.367554,1
2.837524,1.839966,2.335938,160.681763,-427.034912,281.954956,0
1.855713,1.943237,3.348999,11.694946,-472.811279,295.687866,1
1.496338,1.799927,3.455078,155.371704,-222.689209,370.944214,0
0.978149,1.934814,2.097778,124.915161,-282.076416,363.070679,0
0.355347,2.067871,1.411865,135.535278,-149.263916,268.161011,0
-0.982666,2.286133,0.845947,32.507935,65.518799,176.913452,0
-0.820312,2.466675,0.683472,-23.278198,-29.146729,77.487183,0
0.795410,3.027954,0.875610,178.198853,247.281494,-1.675415,0
0.661255,1.689087,0.067261,53.626099,45.560303,-8.450317,0
0.937500,1.408813,0.892944,-63.012085,-100.557861,-136.929321,0
0.530762,0.318726,0.335449,-81.505737,13.760986,-78.518677,0
0.243408,0.572144,0.291382,-11.742554,73.453369,-31.216431,0
0.212646,0.400269,0.313110,-8.141479,-20.113525,-80.471802,0
0.342285,0.445312,0.410767,-32.677612,-6.990967,-62.161255,0
0.263916,0.685791,0.530518,-1.854858,20.963135,-53.616333,0
0.175171,0.697266,0.627075,-31.151733,0.821533,-31.948853,0
0.196533,0.777710,0.639648,-36.339722,-18.770752,7.785034,0
0.104614,0.749146,0.572266,5.774536,19.559326,3.573608,0
0.093018,0.677490,0.490234,-20.348511,-3.572998,-6.619263,0
0.111572,0.806641,0.592041,-18.883667,-13.399658,16.635132,0
0.073242,0.867554,0.614624,3.150024,5.826416,15.292358,0
0.000000,0.926758,0.698853,11.511841,14.188232,14.559937,0
-0.077393,0.697388,0.615967,-6.188354,9.732666,21.762085,0
-0.041992,0.809814,0.656738,-0.267944,22.427979,18.832397,0
-0.012085,0.751587,0.732910,-9.850464,-0.887451,13.461304,0
-0.037842,0.751465,0.727783,-8.995972,3.629150,-1.309204,0
0.027466,0.686279,0.721069,-15.587769,-11.202393,-2.774048,0
0.049927,0.688965,0.642212,-5.578003,15.958252,-0.820923,0
0.040894,0.779419,0.590454,6.323853,-5.037842,2.902222,0
0.066284,0.745361,0.687866,15.723267,-8.516846,-14.614868,0
0.053955,0.734375,0.647461,12.061157,6.986084,-9.976196,0
0.032593,0.666138,0.601440,28.418579,7.779541,-13.699341,0
-0.022827,0.758423,0.617065,-6.371460,16.141357,3.268433,0
-0.045410,0.796387,0.574341,9.924927,13.455811,-11.380005,0
-0.065552,0.809692,0.593384,2.234497,1.309814,-19.558716,0
0.009521,0.784668,0.636597,1.074829,-13.582764,-2.163696,0
-0.014893,0.691040,0.571533,-20.104370,-15.169678,-16.262817,0
-0.006470,0.703613,0.566772,2.722778,-5.404053,-0.637817,0
0.002075,0.723755,0.599365,-16.564331,-12.972412,2.352905,0
0.000488,0.796387,0.629395,10.474243,-4.793701,8.822632,0
-0.028442,0.809692,0.608643,-0.390015,-4.000244,11.813354,0
-0.071899,0.819946,0.639282,11.145630,-3.145752,15.109253,0
-0.061646,0.750488,0.626953,-13.817749,-7.174072,5.221558,0
0.047363,0.745239,0.639771,-0.206909,-5.892334,11.874390,0
0.081909,0.710449,0.599854,-4.357300,-4.854736,11.203003,0
0.065918,0.498169,0.490723,4.859009,-3.634033,13.156128,0
-0.052979,0.190186,0.296997,-34.813843,-9.798584,16.268921,0
-0.099976,0.336426,0.230713,-48.546753,-4.793701,7.846069,0
-0.086792,1.555786,0.760498,-49.218140,-57.528076,-34.756470,1
-0.339355,2.872437,2.067627,-10.765991,-80.050049,-102.200317,1
-0.668213,2.816406,2.199585,-19.494019,-38.424072,-114.590454,1
-1.223267,1.757935,1.543701,-34.508667,-14.254150,-217.312622,1
-0.647949,0.635742,1.416992,-87.792358,66.068115,-249.356079,1
0.539429,0.903198,1.695312,-87.426147,197.904053,-201.504517,1
0.693237,0.932495,1.748779,-86.327515,229.642334,-173.001099,1
1.103638,0.788208,1.811768,-108.971558,241.727295,-149.868774,1
1.133301,0.759277,1.672974,-103.966675,259.610596,-118.618774,1
1.135498,0.823120,1.600220,-64.782104,302.396240,-65.701294,1
1.294678,0.424683,0.581177,-37.987671,260.709229,-52.517700,1
1.829224,-0.798218,-3.104370,25.610962,235.806885,-28.347778,1
2.089478,-1.747314,-3.689697,-144.371948,-72.725830,-99.209595,1
2.090454,-0.795044,-2.437866,-57.579956,-266.146240,59.237671,1
2.191406,0.733643,0.988647,-31.701050,-474.947510,111.727905,1
2.499146,1.428589,3.045532,180.884399,-466.097412,192.416382,1
1.532715,1.524170,3.729614,160.315552,-396.212158,216.220093,1
1.404419,1.263916,2.400757,90.796509,-351.717529,212.802124,1
0.477905,1.136108,2.611572,84.631958,-230.379639,238.009644,1
-0.824707,1.390869,1.608276,127.417603,-81.392822,212.619019,0
-1.161987,1.089111,1.188354,87.805786,-40.438232,117.404175,0
1.174072,3.879883,1.476562,295.447388,154.630127,129.122925,0
0.656860,2.006714,0.237793,55.823364,255.826416,2.597046,0
0.735229,1.657471,0.713745,-12.841187,2.408447,-75.650024,0
0.192993,0.644531,0.650879,-24.743042,-26.522217,-55.325317,0
0.165771,0.413208,0.396606,-37.316284,38.968506,-41.958618,0
0.154663,0.308472,0.342529,-64.110718,8.939209,-63.320923,0
0.298096,0.327393,0.464722,-41.710815,-10.164795,-77.053833,0
0.473389,0.494873,0.549561,-12.841187,15.408936,-57.278442,0
0.383789,0.754150,0.784058,-1.183472,12.235107,-23.342896,0
0.555298,0.854736,0.828247,-3.441772,3.568115,3.085327,0
0.060547,0.634277,0.602539,14.929810,37.015381,56.674194,0
0.124878,0.552246,0.523804,44.776001,42.691650,54.171753,0
0.236328,0.773926,0.553955,47.827759,74.857178,68.392944,0
0.094360,1.039551,0.493652,38.977661,48.428955,86.215210,0
-0.005249,0.967163,0.535889,-2.526245,-29.879150,22.433472,0
-0.019897,0.956909,0.608521,-7.225952,-5.648193,23.287964,0
-0.037476,0.931396,0.593872,-20.958862,-22.249756,8.212280,0
0.046631,0.786377,0.549805,-24.498901,-23.958740,-13.333130,0
0.129395,0.635254,0.523193,-16.747437,-7.235107,-15.408325,0
-0.027466,0.418335,0.274170,-48.912964,-25.972900,-25.296021,0
-0.175903,0.639160,0.102783,-95.055542,-70.955811,-58.010864,0
-0.039429,2.436890,1.218994,-54.711304,-107.271729,-127.041626,1
0.177612,3.067383,2.448608,-41.222534,-36.715088,-167.080688,1
-0.721558,2.124512,1.974243,-97.557983,-31.160889,-220.730591,1
-0.795532,0.933350,1.878662,-101.403198,54.471436,-265.408325,1
0.650391,0.648438,2.059570,-113.610229,212.857666,-231.716919,1
1.063477,0.700317,1.966431,-96.642456,292.142334,-129.177856,1
1.453613,0.648804,1.936768,-115.624390,301.053467,-94.082642,1
1.378906,0.631104,1.768677,-73.143921,329.373779,-57.522583,1
1.339233,0.559326,1.446411,-40.856323,328.824463,-48.428345,1
1.354858,0.181641,0.207275,29.395142,329.556885,-28.469849,1
1.881348,-0.576904,-2.931396,-22.850952,167.264404,-34.146118,1
2.198853,-1.527954,-3.997559,-134.606323,-80.843506,-74.978638,1
1.623901,-0.342651,-1.979858,-80.590210,-273.653564,33.969116,1
1.852539,0.301514,0.713623,-62.706909,-494.234619,20.907593,1
2.133179,0.854248,3.291138,291.846313,-379.671631,252.047729,1
1.098633,1.378052,2.721680,81.946411,-358.309326,222.445679,1
0.972778,1.149658,2.114746,83.594360,-283.846436,219.577026,1
0.457031,0.870972,1.922363,11.206665,-288.302002,135.348511,1
-0.131958,1.022827,1.414917,51.672974,-150.545654,225.436401,1
0.278076,1.846924,1.993774,34.461060,-137.850342,115.390015,1
-0.353149,2.382935,1.922852,87.866821,99.515381,171.603394,0
0.471191,2.298462,1.359131,73.828735,-32.747803,27.072144,0
0.834106,1.583984,1.302490,104.712524,113.614502,-32.803345,0
0.041016,0.823242,0.764160,-53.551636,50.931396,-48.611450,0
0.067871,0.434326,0.371704,-88.890991,76.505127,-79.983521,0
0.270264,0.154053,0.281372,-44.579468,76.444092,-80.960083,0
0.466431,0.267700,0.511108,16.211548,68.204346,-52.334595,0
0.687500,0.516846,0.605713,35.803833,40.311279,-33.779907,0
0.479370,0.414307,0.651611,53.381958,32.987061,40.194702,0
0.287109,0.561768,0.537109,51.856079,51.663818,53.378296,0
0.232666,0.675171,0.490845,58.569946,6.619873,27.438354,0
0.272827,0.756104,0.513550,60.401001,11.624756,34.213257,0
0.236816,0.952515,0.489258,70.960083,25.052490,50.875854,0
0.047363,1.066040,0.360352,57.410278,41.470947,48.190308,0
-0.057129,1.171387,0.278687,40.991821,19.742432,2.047729,0
-0.011108,1.112915,0.315063,-0.084839,-17.916260,-8.145142,0
-0.104004,1.014038,0.389648,4.797974,-70.894775,-13.333130,0
-0.144775,1.001709,0.402832,7.056274,-33.541260,-41.836548,0
-0.076294,0.937744,0.463257,10.230103,-22.615967,-37.258911,0
0.151001,0.926025,0.387329,19.934692,-21.578369,-22.671509,0
0.034668,0.899414,0.350220,-11.986694,-41.048584,12.667847,0
0.041138,0.901001,0.250732,-23.583374,-48.128662,8.090210,0
-0.020020,1.057495,0.412598,4.431763,-67.110596,11.386108,0
-0.025757,0.977173,0.357544,-100.914917,-43.367920,7.235718,0
-0.254150,1.186523,0.366943,-131.737671,-19.564209,-34.024048,0
-0.248657,0.987915,0.350098,-318.444214,-43.673096,-77.053833,0
0.357910,0.331055,0.658691,-174.523315,-141.939697,-235.012817,0
1.246094,-0.431885,1.078003,-109.459839,-87.496338,-36.160278,0
1.276733,-0.018188,1.271362,-7.348022,112.027588,334.994507,0
-0.551270,2.574219,1.183228,14.929810,268.033447,356.661987,0
-0.812866,2.636475,0.208740,-141.747437,72.598877,-168.179321,0
0.977661,0.623413,0.363281,-88.463745,-63.265381,-497.830200,0
2.932007,-1.995728,0.905762,124.915161,-65.767822,-277.371216,0
2.032349,-1.070923,0.612549,46.301880,86.942139,343.661499,0
-0.042236,2.573730,1.454102,-7.103882,51.663818,517.062378,0
-1.258789,3.997314,0.354614,-11.864624,133.695068,-33.963013,0
1.183716,1.713989,0.202881,-15.160522,-78.463135,-625.454712,0
2.568604,-2.766724,1.311768,74.194946,15.775146,-365.444946,0
1.895752,-1.570679,0.876343,148.413696,63.443604,265.597534,0
1.629639,0.988525,1.407959,27.808228,122.342529,540.988159,0
-1.483765,3.997559,-0.254761,125.159302,213.712158,226.229858,0
0.282349,2.361328,-0.433594,-29.076538,-211.824951,-467.007446,0
2.325317,-1.524292,1.941162,-204.491577,-270.174561,-514.981079,0
2.061768,-3.110474,0.776001,-36.217651,50.870361,94.210815,0
1.182251,1.440552,1.592651,59.424438,99.637451,504.916382,0
-1.511230,3.756348,0.263306,-81.688843,178.616943,297.518921,0
-0.641235,2.815186,-0.274780,71.204224,-70.528564,-346.218872,0
2.369629,-1.501099,0.920288,-26.879272,-271.700439,-531.216431,0
1.798828,-2.579102,0.868896,159.888306,46.475830,63.388062,0
1.320312,1.189331,1.710205,107.092896,62.650146,430.636597,0
-1.581543,3.558350,0.347046,6.323853,117.337646,188.571167,0
-0.668823,2.815918,-0.255493,-1.976929,-37.325439,-304.226685,0
1.712158,-1.650146,1.242310,-160.363159,-225.496826,-462.857056,0
1.625122,-1.893555,1.303467,178.565063,143.521729,159.091187,0
0.215698,1.523682,1.164917,45.447388,160.855713,371.127319,0
-1.532837,2.910400,-0.483032,69.983521,214.566650,32.931519,0
0.519897,1.379028,-0.637573,-35.546265,-287.386475,-383.084106,0
2.058350,-3.836670,2.376221,-11.864624,-270.845947,-343.228149,0
1.880615,0.164795,1.545898,120.032349,175.137939,384.555054,0
-1.198975,3.423828,0.467407,-56.908569,185.697021,340.548706,0
-2.154663,3.997559,-1.098145,42.273560,43.424072,-190.518188,0
1.010620,0.248901,2.423096,-24.743042,-228.365479,-480.496216,0
1.235962,-1.156250,1.080078,104.529419,157.071533,-324.124146,0
2.073853,-1.713623,0.980957,221.350708,314.664307,-71.743774,0
3.441895,-1.222900,-2.038940,27.136841,558.377686,371.554565,0
2.745361,2.572632,-0.126587,-180.687866,-69.063721,686.862183,0
1.485840,3.751099,1.260254,27.075806,-124.239502,528.414917,0
0.020264,3.194580,1.466064,-120.873413,-100.313721,169.589233,0
-0.280518,3.081909,-0.241455,-177.697144,47.757568,-64.114380,0
-0.072388,2.776123,-0.148315,-137.413940,-5.159912,-243.313599,0
0.291992,2.637085,-0.523071,-10.582886,-55.513916,-323.635864,0
1.349609,1.690552,0.741943,-67.284546,-230.562744,-347.073364,0
1.133423,0.346680,1.866699,-49.706421,-72.969971,-230.252075,0
1.397461,-0.065918,0.841553,34.400024,176.663818,-250.027466,0
3.932983,-2.375244,0.567017,100.379028,21.024170,-410.733032,0
3.423706,-0.760498,0.458496,-41.649780,135.220947,467.013550,0
3.060425,2.649048,1.229004,-171.349487,-16.573486,770.236206,0
-0.195068,3.997559,0.346313,-160.241089,182.523193,318.087769,0
-0.631104,3.923462,0.053345,-16.137085,106.168213,102.084351,0
-0.174072,3.554932,0.330811,27.869263,93.533936,-171.841431,0
0.602295,1.909790,0.998291,185.828247,-30.123291,-332.363892,0
1.112427,1.505737,1.196777,198.645630,6.253662,-402.737427,0
3.995117,-1.279053,1.479004,348.120728,-10.592041,-625.759888,0
3.317383,-1.954590,2.498779,43.555298,203.763428,143.038940,0
2.825195,0.724731,0.513672,-154.686890,313.565674,640.963745,0
0.325806,3.997559,0.902222,-254.967651,126.126709,546.542358,0
-0.575317,3.997559,0.166626,-80.895386,171.353760,-71.743774,0
0.173828,2.339478,0.070557,-34.691772,148.892822,-241.543579,0
1.126709,1.011475,-0.058105,136.878052,130.948486,-421.536255,0
3.163574,1.195312,0.669312,228.125610,-17.855225,-580.105591,0
3.373657,-3.999512,1.830933,128.943481,300.931396,-311.306763,0
3.995605,2.112183,0.016968,-337.426147,196.500244,1019.442749,0
-0.565063,3.997559,0.802490,-491.845093,-138.216553,515.597534,0
0.093750,3.329590,0.278564,103.491821,-82.186279,-25.906372,0
-0.228027,2.871338,0.183960,-185.448608,-83.590088,-133.877563,0
0.410645,2.398682,0.316650,-150.475464,-108.492432,-297.573853,0
0.840820,1.604614,0.334961,4.675903,-25.850830,-383.999634,0
1.259277,0.518555,0.002319,138.709106,-30.306396,-422.024536,0
2.387817,0.735840,0.898804,263.648071,-31.282959,-439.968872,0
3.164551,-3.999512,2.322388,144.324341,148.953857,-181.179810,0
3.995117,2.952393,0.148560,-254.296265,218.533936,1110.751343,0
-0.461792,3.997559,2.647217,-407.067261,-144.320068,288.119507,0
-0.040405,1.925537,0.732300,184.607544,42.996826,-86.636353,0
0.130371,1.579590,0.547852,-27.977905,10.953369,-67.044067,0
0.442261,0.967896,0.355103,-87.487183,56.790771,-59.231567,0
0.367554,1.110352,0.075684,48.132935,101.224365,-88.040161,0
0.620850,0.669800,0.229614,19.446411,-20.968018,-144.741821,0
0.644409,0.222046,0.422852,-66.124878,-74.923096,-67.715454,0
0.433838,0.581665,0.583496,-86.510620,-69.002686,49.655151,0
0.389648,0.621094,0.733887,-70.519409,-23.836670,52.951050,0
0.284912,0.773193,0.660522,24.878540,48.917236,43.795776,0
0.259277,0.817871,0.565674,-30.968628,2.957764,21.640015,0
0.253784,0.616577,0.758057,-56.847534,-22.310791,16.329956,0
0.216797,0.656006,0.729370,-14.550171,13.699951,19.381714,0
0.199951,0.704102,0.703369,-2.709351,12.540283,14.987183,0
0.255737,0.676758,0.816040,2.051392,1.798096,-1.248169,0
0.265137,0.626099,0.844604,-11.986694,20.291748,23.776245,0
0.237915,0.685425,0.717163,4.248657,45.926514,31.710815,0
0.217285,0.745483,0.660156,14.685669,43.912354,12.057495,0
0.229248,0.647827,0.661987,8.276978,23.099365,6.137085,0
0.192383,0.668213,0.702026,-5.822144,6.802979,19.320679,0
0.195679,0.608887,0.724121,3.699341,7.291260,5.648804,0
0.213501,0.630371,0.763794,2.661743,6.802979,0.888062,0
0.219971,0.615723,0.757202,-5.272827,5.399170,-5.459595,0
0.260986,0.597900,0.817749,1.441040,5.887451,-9.426880,0
0.231812,0.580933,0.858643,-9.606323,13.883057,1.559448,0
0.192017,0.588745,0.749146,-6.615601,22.977295,4.489136,0
0.156494,0.578735,0.734131,-1.244507,12.357178,6.808472,0
0.172974,0.637451,0.752686,-12.963257,11.685791,8.212280,0
0.171753,0.612671,0.716064,-2.709351,15.347900,-2.957153,0
0.192871,0.559326,0.753052,-14.611206,-12.301025,-10.464478,0
0.217773,0.546631,0.751343,-10.277710,-22.432861,-0.210571,0
0.223511,0.548096,0.791504,0.830688,-14.315186,0.643921,0
0.221802,0.595215,0.752930,7.361450,0.577393,2.169800,0
0.190308,0.590576,0.734497,13.342896,1.553955,0.033569,0
0.197510,0.638672,0.800049,14.929810,-8.089600,0.521851,0
0.192871,0.663208,0.851318,5.347290,-7.662354,0.399780,0
0.215820,0.645142,0.815552,2.173462,0.333252,3.756714,0
0.208130,0.626221,0.745483,7.056274,9.915771,7.479858,0
0.210938,0.633911,0.678101,8.032837,5.887451,4.489136,0
0.199219,0.650513,0.659302,11.755981,-3.756104,5.770874,0
0.260254,0.680786,0.669678,13.770142,-11.751709,-6.680298,0
0.304688,0.637573,0.687866,24.878540,-8.760986,-15.591431,0
0.290161,0.690796,0.683716,16.211548,6.253662,-6.314087,0
0.181030,0.647339,0.698608,19.019165,20.230713,-16.567993,0
0.123779,0.708008,0.734009,-3.991089,-6.380615,-10.769653,0
0.198975,0.639038,0.751099,-25.170288,-5.465088,-17.361450,0
0.153564,0.589600,0.758057,-21.935425,6.680908,-15.835571,0
0.140625,0.583008,0.793457,-2.098999,7.901611,-1.492310,0
0.113281,0.626953,0.762817,-20.470581,25.174561,5.648804,0
0.055542,0.659302,0.720581,-1.366577,18.826904,11.386108,0
0.128662,0.664673,0.716187,6.262817,16.751709,17.062378,0
0.110840,0.712036,0.799805,3.577271,19.925537,14.193726,0
